{"type":"FeatureCollection","features":[{"type":"Feature","properties":{"code_canton":"16","nom":"Pontoise","method":"Union de contours BV reconstitués, non opposables"},"geometry":{"type":"Polygon","coordinates":[[[1.982258,49.067837],[1.980286,49.068621],[1.979023,49.069107],[1.978729,49.069234],[1.977471,49.067882],[1.976648,49.068081],[1.975891,49.067102],[1.975262,49.066232],[1.975138,49.066021],[1.972744,49.066707],[1.971933,49.066924],[1.971855,49.066823],[1.971392,49.06637],[1.97127429967791,49.06627005863501],[1.970408488295917,49.06553488332029],[1.970146,49.065312],[1.969748,49.066144],[1.969321,49.065728],[1.969971,49.065459],[1.970076,49.065241],[1.969311,49.065546],[1.969115527784153,49.065628052872],[1.96856946304975,49.06585727306865],[1.968451,49.065907],[1.967935,49.066182],[1.967642,49.066306],[1.967350234608671,49.06600881817195],[1.966834,49.065483],[1.966427021162219,49.06550916292529],[1.966274,49.065519],[1.965925,49.065615],[1.966271,49.066112],[1.965520745934374,49.066351045296514],[1.965418235448845,49.066383707098076],[1.965246778819908,49.066438336459754],[1.964798000454741,49.066581325831336],[1.964504,49.066675],[1.964476681755827,49.06668456138546],[1.964305191793043,49.06674458287243],[1.963797832972019,49.06692215845979],[1.963684,49.066962],[1.963387589751601,49.067078387074936],[1.963112788308812,49.06718628933637],[1.962748969571607,49.06732914471623],[1.962622,49.067379],[1.9622,49.067513],[1.96259249890314,49.06799834122118],[1.962778350721869,49.06822815472623],[1.962942602432522,49.0684312587991],[1.963146207955857,49.06868302549843],[1.963349908472174,49.068934909660534],[1.963426,49.069029],[1.963429606152737,49.069033715106315],[1.963690849216692,49.069375294875584],[1.963865,49.069603],[1.963924248222691,49.06969331976619],[1.964172,49.070071],[1.964344391961022,49.07031394900836],[1.96452472119218,49.070568083874214],[1.964646,49.070739],[1.96496,49.071097],[1.965139,49.071267],[1.964679,49.071345],[1.963915,49.071436],[1.963653330578512,49.07144383314611],[1.962679,49.071473],[1.961494,49.071483],[1.960691,49.071509],[1.960435503842134,49.07152941053472],[1.95999,49.071565],[1.95998723587082,49.0715653992975],[1.959097,49.071694],[1.959442554143502,49.071976386419024],[1.959541558151431,49.072057292371944],[1.961039,49.073281],[1.955443,49.075639],[1.956393074021524,49.07636569076378],[1.956468,49.076423],[1.952999,49.078322],[1.953902,49.079081],[1.953347,49.079685],[1.953089,49.080054],[1.952493,49.080789],[1.952286,49.081113],[1.952042,49.081389],[1.955055,49.083004],[1.95339,49.084309],[1.953267,49.084516],[1.951196,49.085766],[1.950697,49.08616],[1.948752,49.087623],[1.948167,49.087057],[1.94711,49.087729],[1.946952,49.087819],[1.946576,49.08794],[1.946506,49.088208],[1.946531,49.088263],[1.946422,49.088498],[1.946319,49.08884],[1.946232,49.088995],[1.946086,49.089037],[1.945765,49.089202],[1.944252,49.090034],[1.943178,49.090616],[1.941709,49.091402],[1.941577,49.091485],[1.941422,49.091298],[1.936022,49.091781],[1.935191,49.092254],[1.925737,49.094482],[1.921846,49.09478],[1.923976,49.101279],[1.925178,49.101815],[1.925487,49.102105],[1.926047,49.102757],[1.925845,49.102821],[1.924382,49.103463],[1.924182,49.103563],[1.922758,49.104138],[1.920874,49.10496],[1.92008,49.105293],[1.919756,49.105451],[1.918782,49.105845],[1.917227,49.106528],[1.915512,49.107242],[1.914816,49.107549],[1.914123,49.107883],[1.913853,49.107984],[1.913217,49.108221],[1.911578,49.108868],[1.909248,49.109902],[1.908879,49.110044],[1.907372,49.110684],[1.905875,49.111314],[1.905411,49.111506],[1.904897,49.111697],[1.90444,49.111828],[1.903166,49.112388],[1.902488,49.112647],[1.901596,49.113054],[1.90046,49.113529],[1.899262,49.114088],[1.898182,49.11458],[1.897501,49.114825],[1.896388,49.115244],[1.893413,49.116443],[1.892991,49.116633],[1.891479,49.115377],[1.890482,49.114538],[1.889829,49.114885],[1.889342,49.115093],[1.887918,49.115833],[1.887243,49.116212],[1.887084,49.116282],[1.886808,49.116047],[1.88135,49.118685],[1.882429,49.119491],[1.883199,49.1201],[1.883553,49.120643],[1.88258,49.121062],[1.880995,49.121685],[1.879837,49.122261],[1.8793,49.122582],[1.878931,49.12273],[1.878065,49.12291],[1.877414,49.123137],[1.876338,49.123592],[1.875636,49.123867],[1.874501,49.124405],[1.873806,49.124722],[1.872659,49.125185],[1.875061,49.126938],[1.875636,49.126953],[1.876662,49.127096],[1.877508,49.12715],[1.876525,49.127552],[1.87478,49.128313],[1.873493,49.128859],[1.870776,49.129997],[1.868645,49.13115],[1.868489,49.131039],[1.865974,49.132418],[1.866546,49.13282],[1.868121,49.13381],[1.869131,49.135283],[1.868186,49.136158],[1.867936,49.136411],[1.86766,49.13713],[1.867525,49.137524],[1.867361,49.137847],[1.867033,49.138282],[1.865722,49.139695],[1.862502,49.139932],[1.858549,49.140093],[1.855205,49.14021],[1.855859,49.141114],[1.856286,49.14164],[1.856765,49.1423],[1.85752,49.143295],[1.847879,49.144323],[1.847399,49.142857],[1.847269,49.142411],[1.84714,49.14175],[1.840843,49.14349],[1.841781,49.144919],[1.837261,49.146216],[1.838214,49.1476],[1.836366,49.14813],[1.836513,49.148268],[1.836654,49.148463],[1.836849,49.14893],[1.837168,49.149786],[1.838342,49.152556],[1.838452,49.152826],[1.834566,49.152898],[1.833879,49.152906],[1.83555,49.15696],[1.837225,49.156947],[1.834624,49.16058],[1.835118,49.160666],[1.834956,49.161232],[1.834561,49.161368],[1.834394,49.16134],[1.833395,49.161286],[1.832797,49.162384],[1.833277,49.162376],[1.833279,49.162925],[1.833114,49.163078],[1.833446,49.163517],[1.833525,49.16369],[1.833591,49.164173],[1.833785,49.164415],[1.834305,49.165173],[1.836422,49.164497],[1.837504,49.165592],[1.838281,49.166414],[1.838432,49.166532],[1.838725,49.166844],[1.838817,49.166807],[1.840101,49.16767],[1.840792,49.168104],[1.842194,49.169009],[1.842305,49.169091],[1.844683,49.170659],[1.845189,49.169964],[1.845705,49.170036],[1.846378,49.170175],[1.848072,49.170463],[1.848893,49.170593],[1.850351,49.170806],[1.850425,49.170839],[1.851032,49.17053],[1.852926,49.171192],[1.8551,49.171944],[1.855179,49.172267],[1.85532,49.17235],[1.85619,49.173126],[1.8568,49.173361],[1.857879,49.172233],[1.856543,49.171998],[1.857195,49.171211],[1.857777,49.17048],[1.858215,49.169962],[1.859117,49.170096],[1.859068,49.170237],[1.859983,49.170405],[1.861717,49.170747],[1.863132,49.171054],[1.864127,49.171285],[1.865219,49.171517],[1.866283,49.171762],[1.867306,49.172046],[1.86782,49.17183],[1.868835,49.172212],[1.869831,49.172596],[1.871639,49.173282],[1.872704,49.17368],[1.873456,49.174083],[1.875801,49.174938],[1.876137,49.175053],[1.876426,49.17292],[1.876703,49.171416],[1.877733,49.170404],[1.878149,49.169985],[1.879596,49.168496],[1.880855,49.167295],[1.8823,49.167953],[1.883529,49.166143],[1.883665,49.166092],[1.88295,49.163184],[1.882953,49.162576],[1.883126,49.162582],[1.883876,49.162662],[1.887438,49.16302],[1.886869,49.16416],[1.88834,49.164498],[1.88831,49.164711],[1.889749,49.165023],[1.890123,49.164114],[1.891554,49.164557],[1.892644,49.164772],[1.894043,49.164944],[1.895108,49.165031],[1.894705,49.166094],[1.896708,49.166507],[1.906013,49.16845],[1.906929,49.168644],[1.906972,49.168608],[1.912343,49.170105],[1.914976,49.170931],[1.915062,49.170891],[1.916253,49.171202],[1.916576,49.171278],[1.918699,49.171666],[1.918987,49.171727],[1.920665,49.172214],[1.921459,49.172378],[1.923828,49.172442],[1.924366,49.1736],[1.924812,49.173538],[1.924966,49.173469],[1.925664,49.173476],[1.925833,49.17339],[1.92639,49.17331],[1.926446,49.173418],[1.927147,49.173566],[1.92831,49.173771],[1.929957,49.17407],[1.931169,49.174257],[1.931916,49.174206],[1.93185,49.174541],[1.931727,49.174789],[1.931454,49.175031],[1.93215,49.175002],[1.932508,49.175011],[1.932688,49.174677],[1.932886,49.174522],[1.933006,49.174383],[1.93331,49.173663],[1.93372,49.173615],[1.933996,49.173465],[1.934369,49.173536],[1.934404,49.17329],[1.934297,49.173116],[1.934303,49.173021],[1.934415,49.172853],[1.934615,49.172694],[1.934747,49.172508],[1.934629,49.172413],[1.93469,49.17221],[1.934922,49.172075],[1.934967,49.171948],[1.934951,49.171775],[1.934757,49.171726],[1.934714,49.171625],[1.934816,49.171203],[1.934697,49.17094],[1.934735,49.170674],[1.934646,49.170544],[1.934781,49.170385],[1.934834,49.170252],[1.934849,49.169956],[1.93519,49.169808],[1.935401,49.169589],[1.93551,49.169648],[1.935582,49.169964],[1.935923,49.169901],[1.936185,49.169913],[1.937012,49.170125],[1.937684,49.170313],[1.938864,49.17061],[1.93941,49.170677],[1.940359,49.170648],[1.940367,49.17068],[1.941222,49.170575],[1.941951,49.170339],[1.942178,49.170168],[1.942325,49.170003],[1.942669,49.170212],[1.943352,49.170666],[1.944075,49.17116],[1.944412,49.171276],[1.944784,49.171337],[1.945083,49.171328],[1.945349,49.171523],[1.946393,49.171247],[1.948058,49.17077],[1.949213,49.170553],[1.949742,49.170478],[1.95246,49.171412],[1.952547,49.171475],[1.953104,49.171606],[1.956071,49.172274],[1.957393,49.172651],[1.957455,49.172683],[1.96002,49.17349],[1.960353,49.173711],[1.960973,49.173978],[1.961961,49.174325],[1.962213,49.174474],[1.962364,49.174601],[1.963691,49.175716],[1.964275,49.176356],[1.964734,49.176926],[1.964986,49.177167],[1.965404,49.17746],[1.96618,49.177877],[1.968166,49.179124],[1.969515,49.180014],[1.970199,49.180411],[1.971041,49.180949],[1.971665,49.181378],[1.971985,49.18176],[1.972374,49.182263],[1.972684,49.182627],[1.973067,49.182928],[1.973308,49.18305],[1.97358,49.183861],[1.974452,49.183587],[1.975131,49.183663],[1.975437,49.183589],[1.976435,49.183298],[1.977051,49.183019],[1.977583,49.182846],[1.977587,49.182728],[1.978616,49.182565],[1.978941,49.18249],[1.979317,49.182285],[1.979889,49.182061],[1.98131,49.18165],[1.982307,49.181591],[1.982538,49.181343],[1.982766,49.180942],[1.983076,49.18032],[1.983195,49.180141],[1.983487,49.179932],[1.983932,49.179768],[1.984238,49.179709],[1.985096,49.179637],[1.98573,49.179557],[1.986588,49.179358],[1.986995,49.179302],[1.987939,49.179018],[1.988898,49.178461],[1.988641,49.177864],[1.989139,49.177571],[1.989316,49.177398],[1.989574,49.177233],[1.989978,49.177008],[1.990863,49.17661],[1.991554,49.176507],[1.992087,49.176404],[1.992178,49.176204],[1.993683,49.176942],[1.995367,49.176997],[1.996204,49.17681],[1.997156,49.176084],[1.998259,49.175992],[1.999346,49.175868],[1.9993,49.175692],[1.999122,49.175406],[1.99968,49.175652],[2.0,49.175759],[2.001138,49.175778],[2.001541,49.175794],[2.00268,49.176019],[2.002953,49.176161],[2.004743,49.177192],[2.006259,49.178344],[2.00675,49.178607],[2.010773,49.181322],[2.014977,49.184238],[2.017586,49.185986],[2.021066,49.188357],[2.021778,49.188808],[2.025655,49.188827],[2.026443,49.188592],[2.028418,49.187956],[2.030952,49.188424],[2.031353,49.188504],[2.032165,49.188706],[2.03264,49.188887],[2.033009,49.188617],[2.033566,49.188102],[2.034205,49.188618],[2.034436,49.18891],[2.034554,49.18918],[2.034573,49.189405],[2.03463,49.189606],[2.035004,49.190007],[2.035259,49.190204],[2.035671,49.190478],[2.035422,49.190598],[2.035953,49.191107],[2.036236,49.190987],[2.036697,49.19133],[2.037548,49.19185],[2.037998,49.19217],[2.038239,49.192382],[2.038633,49.192531],[2.038528,49.192644],[2.038801,49.192892],[2.039056,49.193091],[2.039441,49.193442],[2.03966,49.193162],[2.041159,49.193716],[2.04281,49.194385],[2.042461,49.194794],[2.042475,49.194851],[2.042998,49.194761],[2.043495,49.194842],[2.044802,49.195607],[2.04493,49.195669],[2.046227,49.196424],[2.04691,49.195936],[2.047,49.195903],[2.047116,49.196673],[2.047265,49.197969],[2.047324,49.19869],[2.04906,49.198735],[2.050119,49.198771],[2.053351,49.198861],[2.055789,49.198937],[2.05604,49.199035],[2.058864,49.200042],[2.062743,49.201414],[2.063326,49.201615],[2.066842,49.202861],[2.067208,49.202961],[2.06994,49.203578],[2.070891,49.203813],[2.072282,49.204138],[2.072507,49.204184],[2.072138,49.20434],[2.072633,49.206183],[2.073543,49.20743],[2.074806,49.208844],[2.077104,49.208743],[2.077263,49.209907],[2.080737,49.210715],[2.080694,49.209797],[2.080544,49.20907],[2.080475,49.208846],[2.080384,49.208696],[2.07924,49.206574],[2.078967,49.205918],[2.080332,49.205822],[2.080686,49.206944],[2.08267,49.206853],[2.082362,49.205658],[2.083431,49.205563],[2.084705,49.205865],[2.087101,49.207728],[2.087918,49.209132],[2.090932,49.208642],[2.09036,49.20606],[2.091372,49.204993],[2.091006,49.203575],[2.090455,49.201687],[2.092184,49.201198],[2.091267,49.199885],[2.090332,49.198229],[2.092526,49.197474],[2.091852,49.196657],[2.092717,49.196251],[2.092653,49.19532],[2.090935,49.195606],[2.088898,49.19615],[2.088999,49.194706],[2.089048,49.193784],[2.090814,49.193815],[2.092276,49.194178],[2.092477,49.193629],[2.092467,49.193407],[2.093624,49.192791],[2.095825,49.191642],[2.095318,49.19011],[2.09575,49.190073],[2.096771,49.189786],[2.097719,49.189173],[2.101992,49.190436],[2.10206,49.190444],[2.102465,49.189894],[2.103022,49.18908],[2.103617,49.188913],[2.105488,49.18958],[2.106706,49.190053],[2.107645,49.190229],[2.108349,49.190452],[2.108573,49.190543],[2.108884,49.190713],[2.109116,49.190925],[2.109511,49.190762],[2.109495,49.190589],[2.109556,49.190557],[2.109413,49.1901],[2.10937,49.190071],[2.109949,49.189623],[2.10996,49.189383],[2.109836,49.189176],[2.109527,49.188878],[2.1097,49.188792],[2.110059,49.188193],[2.110524,49.187467],[2.110625,49.187426],[2.111044,49.186981],[2.111738,49.18726],[2.112228,49.187391],[2.112817,49.187502],[2.112991,49.187198],[2.113337,49.186544],[2.113912,49.186674],[2.114221,49.186689],[2.11632,49.186957],[2.116355,49.186906],[2.117628,49.187241],[2.117827,49.187318],[2.117938,49.187214],[2.118513,49.187437],[2.118557,49.187399],[2.121764,49.188733],[2.122317,49.188956],[2.123047,49.189469],[2.123868,49.189911],[2.124999,49.190579],[2.125263,49.191259],[2.1255,49.191641],[2.125587,49.191737],[2.125838,49.19178],[2.12599,49.191705],[2.125487,49.192849],[2.127389,49.193221],[2.127972,49.193399],[2.127979,49.193588],[2.129588,49.192924],[2.13065,49.192527],[2.130002,49.19156],[2.131841,49.19066],[2.13522,49.191181],[2.13519,49.190719],[2.135239,49.190487],[2.135147,49.188299],[2.13627,49.183377],[2.136543,49.182379],[2.136838,49.181347],[2.136915,49.180803],[2.136903,49.180575],[2.136822,49.179987],[2.136713,49.179617],[2.136476,49.179005],[2.13804,49.178976],[2.139521,49.17894],[2.140762,49.178919],[2.14082,49.180491],[2.140871,49.181534],[2.141113,49.181513],[2.14108,49.182306],[2.141182,49.183043],[2.141263,49.183291],[2.141306,49.183567],[2.141308,49.183968],[2.141244,49.185893],[2.14178,49.186029],[2.14359,49.186825],[2.143806,49.186913],[2.145367,49.187485],[2.146204,49.187807],[2.146812,49.188021],[2.147284,49.18805],[2.148028,49.185084],[2.148047,49.185031],[2.15209,49.183562],[2.152383,49.183819],[2.153171,49.183564],[2.155761,49.18275],[2.156015,49.182846],[2.156143,49.183116],[2.156911,49.182727],[2.157417,49.182434],[2.15867,49.181804],[2.159165,49.181523],[2.159069,49.181238],[2.160047,49.180633],[2.160724,49.180147],[2.161085,49.179912],[2.161702,49.179588],[2.161811,49.179677],[2.162424,49.17955],[2.164051,49.179767],[2.16451,49.179549],[2.164638,49.179437],[2.165018,49.178924],[2.164073,49.178071],[2.163229,49.177298],[2.162635,49.176846],[2.161498,49.176004],[2.161451,49.175941],[2.160873,49.174776],[2.16084,49.174647],[2.160671,49.174373],[2.160392,49.17414],[2.159303,49.173396],[2.158312,49.172778],[2.158034,49.17263],[2.156316,49.171829],[2.155154,49.171096],[2.154694,49.170741],[2.154403,49.170446],[2.153895,49.170008],[2.153429,49.169518],[2.152783,49.169113],[2.150238,49.16742],[2.148919,49.166344],[2.148366,49.166454],[2.146978,49.166842],[2.14649,49.166916],[2.146323,49.166818],[2.145913,49.166897],[2.14294,49.168229],[2.142102,49.168666],[2.141107,49.169489],[2.139452,49.170839],[2.139386,49.171442],[2.139294,49.171926],[2.139069,49.17237],[2.138831,49.172664],[2.137502,49.174549],[2.134344,49.175073],[2.129011,49.175918],[2.127414,49.173051],[2.126935,49.171782],[2.126974,49.171183],[2.127105,49.17079],[2.127176,49.170435],[2.127279,49.170064],[2.127251,49.169701],[2.127186,49.169504],[2.126915,49.1692],[2.126864,49.169082],[2.126818,49.168804],[2.126832,49.16815],[2.126907,49.167877],[2.126428,49.165347],[2.125903,49.162814],[2.127837,49.160751],[2.128222,49.160326],[2.12692,49.160085],[2.128657,49.157298],[2.129892,49.157939],[2.130283,49.157535],[2.132934,49.154844],[2.133376,49.154369],[2.132687,49.154299],[2.130633,49.154051],[2.129481,49.153925],[2.129071,49.153873],[2.128672,49.15382],[2.127016,49.153655],[2.12561,49.153556],[2.125053,49.153534],[2.122444,49.153482],[2.122177,49.153483],[2.12203,49.152797],[2.121955,49.152367],[2.121638,49.150336],[2.121104,49.148804],[2.121104,49.148722],[2.120452,49.14883],[2.119157,49.148988],[2.118663,49.14907],[2.118204,49.14917],[2.117172,49.149449],[2.116674,49.149477],[2.115852,49.149472],[2.115433,49.149531],[2.115242,49.149585],[2.114924,49.149778],[2.114799,49.149909],[2.114733,49.150065],[2.114257,49.150348],[2.113602,49.150143],[2.113041,49.149621],[2.112763,49.149431],[2.112272,49.149548],[2.112215,49.149016],[2.112228,49.148851],[2.112305,49.14874],[2.114248,49.14647],[2.115092,49.145408],[2.115227,49.145199],[2.115378,49.144868],[2.115579,49.144137],[2.114225,49.143773],[2.113185,49.143642],[2.112003,49.143724],[2.112686,49.143236],[2.111287,49.142735],[2.111558,49.142526],[2.112521,49.142273],[2.113514,49.141939],[2.114638,49.142098],[2.114884,49.142196],[2.11516,49.142269],[2.115474,49.142465],[2.115822,49.141089],[2.115919,49.140916],[2.116091,49.140867],[2.117384,49.141065],[2.118131,49.141135],[2.119694,49.141495],[2.119637,49.141711],[2.120771,49.142017],[2.120476,49.142564],[2.12104,49.142689],[2.120852,49.142961],[2.12095,49.143153],[2.121969,49.144026],[2.121918,49.144158],[2.123002,49.144853],[2.126066,49.142807],[2.125505,49.142312],[2.130398,49.141866],[2.130862,49.141834],[2.130457,49.139978],[2.130116,49.138636],[2.129531,49.138598],[2.129211,49.138614],[2.128086,49.138763],[2.127907,49.137917],[2.127795,49.13733],[2.127776,49.137103],[2.126827,49.137174],[2.12646,49.137211],[2.125357,49.136452],[2.124883,49.135565],[2.124548,49.135428],[2.123957,49.135555],[2.123499,49.135972],[2.122,49.136187],[2.121785,49.136152],[2.121642,49.135958],[2.121431,49.13546],[2.121221,49.135489],[2.120874,49.134802],[2.120653,49.1343],[2.120699,49.134219],[2.120893,49.134218],[2.120563,49.133242],[2.121414,49.133149],[2.118813,49.128159],[2.11784,49.127986],[2.117694,49.127936],[2.115233,49.124244],[2.114261,49.122828],[2.11144,49.123235],[2.108491,49.123642],[2.105144,49.119663],[2.106869,49.11886],[2.109541,49.117796],[2.107649,49.116489],[2.104707,49.113976],[2.10572,49.113507],[2.107232,49.11289],[2.107698,49.112621],[2.108222,49.112262],[2.109587,49.111434],[2.110362,49.110639],[2.110707,49.109714],[2.110483,49.109358],[2.110232,49.109045],[2.110039,49.108306],[2.109956,49.107652],[2.10982,49.106457],[2.10969,49.105528],[2.109663,49.105421],[2.109431,49.105188],[2.108612,49.104544],[2.108537,49.104473],[2.111356,49.103072],[2.110543,49.102636],[2.111629,49.101786],[2.11004,49.100759],[2.110281,49.100545],[2.109664,49.100077],[2.11059,49.099136],[2.111936,49.097246],[2.112584,49.096689],[2.113344,49.095993],[2.113186,49.095928],[2.117135,49.093726],[2.117197426567214,49.093696816982856],[2.119026,49.092842],[2.119891,49.092318],[2.118346,49.090566],[2.119681,49.089947],[2.12176,49.089007],[2.126464,49.086827],[2.126563,49.086961],[2.128523,49.086287],[2.129074,49.086781],[2.130382,49.086063],[2.129001,49.084489],[2.131208,49.083574],[2.130613,49.083178],[2.132537,49.081671],[2.132609,49.081648],[2.133234891889006,49.08110770535285],[2.13364,49.080758],[2.131549,49.079975],[2.131276,49.079865],[2.131244,49.079714],[2.130147,49.079288],[2.130056,49.079384],[2.129384,49.079127],[2.12923,49.07905],[2.128322,49.078653],[2.126965,49.07795],[2.126014,49.077494],[2.125864,49.077262],[2.125729,49.076993],[2.125451,49.076219],[2.125306,49.075917],[2.12515,49.075494],[2.125062,49.074904],[2.124866,49.074436],[2.124797,49.074197],[2.124817,49.073758],[2.124966,49.073451],[2.125121,49.073339],[2.125412,49.07321],[2.125757,49.073136],[2.125834,49.073073],[2.126004,49.072778],[2.126119,49.07265],[2.125023,49.072313],[2.123951,49.07162],[2.123567,49.071591],[2.123917,49.071112],[2.124269,49.070698],[2.123923,49.070449],[2.124128,49.070292],[2.122989,49.068763],[2.122153,49.06805],[2.122313,49.067964],[2.121858,49.067543],[2.122899,49.067025],[2.122529,49.066678],[2.122143,49.066414],[2.121441,49.065964],[2.120992,49.065621],[2.1208,49.065321],[2.120669,49.06494],[2.120383,49.064699],[2.12040641561642,49.06468383938055],[2.121466375543072,49.0639975602416],[2.121563,49.063935],[2.122051602591391,49.06417533560851],[2.122479687703532,49.06438590366061],[2.122576238008842,49.06443339517372],[2.122688313812448,49.064488523425055],[2.122861007068377,49.06457346840791],[2.123156695164892,49.064718912537465],[2.123690373933709,49.064981420379034],[2.124014109408146,49.065140660554206],[2.124154573892558,49.06520975273245],[2.124221660868975,49.06524275171687],[2.124475885819257,49.065367800804204],[2.124568495875915,49.06541335417358],[2.124764203229513,49.065509619413966],[2.124828,49.065541],[2.125034,49.065344],[2.12517,49.065412],[2.125329763535838,49.06529034302604],[2.125763331634745,49.064960188947765],[2.125845,49.064898],[2.125934,49.064953],[2.126660080227792,49.064304883568845],[2.127005,49.063997],[2.126002,49.063529],[2.125226981237195,49.06315522512832],[2.125212,49.063148],[2.124991057359841,49.063030753843016],[2.124624248766443,49.06283610197368],[2.124556260135997,49.06280002290071],[2.124413,49.062724],[2.123960450855614,49.062493456096256],[2.123724,49.062373],[2.123115,49.062038],[2.122903031274963,49.061937111039526],[2.122779381080181,49.061878258302585],[2.122491,49.061741],[2.122287156623293,49.061625048605556],[2.121759643930028,49.061324985717285],[2.121503,49.061179],[2.121247483623912,49.061023638226395],[2.121010608459857,49.060879610879994],[2.12098,49.060861],[2.120463,49.060584],[2.120385233985373,49.06053359796464],[2.120312288354685,49.06048632013673],[2.119948039090276,49.06025024137675],[2.119784748770607,49.06014440897034],[2.11969,49.060083],[2.119548041153271,49.05996870492853],[2.1193,49.059769],[2.119187948427593,49.059674319431146],[2.118765230570252,49.059317134196355],[2.118687251701641,49.05925124414697],[2.118572597858632,49.05915436472936],[2.11845003735925,49.05905080439949],[2.118313571057582,49.05893549404021],[2.117997,49.058668],[2.117985173175721,49.0586570952671],[2.117805315307633,49.05849126021585],[2.117702,49.058396],[2.117486869323697,49.05815060517771],[2.117355606064154,49.05800087606979],[2.11716136917481,49.05777931432991],[2.117112,49.057723],[2.117069885797553,49.0576770572337],[2.116771766875695,49.057351836591664],[2.116474,49.057027],[2.11646690750744,49.05702075743423],[2.116443035222643,49.05699974587778],[2.115873734386202,49.0564986670424],[2.115748,49.056388],[2.115532083263164,49.05620396823875],[2.11538495230884,49.056078564487954],[2.115239638689638,49.055954709701766],[2.115125,49.055857],[2.114795742449585,49.0556114096653],[2.114334,49.055267],[2.114111255768908,49.05509647948112],[2.113562,49.054676],[2.113098708810654,49.05437346721812],[2.112415,49.053927],[2.111893,49.053577],[2.111428745890983,49.05329285200484],[2.111362,49.053252],[2.110897,49.052938],[2.110757860986847,49.05282469664253],[2.11045,49.052574],[2.110415842995138,49.05253257085862],[2.110295,49.052386],[2.110172614396925,49.05219571553494],[2.110073902424408,49.05204223870096],[2.110003,49.051932],[2.109956069555717,49.05189376037873],[2.109868,49.051822],[2.109678765478549,49.051699420249854],[2.109465474010943,49.05156125722015],[2.109286,49.051445],[2.109263544170733,49.05143220017732],[2.108768218738096,49.05114986468072],[2.108586,49.051046],[2.108255574566785,49.050881326313466],[2.107958291927194,49.05073316995719],[2.107721661829215,49.05061524092794],[2.10746483262306,49.050487245295834],[2.10736,49.050435],[2.107179982320475,49.05035880253753],[2.10695943423039,49.05026544945765],[2.106754325141179,49.05017863136195],[2.106506060385076,49.05007354643648],[2.106275425889998,49.049975924006674],[2.105857888639035,49.049799189815374],[2.105182202357979,49.049513186906225],[2.10513490656963,49.04949316765552],[2.103970297489834,49.049000214647315],[2.103528,49.048813],[2.103453470135041,49.048678645150694],[2.103275734683606,49.04835824178208],[2.102935,49.047744],[2.102802571739884,49.04766300374866],[2.102381284039041,49.047405334241596],[2.102021243035848,49.047185124661226],[2.10162942589152,49.04694548004251],[2.101453383131786,49.04683780813319],[2.101310956678711,49.04675069675091],[2.101228716391148,49.04670039664883],[2.101120638012741,49.04663429336019],[2.100767,49.046418],[2.100417,49.045902],[2.100410055636797,49.04589119376029],[2.099850943516928,49.04502115004065],[2.099529293238559,49.04452062466359],[2.099246769561546,49.04408098484521],[2.09877132990987,49.04334114525256],[2.098635,49.043129],[2.098599429139072,49.043055882119205],[2.09846637046632,49.04278237262521],[2.098419,49.042685],[2.098346,49.042114],[2.098353,49.041579],[2.09841,49.041179],[2.098324,49.04016],[2.0983,49.039666],[2.098141,49.039396],[2.097853,49.039079],[2.097528,49.038674],[2.097519997002658,49.038662014649915],[2.097319,49.038361],[2.096673615807185,49.03775452867764],[2.096639,49.037722],[2.096448,49.037493],[2.095725654222938,49.03629237749683],[2.095569,49.036032],[2.095188,49.035394],[2.094621435210417,49.034356740373475],[2.094403954779908,49.033958579961336],[2.094337,49.033836],[2.094164,49.033452],[2.094037111337537,49.033099153003484],[2.093717,49.032209],[2.093439056970748,49.03138975434279],[2.093207934837701,49.030708514722235],[2.093069,49.030299],[2.092407,49.028215],[2.09212994763671,49.02722536895833],[2.091988259426858,49.02671925867274],[2.091907,49.026429],[2.091021,49.024702],[2.090818,49.024275],[2.090181,49.024412],[2.090448,49.024865],[2.08997,49.025013],[2.090267,49.025397],[2.090682,49.026191],[2.090899,49.026709],[2.091063,49.027391],[2.091069100007151,49.02757429069106],[2.091084,49.028022],[2.091025779043978,49.02829607789674],[2.090978,49.028521],[2.090823,49.028844],[2.09092,49.029002],[2.090491,49.02955],[2.090031805641257,49.029298777434995],[2.090000094153236,49.0292814282642],[2.089992,49.029277],[2.089596768743916,49.028943901168454],[2.089534,49.028891],[2.08931,49.028647],[2.089133,49.028748],[2.089001012219156,49.02877875443437],[2.088824,49.02882],[2.088821828755666,49.02882012186824],[2.088731820563456,49.028825173874445],[2.08854311555581,49.02883576556445],[2.088448207321339,49.02884109260167],[2.088216988580078,49.02885407051498],[2.088095434644777,49.0288608931299],[2.087951,49.028869],[2.087725,49.0289],[2.087401,49.02905],[2.087196990362858,49.028888308151366],[2.087078,49.028794],[2.086666,49.028615],[2.086454,49.028558],[2.086054,49.028519],[2.085638933431561,49.02853637487961],[2.085624,49.028537],[2.085355101965652,49.02858686188716],[2.085322,49.028593],[2.085099,49.028677],[2.08498961956313,49.0287304401563],[2.084749,49.028848],[2.084623,49.028941],[2.084433,49.029161],[2.084353,49.02932],[2.08416140722609,49.03001724742819],[2.084098,49.030248],[2.084038,49.030372],[2.083819,49.030625],[2.083563,49.030838],[2.083823,49.031245],[2.083969,49.031552],[2.083978160548575,49.03157960627904],[2.084116,49.031995],[2.084271723375636,49.032338481274266],[2.084291,49.032381],[2.084472344792144,49.03256721310871],[2.084589,49.032687],[2.084943,49.032923],[2.085126335356327,49.03302481342118],[2.085458,49.033209],[2.085050561056829,49.03343239579128],[2.084433,49.033771],[2.083656,49.034278],[2.082868,49.034833],[2.083565122221831,49.03538812329263],[2.084601,49.036213],[2.084926110239182,49.03646084874705],[2.085876,49.037185],[2.086291,49.037541],[2.086955,49.038067],[2.087505,49.038467],[2.085690092828601,49.03913841074549],[2.085517524379318,49.03920225109667],[2.085429,49.039235],[2.084585513562884,49.03959679924572],[2.083714526187701,49.03997039455385],[2.083157896303636,49.04020915153124],[2.082664,49.040421],[2.081548471144736,49.040993167458424],[2.080689,49.041434],[2.080024,49.041815],[2.079031,49.042432],[2.078222,49.042971],[2.077666174757277,49.043351184466026],[2.076472,49.044168],[2.075757,49.044679],[2.074439,49.045641],[2.07228,49.047252],[2.072585,49.047435],[2.072878,49.047642],[2.073239,49.047986],[2.073332,49.048106],[2.074803,49.047583],[2.075264924465009,49.04807141719168],[2.075483,49.048302],[2.075993,49.048867],[2.076065,49.049064],[2.075948,49.049122],[2.076027956311613,49.04933481604745],[2.076081,49.049476],[2.076414427447816,49.049911945403956],[2.076649084942022,49.050218752347334],[2.07674584162298,49.05034525852024],[2.076764,49.050369],[2.076850036248966,49.050492456124374],[2.077001360488968,49.0507095960441],[2.077056,49.050788],[2.077102390380796,49.050829664428655],[2.077293232586671,49.05100106486414],[2.077568081026815,49.05124791352174],[2.07791,49.051555],[2.078002018001314,49.05164241710125],[2.07817,49.051802],[2.078401346344187,49.05199880731252],[2.078525,49.052104],[2.078475366482775,49.052153397167146],[2.078218906355676,49.052408636055546],[2.078105,49.052522],[2.077628251785309,49.052729813324355],[2.077364,49.052845],[2.077065,49.052898],[2.076879,49.052989],[2.076819548427676,49.053053011778154],[2.076527,49.053368],[2.076500339829988,49.0534277749075],[2.076432,49.053581],[2.076428395979287,49.05362665092903],[2.076423,49.053695],[2.076550255524323,49.053917242683546],[2.076703,49.054184],[2.076732817909679,49.05428678408866],[2.076788,49.054477],[2.076731,49.054738],[2.076728,49.054943],[2.076806,49.055065],[2.076911,49.055101],[2.077576,49.054926],[2.077877,49.054883],[2.078018550096673,49.05489891066978],[2.078135,49.054912],[2.078743,49.055362],[2.078874473014177,49.05541551414145],[2.079141,49.055524],[2.079742,49.055719],[2.080728,49.055961],[2.080901,49.056017],[2.080952242306181,49.0560480783662],[2.081455,49.056353],[2.081649002545663,49.05688828451081],[2.08174740803119,49.05715980121695],[2.081837,49.057407],[2.082043501982718,49.05770916584053],[2.08215,49.057865],[2.082271588296232,49.057845828401426],[2.082632,49.057789],[2.082841887223236,49.058127011150674],[2.082881,49.05819],[2.083328055280098,49.05865987941205],[2.083364141419885,49.05869780790747],[2.083782,49.059137],[2.084283,49.059696],[2.084597,49.060013],[2.084613506396112,49.06002286204932],[2.084992,49.060249],[2.085085803566794,49.06031159318887],[2.085536,49.060612],[2.085980001238699,49.06102331403094],[2.086193926005145,49.06122148973483],[2.086366286454049,49.061381161070926],[2.086533403067711,49.06153597462101],[2.086698304252188,49.06168873584098],[2.086890912513931,49.061867164353394],[2.087097698231101,49.06205872658219],[2.087551396999759,49.062479024214504],[2.08764187354977,49.06256283991421],[2.08793342700612,49.06283292931242],[2.088120045166343,49.06300580871238],[2.088259983269989,49.06313544462434],[2.08833407430791,49.06320408110733],[2.088959,49.063783],[2.088987993226252,49.06387983737568],[2.089009,49.06395],[2.089464664249364,49.064398830290614],[2.089614641992831,49.064546558698716],[2.089944434436183,49.064871404982796],[2.090047774722469,49.06497319539271],[2.09017790264961,49.06510137168795],[2.090264241317419,49.065186415466165],[2.090384331402698,49.065304704465035],[2.090512881723014,49.06543132681407],[2.090644613933605,49.06556108333204],[2.090740045380198,49.06565508351742],[2.090838445875661,49.065752008222475],[2.09108095035708,49.06599087567153],[2.091135596770108,49.06604470250889],[2.091276,49.066183],[2.091558,49.066478],[2.09248401102755,49.06723905676262],[2.093280642987299,49.06789378129855],[2.093808940081712,49.0683279705948],[2.093927,49.068425],[2.094045,49.068555],[2.094297865127188,49.06878366750737],[2.095717,49.070067],[2.093524215926371,49.07109280885848],[2.093387,49.071157],[2.092549,49.071395],[2.092272,49.071512],[2.09174,49.07179],[2.091596,49.071917],[2.091086,49.072255],[2.089749,49.072791],[2.088331,49.073579],[2.087751,49.07346],[2.087247,49.074588],[2.087148,49.074707],[2.087112,49.074858],[2.087191,49.075374],[2.087138,49.075719],[2.087213,49.07595],[2.087188,49.076304],[2.087204,49.076592],[2.087319,49.077099],[2.087471,49.077159],[2.087117,49.07753],[2.086864,49.077658],[2.086616,49.07788],[2.08639,49.078016],[2.086227,49.07821],[2.086153,49.078401],[2.086082,49.07871],[2.086098,49.079063],[2.086377,49.080026],[2.086537,49.08038],[2.086665,49.08106],[2.086652,49.081536],[2.086705,49.081691],[2.08617,49.082363],[2.085652,49.082207],[2.085487,49.082195],[2.08424,49.083658],[2.084292,49.084211],[2.084152,49.08423],[2.083549,49.084312],[2.082799,49.084389],[2.080733,49.084649],[2.080163,49.084755],[2.078636,49.085123],[2.075183,49.0813],[2.0729,49.078639],[2.072455,49.079051],[2.071605,49.079794],[2.069398,49.081738],[2.067931,49.083038],[2.066676,49.084135],[2.066508,49.084273],[2.065095,49.085264],[2.06456,49.085659],[2.063614,49.086335],[2.063324,49.086316],[2.062958,49.086358],[2.062626,49.086429],[2.062269,49.086417],[2.06194,49.086355],[2.060223,49.086002],[2.059462,49.08587],[2.057996,49.085675],[2.057307,49.085548],[2.056185,49.085287],[2.05556,49.085115],[2.054499,49.084873],[2.052858,49.084623],[2.051669,49.084452],[2.051537,49.084487],[2.049629,49.084323],[2.048939,49.084233],[2.048656,49.084177],[2.048134,49.084031],[2.047695,49.08388],[2.047084,49.083606],[2.046407,49.083339],[2.046156,49.083158],[2.044515,49.082764],[2.045334,49.082734],[2.04503,49.081621],[2.044803,49.081227],[2.043898,49.079527],[2.042758,49.076764],[2.042507,49.076792],[2.041799,49.076073],[2.040894,49.07512],[2.041417,49.074141],[2.040805,49.073577],[2.039919,49.072575],[2.04012,49.072411],[2.037571,49.069811],[2.037685,49.069646],[2.037562,49.069174],[2.037274,49.068719],[2.037223,49.068512],[2.037275,49.067953],[2.037038,49.067742],[2.03689,49.067763],[2.036665,49.067612],[2.036595,49.067456],[2.036548,49.067124],[2.036361,49.066657],[2.036215,49.06637],[2.035972,49.065725],[2.035861,49.065475],[2.035509,49.064861],[2.035304,49.064466],[2.035088,49.063702],[2.034549,49.062743],[2.033964,49.062943],[2.033179,49.06314],[2.032567,49.063308],[2.032833,49.0635],[2.033095,49.063747],[2.033574,49.064348],[2.033832,49.06475],[2.034275,49.065491],[2.03446,49.065839],[2.031863,49.067299],[2.031344,49.067284],[2.031216,49.066766],[2.031125,49.066645],[2.030461,49.066223],[2.030224,49.065927],[2.029749,49.065499],[2.029603,49.065284],[2.029442,49.064888],[2.029306,49.064705],[2.029211,49.064507],[2.02889,49.064081],[2.028614,49.063789],[2.028508,49.063587],[2.028225,49.063801],[2.028003,49.064139],[2.027728,49.064696],[2.027605,49.064858],[2.027313,49.065057],[2.026997,49.06516],[2.02674,49.06521],[2.026319,49.065381],[2.025905,49.065528],[2.025554,49.065621],[2.024039,49.066108],[2.022815,49.066536],[2.022282,49.0667],[2.022478,49.066851],[2.0233,49.067303],[2.024692,49.068035],[2.025002,49.068208],[2.025604,49.068633],[2.025831,49.068881],[2.026166,49.069344],[2.026289,49.069558],[2.026361,49.069803],[2.026363,49.069988],[2.026296,49.070726],[2.026298,49.071115],[2.026367,49.071382],[2.026478,49.071679],[2.026627,49.07193],[2.027128,49.072469],[2.026341,49.072622],[2.026503,49.07285],[2.026027,49.072869],[2.025455,49.072932],[2.025482,49.073625],[2.026746,49.073635],[2.026725,49.073871],[2.027218,49.073859],[2.027318,49.074024],[2.026945,49.07397],[2.026191,49.073917],[2.025152,49.073951],[2.024202,49.074028],[2.023431,49.074135],[2.022836,49.07428],[2.022325,49.074429],[2.021847,49.074616],[2.021288,49.074857],[2.020991,49.074946],[2.02069,49.074994],[2.020407,49.075116],[2.019884,49.075406],[2.019584,49.07542],[2.019013,49.075651],[2.018869,49.075755],[2.018341,49.076229],[2.017876,49.076497],[2.017591,49.076526],[2.017379,49.076667],[2.017211,49.076734],[2.016954,49.076773],[2.016769,49.076855],[2.016447,49.077072],[2.016033,49.077411],[2.01565,49.077515],[2.015266,49.07758],[2.014822,49.076891],[2.014313,49.076238],[2.013691,49.075607],[2.013571,49.075448],[2.01296,49.074328],[2.012697,49.073739],[2.012978,49.073666],[2.012834,49.073079],[2.012759,49.072521],[2.01275,49.072171],[2.01277,49.071909],[2.012943,49.070616],[2.013043,49.070108],[2.01313,49.069751],[2.013828,49.069562],[2.012396,49.067852],[2.01169,49.066827],[2.011455,49.066885],[2.010562,49.065504],[2.009715,49.065767],[2.009351,49.065543],[2.008775,49.065765],[2.006897,49.065045],[2.005187,49.065107],[2.003895,49.065547],[2.003968,49.065671],[1.999158,49.067501],[1.998041,49.066447],[1.995956,49.064562],[1.995064,49.063636],[1.994778,49.063702],[1.992023,49.064449],[1.989356,49.065187],[1.988229,49.065512],[1.986795,49.066059],[1.986201,49.066303],[1.982258,49.067837]],[[1.9999539948526912,49.15299611675995],[1.995569,49.155583],[1.999764579888432,49.15310786019704],[1.9999539948526912,49.15299611675995]],[[2.000464430240959,49.152694990579555],[2.001056,49.152346],[1.9999539948526912,49.15299611675995],[2.000464430240959,49.152694990579555]],[[2.002067,49.144084],[2.001406,49.145741],[2.001967814401616,49.14433263923831],[2.002067,49.144084]],[[2.0015895100695285,49.13669976218254],[2.004995,49.138651],[2.00497893711013,49.13864179647311],[2.0015895100695285,49.13669976218254]],[[2.000745025102109,49.13621589905613],[2.000356,49.135993],[2.0015895100695285,49.13669976218254],[2.000745025102109,49.13621589905613]],[[1.964966,49.143711],[1.965377,49.143178],[1.965181386465896,49.1434316788654],[1.964966,49.143711]],[[1.969866,49.138979],[1.970794,49.137914],[1.969891858091183,49.13894932449665],[1.969866,49.138979]],[[1.971742,49.13723],[1.971992,49.136945],[1.971761138292113,49.137208182346995],[1.971742,49.13723]],[[1.972214,49.136505],[1.972643,49.135527],[1.972307490696403,49.13629186736345],[1.972214,49.136505]],[[1.97854830245781,49.13181572961817],[1.9785483024578103,49.13181572961817],[1.978738553419061,49.13297289109984],[1.97854830245781,49.13181572961817]],[[1.991675632973254,49.10401289594338],[1.990689,49.103028],[1.991825,49.104162],[1.991675632973254,49.10401289594338]],[[1.991014594469998,49.1028883987109],[1.991454,49.1027],[1.990689,49.103028],[1.991014594469998,49.1028883987109]],[[1.961108,49.093073],[1.960292,49.092681],[1.960667266265162,49.09286127497052],[1.961108,49.093073]],[[1.975843,49.073628],[1.985622,49.077682],[1.984825049293227,49.077351614667634],[1.979834829270373,49.075282859992036],[1.975843,49.073628]],[[1.98801566807151,49.07856049361417],[1.987975,49.078539],[1.988957,49.079058],[1.98801566807151,49.07856049361417]],[[1.994214660631987,49.0825252879673],[1.994185,49.082525],[1.9947,49.08253],[1.994214660631987,49.0825252879673]],[[1.992470154423183,49.08760450661963],[1.992477,49.087766],[1.992455,49.087247],[1.992470154423183,49.08760450661963]],[[1.992008991568295,49.087942259696455],[1.991994,49.087896],[1.992099,49.08822],[1.992008991568295,49.087942259696455]],[[1.993538920912891,49.09426578012243],[1.993581,49.09402],[1.993537,49.094277],[1.993538920912891,49.09426578012243]],[[1.99326,49.098713],[1.992960909075232,49.0985679332549],[1.992393349696919,49.09829265244613],[1.991891,49.098049],[1.99326,49.098713]],[[1.993743,49.099005],[1.993461966163777,49.09883509962696],[1.99326,49.098713],[1.993743,49.099005]],[[1.993371130355901,49.09975223806751],[1.9934538914707678,49.09955024057439],[1.9933435317471642,49.09981959880555],[1.993371130355901,49.09975223806751]],[[1.973847,49.097223],[1.974044842124824,49.09791341481231],[1.974139,49.098242],[1.973847,49.097223]],[[1.979053,49.101909],[1.97981782130873,49.1022098382938],[1.980822202522211,49.10260490617063],[1.979053,49.101909]],[[1.985062977595852,49.13172376652562],[1.984767,49.131614],[1.985673,49.13195],[1.985062977595852,49.13172376652562]],[[1.968027547785598,49.14838826927647],[1.9627585962510383,49.150830973704984],[1.9627585962510379,49.150830973704984],[1.968027547785598,49.14838826927647]],[[1.975797,49.160755],[1.975434,49.160995],[1.975655564186902,49.16084851128139],[1.975797,49.160755]],[[1.9767388573742366,49.16147690745555],[1.9767388573742357,49.16147690745555],[1.975831135039536,49.15478398167604],[1.9767388573742366,49.16147690745555]],[[1.9773475015073,49.16291854915003],[1.977578,49.163228],[1.977143,49.162644],[1.9773475015073,49.16291854915003]]]}},{"type":"Feature","properties":{"code_canton":"20","nom":"Vauréal","method":"Union de contours BV reconstitués, non opposables"},"geometry":{"type":"Polygon","coordinates":[[[1.726252,49.046881],[1.725674,49.046526],[1.724986,49.046067],[1.724082,49.045505],[1.722931,49.044725],[1.716732,49.049077],[1.715763,49.048517],[1.714048,49.047457],[1.70968,49.050656],[1.70768,49.052215],[1.707582,49.052163],[1.707051,49.051722],[1.706728,49.052417],[1.706423,49.051993],[1.706047,49.052133],[1.706208,49.05228],[1.704808,49.052739],[1.704924,49.052846],[1.705219,49.053236],[1.703813,49.053191],[1.703739,49.052997],[1.702831,49.053382],[1.702736,49.053287],[1.700949,49.053797],[1.699253,49.054477],[1.698816,49.054673],[1.698522,49.054709],[1.698583,49.054799],[1.697936,49.055045],[1.697134,49.055367],[1.694643,49.056062],[1.695031,49.056371],[1.693558,49.056812],[1.6939,49.057379],[1.694258,49.057862],[1.695146,49.058905],[1.695892,49.06001],[1.696176,49.060659],[1.696223,49.060876],[1.69617,49.061503],[1.696099,49.06181],[1.696043,49.062404],[1.696027,49.062831],[1.696103,49.063154],[1.696241,49.063416],[1.696461,49.063669],[1.696691,49.063979],[1.696933,49.064106],[1.697116,49.064376],[1.697288,49.064835],[1.697322,49.065182],[1.697298,49.065523],[1.697233,49.065668],[1.696985,49.065949],[1.696415,49.06641],[1.695961,49.066729],[1.695736,49.066815],[1.695571,49.066917],[1.695248,49.067593],[1.694859,49.067863],[1.694176,49.068372],[1.693036,49.069189],[1.692335,49.069617],[1.690638,49.070529],[1.690127,49.070832],[1.689274,49.071213],[1.688447,49.071537],[1.687663,49.071813],[1.687481,49.071858],[1.686616,49.072095],[1.686106,49.072272],[1.685464,49.072558],[1.685072,49.072775],[1.684579,49.073004],[1.683944,49.073317],[1.682886,49.07397],[1.682203,49.07436],[1.68122,49.0748],[1.680004,49.075473],[1.679657,49.075657],[1.679108,49.075872],[1.677931,49.076187],[1.677404,49.076302],[1.676106,49.076817],[1.675486,49.077054],[1.675127,49.077217],[1.674359,49.077598],[1.673046,49.07831],[1.672377,49.078542],[1.671465,49.078707],[1.669666,49.079009],[1.669269,49.079092],[1.668968,49.079112],[1.668616,49.079099],[1.668156,49.079046],[1.667823,49.078963],[1.667391,49.07893],[1.667047,49.078925],[1.666703,49.078978],[1.665931,49.07914],[1.664778,49.079291],[1.663966,49.079424],[1.662672,49.079759],[1.662174,49.079904],[1.661868,49.080023],[1.661325,49.080292],[1.660502,49.080813],[1.660144,49.081001],[1.659848,49.081114],[1.659525,49.081193],[1.658821,49.081288],[1.658368,49.08129],[1.657398,49.081263],[1.656542,49.081282],[1.656205,49.081339],[1.655067,49.081459],[1.653535,49.081781],[1.652687,49.081908],[1.651842,49.081936],[1.651434,49.081921],[1.650906,49.08186],[1.650092,49.081718],[1.649473,49.081572],[1.649146,49.081425],[1.64877,49.081287],[1.648501,49.081245],[1.64808,49.081303],[1.647749,49.081319],[1.647255,49.081373],[1.646764,49.081394],[1.646612,49.081477],[1.646031,49.081425],[1.645748,49.081462],[1.644886,49.081506],[1.644448,49.081562],[1.644037,49.081553],[1.643398,49.081339],[1.643065,49.081259],[1.64267,49.081192],[1.642279,49.081062],[1.641275,49.08067],[1.640192,49.080358],[1.64007,49.080162],[1.64042,49.079334],[1.640329,49.079041],[1.636131,49.079118],[1.633764,49.079185],[1.63238,49.078971],[1.630904,49.078627],[1.629496,49.07827],[1.628614,49.077993],[1.627841,49.077659],[1.627139,49.077328],[1.624812,49.076146],[1.620126,49.073834],[1.616947,49.072348],[1.615866,49.071898],[1.615432,49.071705],[1.614418,49.071189],[1.613583,49.071856],[1.612294,49.072747],[1.612798,49.073076],[1.61187,49.073565],[1.610853,49.074065],[1.609845,49.074719],[1.610356,49.075053],[1.610832,49.07542],[1.610587,49.07568],[1.610193,49.076146],[1.609672,49.076626],[1.609174,49.077193],[1.608748,49.077711],[1.610094,49.078039],[1.610062,49.078322],[1.610162,49.078633],[1.610288,49.078767],[1.610802,49.079103],[1.611518,49.079553],[1.611828,49.079797],[1.612284,49.080113],[1.612615,49.080294],[1.613063,49.080466],[1.613154,49.080274],[1.613287,49.080308],[1.613614,49.080573],[1.61399,49.080433],[1.614776,49.081213],[1.615366,49.081759],[1.615151,49.081968],[1.615347,49.082116],[1.615714,49.082336],[1.616937,49.082922],[1.618287,49.08362],[1.619185,49.084039],[1.621517,49.085155],[1.622004,49.085099],[1.622308,49.085274],[1.623409,49.086],[1.6229,49.086235],[1.619719,49.087568],[1.619169,49.08748],[1.618915,49.087459],[1.618811,49.08751],[1.619216,49.087711],[1.618621,49.08826],[1.618384,49.088586],[1.619749,49.088746],[1.619935,49.089064],[1.620318,49.089335],[1.620954,49.089612],[1.621392,49.08972],[1.621748,49.089883],[1.621805,49.089945],[1.622222,49.09024],[1.622696,49.090532],[1.623165,49.090746],[1.623232,49.090972],[1.622848,49.091043],[1.623224,49.092433],[1.623036,49.092569],[1.622993,49.092648],[1.622512,49.092774],[1.622668,49.093015],[1.622796,49.093142],[1.623135,49.093392],[1.623419,49.093529],[1.623037,49.093503],[1.622631,49.093398],[1.621944,49.093517],[1.620563,49.093664],[1.620227,49.093673],[1.620022,49.093829],[1.6199,49.09386],[1.619655,49.093674],[1.619573,49.093699],[1.619451,49.093916],[1.619318,49.093933],[1.618967,49.093826],[1.618734,49.093793],[1.618635,49.093896],[1.618395,49.093987],[1.618047,49.093926],[1.61758,49.094019],[1.617455,49.093904],[1.617132,49.093872],[1.617275,49.094059],[1.617359,49.094269],[1.617447,49.094714],[1.617451,49.095018],[1.617491,49.095222],[1.617703,49.095449],[1.617846,49.095512],[1.618444,49.095672],[1.618589,49.095792],[1.61856,49.096023],[1.61834,49.096338],[1.618286,49.096579],[1.618427,49.096879],[1.618681,49.097106],[1.619084,49.097255],[1.619529,49.097297],[1.620086,49.097267],[1.620361,49.097285],[1.620601,49.097354],[1.620762,49.097479],[1.621065,49.097836],[1.62131,49.09817],[1.621341,49.098312],[1.621314,49.09848],[1.621173,49.09879],[1.620996,49.099037],[1.620993,49.099245],[1.621408,49.099687],[1.62155,49.09993],[1.621587,49.10037],[1.621404,49.10055],[1.621384,49.100719],[1.621513,49.100776],[1.622111,49.100954],[1.622922,49.101127],[1.623701,49.101375],[1.623897,49.101512],[1.624056,49.101693],[1.624498,49.102023],[1.624729,49.102114],[1.625054,49.1022],[1.625448,49.102254],[1.626082,49.102258],[1.626453,49.102226],[1.626676,49.102233],[1.62682,49.102301],[1.627115,49.102641],[1.627276,49.102897],[1.627272,49.103099],[1.626846,49.103525],[1.626578,49.104273],[1.626583,49.104504],[1.626655,49.104708],[1.626876,49.10503],[1.627154,49.105336],[1.627562,49.105705],[1.627939,49.106282],[1.62805,49.106402],[1.628891,49.106987],[1.629444,49.107294],[1.629537,49.107397],[1.629586,49.10756],[1.629582,49.107819],[1.629418,49.108523],[1.629515,49.108941],[1.629538,49.10916],[1.629472,49.109616],[1.629577,49.109989],[1.629695,49.110165],[1.630002,49.110342],[1.630429,49.110456],[1.630704,49.110469],[1.631348,49.110445],[1.631579,49.11048],[1.631904,49.110573],[1.632203,49.110704],[1.632417,49.110757],[1.632829,49.11077],[1.632983,49.110799],[1.633084,49.110969],[1.633037,49.11116],[1.632538,49.111309],[1.63233,49.11141],[1.632199,49.111538],[1.632164,49.111678],[1.632187,49.111842],[1.632287,49.112034],[1.632482,49.112177],[1.63279,49.112286],[1.633697,49.112491],[1.634095,49.112656],[1.634276,49.112765],[1.634366,49.112898],[1.634531,49.113583],[1.634619,49.113825],[1.634718,49.113984],[1.634916,49.114106],[1.635356,49.114251],[1.635574,49.114246],[1.635789,49.114302],[1.63607,49.114463],[1.636441,49.114762],[1.636847,49.114999],[1.637485,49.115277],[1.637949,49.11557],[1.638877,49.116067],[1.639059,49.116114],[1.639474,49.116395],[1.639686,49.116654],[1.63985,49.116809],[1.640033,49.116831],[1.640195,49.116696],[1.640223,49.116438],[1.640275,49.116275],[1.640401,49.116187],[1.640677,49.116162],[1.641435,49.116232],[1.641809,49.116306],[1.642175,49.116445],[1.642415,49.1166],[1.642596,49.116814],[1.642727,49.117018],[1.642814,49.11732],[1.642987,49.117474],[1.643399,49.117772],[1.643797,49.11801],[1.644219,49.11821],[1.644449,49.118562],[1.644513,49.118715],[1.644535,49.118978],[1.645083,49.119694],[1.645165,49.119859],[1.645133,49.120424],[1.645204,49.120582],[1.645486,49.120765],[1.646174,49.121113],[1.646513,49.121312],[1.646612,49.121406],[1.646667,49.121588],[1.64669,49.121829],[1.646683,49.122228],[1.64663,49.122468],[1.646432,49.122862],[1.646342,49.123345],[1.64642,49.123738],[1.64665,49.124091],[1.647003,49.124465],[1.647176,49.124591],[1.647358,49.124659],[1.648192,49.124779],[1.6488,49.124848],[1.649458,49.124906],[1.649633,49.124962],[1.649807,49.125068],[1.649931,49.125194],[1.650022,49.125814],[1.650065,49.126318],[1.650182,49.126867],[1.65028,49.127059],[1.650436,49.127201],[1.650627,49.127302],[1.651226,49.127394],[1.651986,49.127426],[1.652253,49.127471],[1.652551,49.12762],[1.652747,49.12794],[1.652787,49.12806],[1.652652,49.128733],[1.652671,49.129209],[1.65271,49.129352],[1.65305,49.129513],[1.654898,49.129896],[1.655491,49.129917],[1.655673,49.12996],[1.655761,49.130198],[1.655734,49.130471],[1.655648,49.130762],[1.655658,49.131079],[1.655987,49.131321],[1.656271,49.131422],[1.656621,49.1315],[1.657095,49.13158],[1.65742,49.131598],[1.657718,49.131775],[1.657848,49.131941],[1.657876,49.132461],[1.657858,49.133096],[1.657033,49.133644],[1.656881,49.133797],[1.656786,49.133949],[1.657203,49.134587],[1.657377,49.134627],[1.65784,49.134558],[1.658047,49.134581],[1.658212,49.134665],[1.658327,49.134824],[1.65836,49.134951],[1.658322,49.135191],[1.658196,49.135311],[1.657584,49.135587],[1.657475,49.135657],[1.657385,49.135848],[1.657403,49.136383],[1.657336,49.136629],[1.657215,49.136866],[1.656846,49.137368],[1.656672,49.137572],[1.655012,49.13744],[1.654745,49.137324],[1.654687,49.137231],[1.654602,49.136699],[1.654076,49.136638],[1.653979,49.136215],[1.653778,49.135657],[1.653425,49.13493],[1.652655,49.135002],[1.652879,49.135971],[1.653061,49.13665],[1.65315,49.13693],[1.653004,49.137422],[1.65302,49.137722],[1.652826,49.137703],[1.652959,49.138224],[1.651481,49.138081],[1.651421,49.138748],[1.652925,49.139524],[1.652556,49.14034],[1.652406,49.140703],[1.652272,49.141129],[1.652406,49.141128],[1.652478,49.141331],[1.652579,49.141492],[1.652664,49.141483],[1.652945,49.141973],[1.653167,49.142499],[1.653218,49.142735],[1.653216,49.142937],[1.65301,49.143595],[1.652981,49.144046],[1.652973,49.144678],[1.653059,49.144873],[1.653133,49.14493],[1.654017,49.145093],[1.654429,49.145326],[1.654545,49.145699],[1.654461,49.146201],[1.65446,49.146331],[1.654599,49.146561],[1.654782,49.146769],[1.65514,49.147009],[1.655694,49.147198],[1.6559,49.147343],[1.656071,49.147617],[1.656012,49.147947],[1.655844,49.148182],[1.65583,49.14847],[1.656025,49.14862],[1.656189,49.148651],[1.657107,49.148642],[1.657513,49.148659],[1.657773,49.148704],[1.658133,49.148827],[1.658339,49.148936],[1.658501,49.149095],[1.658786,49.149814],[1.659238,49.151173],[1.659475,49.151489],[1.659606,49.151555],[1.660171,49.151752],[1.660399,49.151861],[1.661149,49.152289],[1.661421,49.152347],[1.662097,49.152438],[1.662709,49.152534],[1.663558,49.152899],[1.664101,49.153167],[1.664274,49.153268],[1.664457,49.153428],[1.664444,49.153607],[1.664277,49.153872],[1.664066,49.15414],[1.663777,49.154506],[1.663664,49.154751],[1.66344,49.155086],[1.662842,49.155563],[1.662577,49.155828],[1.662157,49.156069],[1.661588,49.156504],[1.661026,49.156816],[1.660707,49.157025],[1.660601,49.157154],[1.660581,49.157308],[1.660699,49.157592],[1.661298,49.158113],[1.661642,49.158548],[1.661821,49.158686],[1.662192,49.158825],[1.662675,49.159052],[1.662945,49.159259],[1.662999,49.159374],[1.663072,49.159977],[1.663079,49.160228],[1.663045,49.160806],[1.663097,49.160992],[1.66332,49.161429],[1.663575,49.161695],[1.664046,49.162426],[1.664236,49.162915],[1.664251,49.163016],[1.664266,49.163924],[1.664231,49.16449],[1.66422,49.16497],[1.664268,49.165175],[1.66457,49.165521],[1.664643,49.165787],[1.664759,49.166035],[1.664965,49.166152],[1.665812,49.166339],[1.666115,49.166446],[1.666219,49.166565],[1.666384,49.166874],[1.666555,49.167097],[1.666708,49.167194],[1.667182,49.167315],[1.667447,49.167605],[1.667608,49.167863],[1.667726,49.167972],[1.668053,49.168085],[1.668378,49.168141],[1.668643,49.168248],[1.668687,49.16832],[1.668726,49.168675],[1.668784,49.168792],[1.669085,49.168963],[1.669506,49.169141],[1.670145,49.169437],[1.670241,49.169534],[1.670267,49.169811],[1.670174,49.170141],[1.669756,49.170499],[1.669163,49.170893],[1.668908,49.171173],[1.668741,49.171469],[1.668754,49.171658],[1.668708,49.172154],[1.66867,49.172269],[1.668482,49.172487],[1.668444,49.172627],[1.668369,49.173167],[1.668309,49.173259],[1.667843,49.173693],[1.667563,49.174062],[1.667126,49.174578],[1.666776,49.174766],[1.666588,49.174973],[1.666481,49.17524],[1.666336,49.175482],[1.666296,49.17571],[1.666309,49.175895],[1.666402,49.176143],[1.666245,49.176312],[1.66609,49.176748],[1.666163,49.176905],[1.666676,49.177239],[1.667267,49.177426],[1.667486,49.177606],[1.667544,49.177729],[1.667535,49.177865],[1.667449,49.178126],[1.667298,49.178384],[1.66705,49.178615],[1.666951,49.178756],[1.666935,49.178911],[1.667078,49.179324],[1.667187,49.179476],[1.667444,49.179671],[1.667687,49.17974],[1.668056,49.179787],[1.668695,49.179776],[1.668962,49.179792],[1.669035,49.17987],[1.669118,49.180313],[1.669409,49.180484],[1.669689,49.180514],[1.669947,49.180631],[1.670195,49.18062],[1.670804,49.180478],[1.671127,49.180251],[1.671372,49.18021],[1.671599,49.180395],[1.671662,49.180619],[1.671621,49.180751],[1.67162,49.180954],[1.671715,49.18112],[1.671532,49.181513],[1.671321,49.181817],[1.670944,49.18217],[1.670839,49.182359],[1.670817,49.182849],[1.670737,49.183257],[1.670662,49.183392],[1.670681,49.183606],[1.670823,49.184059],[1.67085,49.184296],[1.67081,49.184472],[1.670458,49.184814],[1.670137,49.184919],[1.669655,49.184979],[1.669503,49.185139],[1.669411,49.185478],[1.669267,49.185736],[1.669195,49.186094],[1.669047,49.186667],[1.669026,49.187089],[1.669184,49.187459],[1.669424,49.187791],[1.669728,49.188066],[1.66975,49.188286],[1.669876,49.188721],[1.670544,49.189911],[1.67069,49.190092],[1.671063,49.190487],[1.671178,49.190755],[1.671446,49.191223],[1.671496,49.191359],[1.671441,49.191621],[1.671152,49.192086],[1.67112,49.192242],[1.671147,49.192489],[1.671122,49.192708],[1.670635,49.193089],[1.670527,49.193277],[1.670541,49.193375],[1.670914,49.19381],[1.671457,49.194245],[1.671815,49.194513],[1.672653,49.195117],[1.673005,49.195348],[1.673352,49.195533],[1.6738,49.195813],[1.674057,49.196024],[1.674801,49.196848],[1.675106,49.197429],[1.675193,49.197637],[1.675254,49.197983],[1.675195,49.198469],[1.675295,49.198785],[1.675648,49.199299],[1.676095,49.199899],[1.676262,49.200145],[1.676376,49.200456],[1.676479,49.201195],[1.676485,49.20192],[1.676528,49.202077],[1.676793,49.202376],[1.676892,49.202532],[1.676901,49.202664],[1.676749,49.20303],[1.676621,49.203586],[1.676484,49.203834],[1.675062,49.204042],[1.674968,49.204066],[1.674761,49.20417],[1.674451,49.204431],[1.674017,49.204688],[1.673815,49.205037],[1.673667,49.205143],[1.673298,49.205225],[1.673156,49.20541],[1.673205,49.205704],[1.673164,49.20589],[1.673207,49.206108],[1.673187,49.206245],[1.672995,49.206332],[1.672387,49.206302],[1.672206,49.206338],[1.672163,49.206457],[1.672247,49.206613],[1.672775,49.207129],[1.672918,49.207623],[1.673086,49.207899],[1.673447,49.208253],[1.674188,49.208832],[1.674174,49.208964],[1.674026,49.209126],[1.673819,49.209268],[1.673758,49.209404],[1.673884,49.209709],[1.674431,49.210386],[1.674515,49.210578],[1.674448,49.210788],[1.674142,49.211136],[1.674072,49.21129],[1.674049,49.211575],[1.673966,49.211898],[1.674189,49.211921],[1.674481,49.211692],[1.674846,49.211669],[1.675415,49.21178],[1.675769,49.211891],[1.676151,49.211868],[1.676493,49.21178],[1.676893,49.211808],[1.677006,49.21188],[1.677015,49.212017],[1.676929,49.212137],[1.676395,49.212518],[1.676424,49.212705],[1.676635,49.212815],[1.676955,49.212836],[1.677306,49.212817],[1.677473,49.212835],[1.677552,49.212919],[1.677538,49.213023],[1.677361,49.213305],[1.677353,49.21355],[1.677523,49.21363],[1.678268,49.213799],[1.678763,49.21395],[1.679179,49.214113],[1.679828,49.21433],[1.680403,49.21468],[1.680787,49.214849],[1.681121,49.215048],[1.681776,49.215675],[1.682456,49.216201],[1.682743,49.216329],[1.683008,49.216401],[1.683741,49.216516],[1.684295,49.216519],[1.68467,49.216577],[1.684789,49.21664],[1.684931,49.216807],[1.685177,49.217227],[1.685486,49.217687],[1.685653,49.217853],[1.68607,49.218148],[1.686442,49.218276],[1.686815,49.21835],[1.687705,49.218434],[1.68837,49.218438],[1.688585,49.21855],[1.688675,49.219],[1.688792,49.219269],[1.688945,49.219499],[1.689506,49.220007],[1.689944,49.220603],[1.690076,49.220698],[1.690855,49.221002],[1.691071,49.221129],[1.691141,49.221233],[1.691103,49.221414],[1.690919,49.221619],[1.690882,49.221721],[1.690852,49.222163],[1.690798,49.222613],[1.690865,49.222984],[1.690924,49.223095],[1.69127,49.223404],[1.691653,49.223588],[1.692194,49.223757],[1.69254,49.223894],[1.692951,49.223951],[1.693818,49.223996],[1.694745,49.22416],[1.695453,49.224273],[1.695949,49.224339],[1.696405,49.224437],[1.6969,49.224368],[1.697154,49.224283],[1.697675,49.224041],[1.697929,49.224042],[1.698181,49.224171],[1.698477,49.224512],[1.698678,49.224868],[1.698708,49.225358],[1.698665,49.225863],[1.698686,49.22606],[1.698757,49.226187],[1.698888,49.22629],[1.699499,49.226539],[1.699776,49.226667],[1.700027,49.226849],[1.700242,49.227041],[1.700886,49.227534],[1.701437,49.227718],[1.701823,49.227824],[1.702255,49.228015],[1.702779,49.228499],[1.703017,49.228659],[1.703245,49.228746],[1.703859,49.228845],[1.703989,49.229036],[1.704013,49.22928],[1.703823,49.229535],[1.703593,49.229618],[1.703091,49.229742],[1.702835,49.229937],[1.702912,49.230063],[1.703614,49.230293],[1.703811,49.230436],[1.703796,49.230623],[1.703612,49.230716],[1.702826,49.230915],[1.702598,49.231013],[1.702508,49.23116],[1.702589,49.231366],[1.702816,49.231486],[1.7034,49.231708],[1.703615,49.231848],[1.70402,49.231958],[1.704307,49.23207],[1.704458,49.232184],[1.704447,49.23231],[1.70435,49.232434],[1.704742,49.232922],[1.704982,49.232956],[1.705097,49.233214],[1.705191,49.233674],[1.705121,49.2338],[1.704876,49.233863],[1.704919,49.234025],[1.705151,49.234109],[1.705281,49.23425],[1.705253,49.234375],[1.706361,49.234231],[1.706669,49.234731],[1.706921,49.235635],[1.707052,49.235806],[1.708245,49.235837],[1.708348,49.235921],[1.708698,49.237122],[1.709151,49.237738],[1.709328,49.238031],[1.709637,49.238667],[1.70971,49.239083],[1.709738,49.239646],[1.70974,49.240256],[1.709672,49.240496],[1.70936,49.241348],[1.70939,49.241488],[1.711497,49.241339],[1.712587,49.24125],[1.712656,49.240665],[1.712669,49.240431],[1.712629,49.240178],[1.712425,49.239345],[1.71237,49.239019],[1.712642,49.238388],[1.713226,49.236932],[1.71321,49.236739],[1.713062,49.236075],[1.713044,49.235862],[1.713169,49.235391],[1.71319,49.235056],[1.713157,49.234786],[1.712885,49.234358],[1.712687,49.234406],[1.71227,49.23361],[1.712171,49.233298],[1.712115,49.23302],[1.712254,49.232997],[1.713256,49.233023],[1.713265,49.232818],[1.713602,49.232789],[1.713775,49.232683],[1.714341,49.232615],[1.714862,49.233024],[1.715298,49.233391],[1.716389,49.233015],[1.718,49.232441],[1.718429,49.232301],[1.719974,49.23175],[1.721184,49.231329],[1.721834,49.23108],[1.723504,49.230507],[1.723685,49.230463],[1.72549,49.230126],[1.725341,49.22983],[1.727458,49.229513],[1.729662,49.229197],[1.730381,49.228932],[1.732147,49.228119],[1.733205,49.226709],[1.733277,49.226541],[1.734826,49.226442],[1.734813,49.226292],[1.736212,49.226277],[1.736202,49.225358],[1.737983,49.225392],[1.737974,49.224959],[1.738371,49.224058],[1.740441,49.224283],[1.740459,49.223669],[1.738836,49.223172],[1.736835,49.222581],[1.735907,49.222294],[1.735163,49.221904],[1.734109,49.221277],[1.734848,49.218847],[1.735075,49.218055],[1.73568,49.216086],[1.73502,49.215988],[1.732263,49.215634],[1.733481,49.211605],[1.733682,49.210959],[1.731604,49.210583],[1.729891,49.210284],[1.730141,49.209656],[1.729369,49.209666],[1.729352,49.209746],[1.728566,49.209728],[1.724067,49.209674],[1.723005,49.209667],[1.722872,49.209679],[1.721981,49.210009],[1.721506,49.209154],[1.720219,49.206809],[1.719805,49.206936],[1.715981,49.207337],[1.714868,49.207444],[1.715991,49.204334],[1.715996,49.204289],[1.715829,49.203592],[1.715833,49.20318],[1.715794,49.203008],[1.71569,49.202827],[1.715526,49.202663],[1.716737,49.202736],[1.71841,49.202785],[1.718869,49.202188],[1.71989,49.20154],[1.720293,49.201995],[1.720464,49.202133],[1.720913,49.202384],[1.72112,49.202454],[1.721497,49.202519],[1.721787,49.202534],[1.72208,49.202503],[1.722195,49.20196],[1.722347,49.201501],[1.722786,49.20143],[1.722527,49.20097],[1.72433,49.200702],[1.725052,49.200779],[1.725242,49.199898],[1.724813,49.199871],[1.725596,49.196477],[1.72571,49.196106],[1.725811,49.195458],[1.72581,49.194627],[1.725867,49.194328],[1.725879,49.194169],[1.726876,49.19413],[1.72682,49.194958],[1.727805,49.195071],[1.727861,49.195045],[1.729134,49.195219],[1.729782,49.194815],[1.729986,49.194711],[1.730138,49.194705],[1.730635,49.194765],[1.731085,49.194952],[1.731573,49.195081],[1.732109,49.195186],[1.732548,49.195202],[1.73295,49.195182],[1.733711,49.195093],[1.734592,49.19503],[1.735081,49.195053],[1.735903,49.195009],[1.73681,49.194893],[1.737268,49.19479],[1.737287,49.194458],[1.737269,49.194128],[1.737157,49.193787],[1.736967,49.193443],[1.736656,49.193053],[1.736445,49.19283],[1.73989,49.192075],[1.739594,49.191223],[1.739442,49.190622],[1.740461,49.190554],[1.740578,49.1894],[1.740251,49.188334],[1.741089,49.188369],[1.741026,49.187604],[1.741003,49.185673],[1.743643,49.183782],[1.744287,49.183307],[1.740794,49.181233],[1.740102,49.18081],[1.742396,49.17984],[1.75093,49.176238],[1.751845,49.175805],[1.752362,49.175469],[1.753181,49.175322],[1.754858,49.174591],[1.757768,49.175907],[1.759353,49.176607],[1.761933,49.177779],[1.765001,49.179156],[1.765933,49.179581],[1.766951,49.180033],[1.767169,49.180091],[1.768815,49.180777],[1.76997,49.181265],[1.772088,49.182138],[1.776864,49.18415],[1.776392,49.184883],[1.77696,49.185004],[1.777522,49.184027],[1.779227,49.184227],[1.779145,49.184337],[1.7809,49.184543],[1.780929,49.184324],[1.782558,49.184906],[1.782976,49.185038],[1.784149,49.185511],[1.784799,49.185816],[1.785096,49.185567],[1.786702,49.184164],[1.786369,49.183079],[1.787701,49.182259],[1.788631,49.181487],[1.789704,49.18179],[1.790945,49.179969],[1.792833,49.180177],[1.793628,49.180269],[1.793939,49.180305],[1.793502,49.182654],[1.79399,49.182733],[1.794184,49.183172],[1.794607,49.184045],[1.794848,49.184504],[1.794991,49.184822],[1.795279,49.184916],[1.795474,49.185263],[1.796947141557351,49.18522751416821],[1.79701,49.185226],[1.797593,49.185209],[1.798839923560113,49.185186026764036],[1.803075,49.185108],[1.80305,49.183711],[1.803089,49.183702],[1.803036,49.183071],[1.803085,49.182735],[1.803313,49.18185],[1.801209,49.181775],[1.801016,49.182294],[1.799967,49.1823],[1.800259,49.180409],[1.801578,49.180666],[1.802278,49.180786],[1.803554,49.18095],[1.803551,49.179959],[1.806285,49.180127],[1.807378,49.179947],[1.808309,49.179587],[1.808355492594363,49.17957549880535],[1.810787,49.178974],[1.811603,49.17878],[1.813082,49.178339],[1.814085,49.176375],[1.814462743877074,49.176140932005644],[1.814482,49.176129],[1.81446091380552,49.17612104881646],[1.811297,49.174928],[1.811784,49.173972],[1.813378,49.174397],[1.813895,49.173632],[1.814235387714626,49.173670774170105],[1.815958,49.173867],[1.815646,49.174948],[1.817204,49.175204],[1.817345,49.17528],[1.817316,49.175579],[1.819209,49.175884],[1.819519,49.17695],[1.820945956609185,49.17754236432481],[1.821065550986964,49.17759201085392],[1.82141,49.177735],[1.822171,49.178067],[1.822256,49.178125],[1.823518,49.178718],[1.825871,49.179348],[1.826488,49.179518],[1.826821,49.17965],[1.828105,49.178354],[1.829243,49.177697],[1.830765,49.177257],[1.831922,49.177345],[1.832525,49.176007],[1.834227,49.175913],[1.834919,49.176888],[1.83585,49.176413],[1.834823,49.175436],[1.834716,49.174455],[1.835514,49.174114],[1.835421,49.173964],[1.83582,49.173784],[1.836115,49.173588],[1.836304,49.173556],[1.836703,49.173404],[1.836925,49.173269],[1.837243,49.173127],[1.837452,49.172801],[1.837412,49.171726],[1.837378,49.1716],[1.836847,49.170991],[1.836521,49.170669],[1.836223,49.170428],[1.835961,49.170141],[1.835785,49.169724],[1.835738,49.169426],[1.835713,49.168773],[1.835678,49.168553],[1.835375,49.168018],[1.835123,49.167342],[1.835082,49.167072],[1.835176,49.166751],[1.835231,49.166256],[1.835182,49.166052],[1.835013,49.165774],[1.834328,49.16521],[1.834305,49.165173],[1.833818417697014,49.16446371271988],[1.833785,49.164415],[1.833591,49.164173],[1.833525,49.16369],[1.833446,49.163517],[1.833114,49.163078],[1.833279,49.162925],[1.833277,49.162376],[1.832797,49.162384],[1.833395,49.161286],[1.834394,49.16134],[1.834561,49.161368],[1.834956,49.161232],[1.835118,49.160666],[1.834624,49.16058],[1.837225,49.156947],[1.83555,49.15696],[1.833879,49.152906],[1.834566,49.152898],[1.838452,49.152826],[1.838342,49.152556],[1.837168,49.149786],[1.836849,49.14893],[1.836654,49.148463],[1.836513,49.148268],[1.836366,49.14813],[1.838214,49.1476],[1.837261,49.146216],[1.841781,49.144919],[1.840843,49.14349],[1.84714,49.14175],[1.847269,49.142411],[1.847399,49.142857],[1.847879,49.144323],[1.85752,49.143295],[1.856765,49.1423],[1.856286,49.14164],[1.855859,49.141114],[1.855205,49.14021],[1.858549,49.140093],[1.862502,49.139932],[1.865722,49.139695],[1.867033,49.138282],[1.867361,49.137847],[1.867525,49.137524],[1.86766,49.13713],[1.867936,49.136411],[1.868186,49.136158],[1.869131,49.135283],[1.868121,49.13381],[1.866546,49.13282],[1.865974,49.132418],[1.868489,49.131039],[1.868645,49.13115],[1.870776,49.129997],[1.873493,49.128859],[1.87478,49.128313],[1.876525,49.127552],[1.877508,49.12715],[1.876662,49.127096],[1.875636,49.126953],[1.875061,49.126938],[1.872659,49.125185],[1.873806,49.124722],[1.874501,49.124405],[1.875636,49.123867],[1.876338,49.123592],[1.877414,49.123137],[1.878065,49.12291],[1.878931,49.12273],[1.8793,49.122582],[1.879837,49.122261],[1.880995,49.121685],[1.88258,49.121062],[1.883553,49.120643],[1.883199,49.1201],[1.882429,49.119491],[1.88135,49.118685],[1.886808,49.116047],[1.887084,49.116282],[1.887243,49.116212],[1.887918,49.115833],[1.889342,49.115093],[1.889829,49.114885],[1.890482,49.114538],[1.891479,49.115377],[1.892991,49.116633],[1.893413,49.116443],[1.896388,49.115244],[1.897501,49.114825],[1.898182,49.11458],[1.899262,49.114088],[1.90046,49.113529],[1.901596,49.113054],[1.902488,49.112647],[1.903166,49.112388],[1.90444,49.111828],[1.904897,49.111697],[1.905411,49.111506],[1.905875,49.111314],[1.907372,49.110684],[1.908879,49.110044],[1.909248,49.109902],[1.911578,49.108868],[1.913217,49.108221],[1.913853,49.107984],[1.914123,49.107883],[1.914816,49.107549],[1.915512,49.107242],[1.917227,49.106528],[1.918782,49.105845],[1.919756,49.105451],[1.92008,49.105293],[1.920874,49.10496],[1.922758,49.104138],[1.924182,49.103563],[1.924382,49.103463],[1.925845,49.102821],[1.926047,49.102757],[1.925487,49.102105],[1.925178,49.101815],[1.923976,49.101279],[1.921846,49.09478],[1.925737,49.094482],[1.935191,49.092254],[1.936022,49.091781],[1.941422,49.091298],[1.941577,49.091485],[1.941709,49.091402],[1.943178,49.090616],[1.944252,49.090034],[1.945765,49.089202],[1.946086,49.089037],[1.946232,49.088995],[1.946319,49.08884],[1.946422,49.088498],[1.946531,49.088263],[1.946506,49.088208],[1.946576,49.08794],[1.946952,49.087819],[1.94711,49.087729],[1.948167,49.087057],[1.948752,49.087623],[1.950697,49.08616],[1.951196,49.085766],[1.953267,49.084516],[1.95339,49.084309],[1.955055,49.083004],[1.952042,49.081389],[1.952286,49.081113],[1.952493,49.080789],[1.953089,49.080054],[1.953347,49.079685],[1.953902,49.079081],[1.952999,49.078322],[1.956468,49.076423],[1.955443,49.075639],[1.961039,49.073281],[1.959097,49.071694],[1.95999,49.071565],[1.960691,49.071509],[1.961494,49.071483],[1.962679,49.071473],[1.963915,49.071436],[1.964679,49.071345],[1.965139,49.071267],[1.96496,49.071097],[1.964646,49.070739],[1.964172,49.070071],[1.963865,49.069603],[1.963426,49.069029],[1.9622,49.067513],[1.962622,49.067379],[1.963684,49.066962],[1.964504,49.066675],[1.966271,49.066112],[1.965925,49.065615],[1.966274,49.065519],[1.966834,49.065483],[1.967642,49.066306],[1.967935,49.066182],[1.968451,49.065907],[1.969311,49.065546],[1.970076,49.065241],[1.969971,49.065459],[1.969321,49.065728],[1.969748,49.066144],[1.970146,49.065312],[1.971392,49.06637],[1.971855,49.066823],[1.971933,49.066924],[1.972744,49.066707],[1.975138,49.066021],[1.975262,49.066232],[1.975891,49.067102],[1.976648,49.068081],[1.977471,49.067882],[1.978729,49.069234],[1.979023,49.069107],[1.980286,49.068621],[1.982258,49.067837],[1.986201,49.066303],[1.986795,49.066059],[1.988229,49.065512],[1.989356,49.065187],[1.992023,49.064449],[1.994778,49.063702],[1.995064,49.063636],[1.994796,49.06336],[1.993996,49.062638],[1.993097,49.061789],[1.992458,49.061212],[1.99468,49.060594],[1.996802,49.060011],[1.99724,49.059882],[2.000364871914246,49.059021045934706],[2.000434,49.059002],[2.002203,49.058509],[2.002405958199244,49.05840329260456],[2.002539,49.058334],[2.003091,49.058152],[2.004061,49.057875],[2.004751,49.05771],[2.005814,49.057515],[2.005981858385483,49.057473812525785],[2.00613388426558,49.05743650987928],[2.006246,49.057409],[2.008153733035426,49.05689859400013],[2.01072,49.056212],[2.010012,49.055572],[2.008386,49.055188],[2.007419856345214,49.055018450697105],[2.006705,49.054893],[2.005414219119547,49.05453143956507],[2.005065533277754,49.05443376922727],[2.004156,49.054179],[2.003239,49.053794],[2.003077003324522,49.05370597672806],[2.002282,49.053274],[2.002236022753558,49.05324409479971],[2.000727091139276,49.0522626331932],[2.000139059971096,49.05188015726816],[1.999982,49.051778],[2.000317961143714,49.051673069094065],[2.001525559296032,49.051295899381145],[2.00301802533097,49.05082975674515],[2.003509835808323,49.05067614934173],[2.003896514577677,49.05055537777534],[2.00439098186804,49.05040094056823],[2.004775,49.050281],[2.004636139691733,49.05002447612834],[2.004520212117962,49.04981031709019],[2.004454,49.049688],[2.004907780615856,49.04959855285938],[2.005088744802655,49.049562882034095],[2.005347511918277,49.04951187505457],[2.006199012738552,49.04934403114289],[2.00695,49.049196],[2.006820529072913,49.048906594398275],[2.00675663265309,49.048763767106905],[2.006695,49.048626],[2.006728435677601,49.04861946493824],[2.00699171871005,49.04856800580836],[2.007253812321653,49.04851677915286],[2.007541012615851,49.04846064535228],[2.007754164686386,49.048418984406716],[2.008322,49.048308],[2.008121,49.047695],[2.008009249992615,49.04750580919802],[2.007995571765213,49.047482652199],[2.007952959839715,49.04741051095671],[2.007934395616815,49.04737908205303],[2.007893,49.047309],[2.008373,49.047208],[2.00847,49.046828],[2.009018,49.046739],[2.008310323261987,49.04617681884438],[2.008196,49.046086],[2.008059577352935,49.04594703136264],[2.007553,49.045431],[2.007405290320638,49.04518472141009],[2.007322109264762,49.04504603237335],[2.007172618595759,49.04479678431238],[2.007039,49.044574],[2.007160652953344,49.04454949436911],[2.008110331160879,49.044358192284136],[2.008354638144261,49.04430897936662],[2.008678783260465,49.04424368394753],[2.009056444070931,49.044167608388584],[2.009541,49.04407],[2.010222500553569,49.043917448132554],[2.01043,49.043871],[2.011031,49.043475],[2.011286562083523,49.04329068470202],[2.011368835071838,49.04323134815981],[2.011509267417255,49.043130066196404],[2.011596867706452,49.04306688752301],[2.011708402663156,49.04298644679997],[2.011819236977615,49.042906511390875],[2.011930346711164,49.04282637734531],[2.012026561975388,49.04275698541967],[2.012120924946895,49.04268892939598],[2.012217570298371,49.04261922728481],[2.012320807291589,49.042544771180424],[2.012424545047087,49.0424699539186],[2.012525341127734,49.042397258237834],[2.012620447027536,49.042328666402845],[2.012766456430545,49.04222336217989],[2.012907,49.042122],[2.013050323312258,49.04201679902225],[2.013546948589759,49.04165227029386],[2.013578353280419,49.04162921888574],[2.013595,49.041617],[2.013757214717327,49.0415214032364],[2.014476875495732,49.041097291032294],[2.014569,49.041043],[2.016118,49.040159],[2.015934,49.039712],[2.016037,49.039664],[2.016994178118491,49.03940700057033],[2.017212840425016,49.03934829040241],[2.017263743226977,49.03933462315404],[2.01748335763433,49.039275657349926],[2.017897705650263,49.039164406160914],[2.018186,49.039087],[2.018282492270049,49.03905423026471],[2.01885728451482,49.03885902509752],[2.019673,49.038582],[2.020228165160766,49.03862989326808],[2.020844047129847,49.0386830244844],[2.021632,49.038751],[2.021753942093962,49.03837501187695],[2.021763088592679,49.03834681017258],[2.021836,49.038122],[2.022807930083417,49.03816413729968],[2.023589,49.038198],[2.024347,49.03832],[2.02544313855847,49.038385404037854],[2.025671,49.038399],[2.025556,49.038694],[2.025552,49.038844],[2.026086,49.038944],[2.02619,49.038716],[2.02637634521011,49.03848784656967],[2.026658,49.038143],[2.026822,49.037903],[2.026942,49.037595],[2.027043,49.037461],[2.027074426256084,49.03744528687196],[2.027203,49.037381],[2.027441268443908,49.03732331395569],[2.027719768335588,49.03725588766612],[2.027773,49.037243],[2.027851944345544,49.03723306390133],[2.028064712299165,49.03720628448649],[2.028152077546871,49.037195288515655],[2.028353,49.03717],[2.028439274211953,49.03716632273851],[2.028578930339445,49.03716037018226],[2.028963,49.037144],[2.029181946859342,49.037150665829444],[2.029327528447487,49.03715509805578],[2.02939,49.037157],[2.029898,49.037103],[2.030265054674007,49.03699998613285],[2.030460526167398,49.03694512707266],[2.030575,49.036913],[2.030712,49.036734],[2.031019771611593,49.036789257533606],[2.031191,49.03682],[2.031561653086937,49.036874887652246],[2.031765,49.036905],[2.032028158056642,49.036935062758126],[2.032369,49.036974],[2.03274,49.037035],[2.032914372895052,49.03708687593628],[2.03314,49.037154],[2.033462,49.037272],[2.033914,49.037526],[2.033932078358597,49.03754166791078],[2.034169,49.037747],[2.034749547110702,49.03845331953627],[2.034926,49.038668],[2.035729,49.038304],[2.036696,49.037386],[2.036864,49.037529],[2.037055,49.037346],[2.037696,49.036929],[2.038986,49.036035],[2.039719,49.035536],[2.038249,49.034014],[2.038162692377668,49.03392295472776],[2.037411,49.03313],[2.036696,49.032061],[2.03653,49.031664],[2.036479,49.031331],[2.036479,49.031049],[2.036537268773901,49.03068700524214],[2.036559,49.030552],[2.036714,49.030085],[2.036960521956503,49.02972488459295],[2.03702,49.029638],[2.037237730915532,49.02935258887217],[2.037435,49.029094],[2.037657438214105,49.02886602062042],[2.037761641389023,49.028759221636875],[2.038315157312208,49.0281919170608],[2.038474588516944,49.028028514260214],[2.038559,49.027942],[2.03880449855143,49.02771213000357],[2.039392264861664,49.02716178117728],[2.03969,49.026883],[2.039812380804733,49.02674965803362],[2.040773,49.025703],[2.039552297798802,49.02526983429833],[2.038804958362231,49.02500464118971],[2.037993493674896,49.02471669326078],[2.037814,49.024653],[2.037511751609175,49.02457550041261],[2.037463,49.024563],[2.037367659550317,49.02451703634645],[2.037044,49.024361],[2.037135192741904,49.024142561571715],[2.037259,49.023846],[2.036757,49.023852],[2.036463950146785,49.02381568791751],[2.036088846006617,49.023769208411274],[2.035724,49.023724],[2.035312,49.023605],[2.035141,49.023503],[2.035072839145034,49.023449039323154],[2.034685,49.023142],[2.034709842103965,49.023102576661095],[2.034915,49.022777],[2.03514,49.022485],[2.035101,49.022368],[2.034906579925655,49.02218217673166],[2.034807,49.022087],[2.03454,49.02199],[2.033994,49.021859],[2.033959203955833,49.0218528437768],[2.033681071529873,49.021803635732205],[2.033476192584887,49.021767387918864],[2.033344,49.021744],[2.033200314041414,49.021730049906935],[2.033035,49.021714],[2.032949,49.021669],[2.032344,49.021629],[2.032139724874933,49.02165107110547],[2.03209507825813,49.0216558949928],[2.031909,49.021676],[2.031692,49.021588],[2.031626,49.021466],[2.031662,49.02136],[2.031921,49.021215],[2.032399,49.020289],[2.031994576691643,49.020209957114304],[2.030475297534875,49.019913020201315],[2.030202107161445,49.019859626257364],[2.030056230106738,49.01983111518215],[2.029237,49.019671],[2.029159851794152,49.01948548755126],[2.029064,49.019255],[2.028903,49.018975],[2.028890939888907,49.01897454490147],[2.028797,49.018971],[2.028474964940162,49.019067391446484],[2.028369418644068,49.01909898353511],[2.028137990191856,49.019168254636455],[2.027915,49.019235],[2.027634816976613,49.01932268820308],[2.027593921454784,49.019335487175624],[2.027441350203896,49.01938323703095],[2.027275370826954,49.01943518319506],[2.027158959639552,49.019471616122786],[2.027113,49.019486],[2.0270603085365,49.01950124902408],[2.026954451145852,49.01953188438306],[2.026836545431949,49.019566006552985],[2.026597147612938,49.019635288802235],[2.026377,49.019699],[2.025873248443324,49.01985638285773],[2.025427552638966,49.019995627845546],[2.025326141621786,49.02002731083586],[2.025253363837002,49.020050048186434],[2.025183925816107,49.0200717421227],[2.025071694811424,49.020106805510615],[2.024965828607465,49.02013988039742],[2.024885775365326,49.02016489075789],[2.024791499557704,49.020194344554746],[2.024783,49.020197],[2.024693301004629,49.020215399793926],[2.024588,49.020237],[2.024531648420546,49.02025427073511],[2.024385420773757,49.02029908685166],[2.024329175859363,49.02031632489586],[2.024270427167985,49.020334330302205],[2.024215451383502,49.02035117938115],[2.024157417545753,49.020368965697855],[2.024098655652672,49.02038697515029],[2.023791287434716,49.02048117792372],[2.023464417709192,49.020581357554846],[2.023352385575362,49.02061569336806],[2.023281006518779,49.020637569751834],[2.023155153429609,49.02067614143671],[2.022974775918011,49.020731423866266],[2.022919116959213,49.02074848232572],[2.02286533686727,49.020764964946636],[2.022652768571795,49.02083011326649],[2.022547466260165,49.020862386511496],[2.022359449319154,49.02092001028735],[2.021919,49.021055],[2.021789392965539,49.02107011615521],[2.021456,49.021109],[2.021333251029612,49.02111200434543],[2.02117,49.021116],[2.020925325294673,49.021107084270426],[2.020796000582766,49.02110237179245],[2.020675273557359,49.02109797260656],[2.020547453246308,49.02109331494763],[2.020311163143717,49.02108470474555],[2.0201845,49.02108008925277],[2.020028777597179,49.02107441486632],[2.019716251833128,49.02106302670425],[2.019481041580164,49.02105445585094],[2.019378270639406,49.02105071096887],[2.019221907316133,49.02104501322785],[2.01906697230439,49.021039367533234],[2.019002,49.021037],[2.018845073426534,49.02103076806487],[2.018829764456585,49.02103016010851],[2.018585414697302,49.02102045638647],[2.018386705998083,49.021012565181714],[2.018164157740036,49.0210037272502],[2.018000678883014,49.020997235107984],[2.017690502389528,49.02098491724656],[2.017349100823421,49.020971359361695],[2.017294729371116,49.020969200139355],[2.016913050507078,49.02095404274523],[2.01661590099637,49.020942242216904],[2.016256159463436,49.02092795600745],[2.016081,49.020921],[2.014761401035778,49.02088571267394],[2.014286,49.020873],[2.014214474029582,49.02086872187721],[2.01312208388816,49.02080338366311],[2.013113179330292,49.02080285106227],[2.012907098841674,49.02079052494308],[2.012704495254563,49.02077840678488],[2.012524762237219,49.02076765656486],[2.012263,49.020752],[2.010836,49.020658],[2.010496002367023,49.02342782364876],[2.010469592063808,49.023642977741964],[2.010269296991941,49.02527470094523],[2.010161410116015,49.02615361182975],[2.010120543769946,49.02648653347626],[2.010072,49.026882],[2.010017,49.027341],[2.005717619114557,49.02768869245239],[2.004627623827382,49.02777684075666],[2.004502,49.027787],[2.0022455,49.027424157645825],[2.00175734639304,49.02734566316146],[2.000696,49.027175],[2.000268,49.02717],[1.999157384898548,49.02719157444876],[1.999084,49.027193],[1.999106472586613,49.0269292024776],[1.999348,49.024094],[1.998887,49.024087],[1.998912,49.023931],[1.998523301682996,49.02392388424134],[1.998475,49.023923],[1.99847,49.023668],[1.997666,49.023661],[1.997247,49.023632],[1.996614,49.023631],[1.995638,49.023674],[1.995141,49.023718],[1.993843,49.02385],[1.993195,49.023909],[1.992414,49.023884],[1.9918,49.023797],[1.991436,49.023762],[1.992191,49.021045],[1.991684,49.020999],[1.990618252694391,49.02080944020256],[1.98966,49.020639],[1.989015,49.020507],[1.988154,49.020305],[1.9863,49.019849],[1.986063,49.019798],[1.98550149342491,49.01970340540736],[1.985327681953593,49.01967412413791],[1.983469,49.019361],[1.982683,49.019242],[1.982119,49.01918],[1.981652420551116,49.01913366383404],[1.979944,49.018964],[1.979664,49.018943],[1.979164,49.018947],[1.978828,49.018975],[1.975741374952607,49.01930685983584],[1.974131,49.01948],[1.973522,49.019822],[1.973063889106007,49.02016420883781],[1.972808854600508,49.02035471961342],[1.972522,49.020569],[1.972379353300986,49.020611998014886],[1.969795,49.021391],[1.969206,49.021586],[1.969048,49.021691],[1.968823,49.021775],[1.968119,49.022116],[1.967565,49.022282],[1.967143,49.022445],[1.966853,49.022584],[1.966709,49.022744],[1.966693,49.022873],[1.966349135307361,49.0232233720922],[1.965908768707068,49.02367207232338],[1.965689,49.023896],[1.965394,49.02409],[1.965307,49.024211],[1.964711,49.024771],[1.964278,49.025251],[1.96406,49.025393],[1.963715,49.024959],[1.963453,49.02467],[1.963251,49.02451],[1.962722,49.024248],[1.962319,49.024079],[1.962043,49.023931],[1.961878,49.023797],[1.961759,49.023646],[1.961564,49.023263],[1.961352,49.023142],[1.960275,49.023092],[1.960114,49.02305],[1.959902,49.02294],[1.959413,49.022618],[1.959315,49.022525],[1.958704,49.02227],[1.958356,49.022175],[1.95807,49.022132],[1.95787,49.022068],[1.957316,49.021939],[1.956727,49.021824],[1.956197,49.02217],[1.955947,49.022373],[1.955418,49.022895],[1.955281,49.023263],[1.954987,49.024202],[1.9549,49.024719],[1.954762,49.024729],[1.954401,49.024668],[1.952369,49.024514],[1.951211,49.024469],[1.949524,49.024291],[1.949407,49.025163],[1.949191,49.025867],[1.94869,49.025824],[1.948598,49.026146],[1.948483,49.026341],[1.948473,49.026503],[1.948189,49.026537],[1.947197,49.026594],[1.946441,49.026483],[1.945737,49.026001],[1.945389,49.025703],[1.945105,49.025133],[1.944464,49.023789],[1.943959,49.02394],[1.942939,49.023989],[1.942619,49.02399],[1.942292,49.023926],[1.942032,49.02377],[1.941668,49.02363],[1.941187,49.023508],[1.940714,49.023262],[1.940221,49.022938],[1.939676,49.022533],[1.939244,49.022303],[1.93868,49.022091],[1.938138,49.02192],[1.937885,49.021891],[1.937818,49.021914],[1.93745,49.022225],[1.937025,49.02266],[1.936596,49.023062],[1.936105,49.023601],[1.935321,49.02442],[1.934878,49.024825],[1.934275,49.02562],[1.93445,49.025723],[1.933367,49.026764],[1.933107,49.026688],[1.933045,49.026784],[1.93227,49.027809],[1.931484,49.028453],[1.931234,49.028369],[1.930543,49.029017],[1.930009,49.029461],[1.929878,49.029543],[1.927898,49.031197],[1.927491,49.031552],[1.926694,49.032206],[1.925134,49.033253],[1.923501,49.035043],[1.922982,49.034818],[1.922535,49.035212],[1.92233,49.035048],[1.917998,49.03744],[1.918374,49.037962],[1.918243,49.038068],[1.916491,49.039606],[1.915798,49.039892],[1.914804,49.040352],[1.912319,49.041473],[1.912763,49.042425],[1.912904,49.042798],[1.913204,49.043881],[1.913676,49.04482],[1.914046,49.045641],[1.914132,49.045783],[1.913518,49.045905],[1.913025,49.046074],[1.912576,49.046192],[1.911903,49.046437],[1.910809,49.046935],[1.908804,49.047896],[1.908621,49.048011],[1.90846,49.048181],[1.905719,49.047157],[1.906017,49.046765],[1.906442,49.046258],[1.906587,49.046113],[1.904721,49.045336],[1.903568,49.044847],[1.902917,49.044516],[1.900815,49.043354],[1.901764,49.042212],[1.899884,49.041665],[1.898268,49.041217],[1.896146,49.04061],[1.894849,49.040259],[1.893922,49.040019],[1.892895,49.03977],[1.891289,49.039368],[1.891143,49.039306],[1.891776,49.038874],[1.892477,49.038417],[1.894172,49.03729],[1.893074,49.036951],[1.890773,49.036277],[1.890482,49.036212],[1.888414,49.035823],[1.887632,49.035643],[1.886989,49.03541],[1.886457,49.03518],[1.885775,49.03486],[1.883894,49.034005],[1.883278,49.033709],[1.884556,49.031314],[1.884388,49.031133],[1.884569,49.031048],[1.883889,49.030241],[1.883394,49.02964],[1.883076,49.029231],[1.882268,49.028225],[1.882149,49.027775],[1.881722,49.026062],[1.881647,49.025641],[1.881692,49.025104],[1.881719,49.022895],[1.881737,49.019732],[1.881196,49.019826],[1.880475,49.019925],[1.879864,49.019988],[1.879527,49.01995],[1.879407,49.019907],[1.878913,49.019878],[1.878562,49.019817],[1.877966,49.019583],[1.877551,49.019369],[1.877378,49.019166],[1.876133,49.01795],[1.875636,49.01742],[1.87555,49.017162],[1.87374,49.017843],[1.87206,49.01877],[1.871611,49.01903],[1.87105,49.019312],[1.870535,49.019544],[1.870069,49.0192],[1.869924,49.019064],[1.869691,49.018776],[1.8684,49.017497],[1.867892,49.016691],[1.86763,49.01685],[1.866841,49.016317],[1.863266,49.01466],[1.861384,49.014012],[1.859583,49.013877],[1.859277,49.013843],[1.859273,49.014031],[1.85969,49.014461],[1.86034,49.014991],[1.860473,49.015168],[1.860517,49.015325],[1.860404,49.015773],[1.860315,49.016247],[1.86028,49.016793],[1.860163,49.017251],[1.86045,49.018089],[1.860519,49.018137],[1.861114,49.018336],[1.861339,49.018316],[1.861432,49.018401],[1.861484,49.018742],[1.861562,49.019047],[1.861752,49.01948],[1.861931,49.019674],[1.862166,49.02003],[1.862373,49.020174],[1.862515,49.020208],[1.862792,49.020345],[1.862922,49.020538],[1.862885,49.020709],[1.863268,49.020892],[1.863804,49.021254],[1.863977,49.021337],[1.864797,49.021579],[1.86517,49.021719],[1.865142,49.021793],[1.864932,49.022011],[1.864598,49.022234],[1.863809,49.022598],[1.863353,49.022826],[1.862789,49.023057],[1.862358,49.02318],[1.860875,49.023503],[1.860027,49.023649],[1.85927,49.02383],[1.859594,49.024998],[1.859443,49.025022],[1.859503,49.025522],[1.859688,49.025528],[1.859734,49.025805],[1.859757,49.026429],[1.859725,49.026496],[1.859815,49.027431],[1.85972,49.027976],[1.859469,49.028963],[1.859391,49.029308],[1.859319,49.02992],[1.859229,49.030221],[1.859118,49.030464],[1.858855,49.031385],[1.858793,49.031945],[1.858801,49.032401],[1.858299,49.032417],[1.856963,49.032374],[1.856656,49.032372],[1.855919,49.032419],[1.854999,49.032538],[1.853618,49.032888],[1.852477,49.033164],[1.852157,49.033204],[1.851555,49.033209],[1.851075,49.033293],[1.851538,49.034427],[1.851861,49.035374],[1.852058,49.035339],[1.852594,49.035313],[1.853196,49.035184],[1.853574,49.035123],[1.853992,49.035084],[1.854784,49.035057],[1.855302,49.035072],[1.855335,49.035634],[1.855164,49.035653],[1.855148,49.036626],[1.855536,49.036534],[1.855622,49.036538],[1.855759,49.037637],[1.855889,49.037641],[1.856522,49.038245],[1.856724,49.038602],[1.857581,49.039998],[1.857863,49.040475],[1.859092,49.041566],[1.860416,49.046283],[1.861218,49.049154],[1.861518,49.049678],[1.863724,49.05448],[1.865062,49.057489],[1.864543,49.057629],[1.864158,49.057795],[1.863957,49.057959],[1.863481,49.058393],[1.863381,49.058518],[1.86297,49.058797],[1.862409,49.059215],[1.862253,49.059228],[1.861934,49.059072],[1.86178,49.059081],[1.861157,49.059237],[1.860886,49.059286],[1.860542,49.059391],[1.859826,49.059582],[1.859371,49.05973],[1.859148,49.059784],[1.858444,49.060014],[1.857732,49.060334],[1.856846,49.060821],[1.856786,49.060867],[1.855413,49.061129],[1.855725,49.061438],[1.855375,49.061631],[1.855076,49.061846],[1.854445,49.062109],[1.853939,49.062259],[1.853324,49.062418],[1.851546,49.062839],[1.850452,49.062155],[1.848957,49.06247],[1.848898,49.06188],[1.847365,49.062035],[1.846359,49.061241],[1.844974,49.062134],[1.844691,49.06243],[1.844517,49.062712],[1.844273,49.063236],[1.844047,49.063294],[1.843597,49.063465],[1.843263,49.063572],[1.842859,49.063668],[1.842728,49.063727],[1.842182,49.064075],[1.841915,49.064266],[1.841669,49.064386],[1.840917,49.064598],[1.841349,49.065301],[1.841174,49.066017],[1.840571,49.06934],[1.840187,49.069522],[1.839613,49.069717],[1.8391,49.069767],[1.838745,49.070021],[1.838597,49.070218],[1.838324,49.070449],[1.837521,49.070927],[1.837137,49.071329],[1.83669,49.071707],[1.836295,49.071939],[1.836211,49.071954],[1.835781,49.072215],[1.835452,49.072529],[1.835256,49.072934],[1.835069,49.073217],[1.834753,49.073368],[1.834389,49.073509],[1.832798,49.074002],[1.832171,49.074236],[1.831764,49.074527],[1.831561,49.074649],[1.831217,49.074936],[1.831039,49.075149],[1.830911,49.075188],[1.830292,49.075258],[1.830128,49.075315],[1.829804,49.075618],[1.829436,49.075826],[1.829084,49.076052],[1.82877,49.07622],[1.828483,49.076272],[1.827166,49.076281],[1.825658,49.076307],[1.82445,49.076291],[1.823426,49.076296],[1.822734,49.076293],[1.818815,49.076388],[1.817511,49.076456],[1.815213,49.076425],[1.815185,49.07632],[1.814788,49.075693],[1.814622,49.075502],[1.814375,49.075296],[1.813413,49.074769],[1.813019,49.074506],[1.812835,49.07442],[1.812414,49.074162],[1.812171,49.073988],[1.811877,49.073815],[1.810915,49.073151],[1.810792,49.073084],[1.810496,49.073028],[1.809645,49.073127],[1.808367,49.073259],[1.807891,49.073273],[1.807097,49.073166],[1.806806,49.073154],[1.806074,49.073205],[1.805492,49.073322],[1.804659,49.073598],[1.804183,49.073817],[1.803907,49.073741],[1.801667,49.073288],[1.800701,49.07306],[1.799859,49.072891],[1.798732,49.072598],[1.798197,49.072434],[1.797405,49.072236],[1.796823,49.07207],[1.797447,49.070361],[1.797633,49.06966],[1.798024,49.068319],[1.798279,49.067588],[1.798556,49.066692],[1.798808,49.066673],[1.799425,49.066669],[1.799605,49.066686],[1.799806,49.065229],[1.799894,49.06479],[1.799964,49.064326],[1.797809,49.063954],[1.79725,49.063846],[1.796498,49.06373],[1.795075,49.063366],[1.795433,49.063301],[1.795627,49.063203],[1.796506,49.062913],[1.796716,49.0628],[1.797086,49.062722],[1.797274,49.062424],[1.796496,49.062129],[1.795403,49.061732],[1.794064,49.06122],[1.7936,49.06103],[1.792626,49.060669],[1.794095,49.058861],[1.794354,49.05856],[1.791131,49.057846],[1.790925,49.057794],[1.789292,49.057895],[1.788719,49.057932],[1.785749,49.057684],[1.785855,49.057368],[1.783707,49.057217],[1.783643,49.056907],[1.783638,49.05673],[1.781736,49.056743],[1.781303,49.056683],[1.780714,49.056645],[1.779459,49.056628],[1.778429,49.05693],[1.777759,49.057113],[1.777071,49.057266],[1.776468,49.057362],[1.775925,49.057471],[1.775314,49.05763],[1.775035,49.057648],[1.774664,49.057542],[1.773331,49.057071],[1.773238,49.057028],[1.772565,49.057201],[1.771611,49.057461],[1.771237,49.057551],[1.770732,49.05765],[1.770315,49.057694],[1.769906,49.057674],[1.769555,49.057618],[1.769031,49.0575],[1.768915,49.057593],[1.768451,49.058067],[1.76817,49.058035],[1.767412,49.057887],[1.766714,49.059276],[1.765424,49.060009],[1.764875,49.059675],[1.764426,49.059291],[1.763747,49.059953],[1.762629,49.060988],[1.761658,49.061879],[1.761478,49.06274],[1.761076,49.062415],[1.759987,49.063426],[1.759912,49.063511],[1.759264,49.063088],[1.757249,49.061842],[1.756788,49.061608],[1.756105,49.061394],[1.755553,49.061125],[1.754235,49.060458],[1.753487,49.060093],[1.753729,49.059984],[1.754237,49.059703],[1.754581,49.059626],[1.754821,49.059546],[1.755138,49.059393],[1.756722,49.058506],[1.757201,49.058325],[1.757489,49.057989],[1.75386,49.056545],[1.753139,49.056032],[1.752727,49.056203],[1.749557,49.053547],[1.750558,49.050872],[1.751187,49.047971],[1.749234,49.048063],[1.749268,49.048143],[1.748,49.048444],[1.747786,49.047924],[1.747153,49.048029],[1.746179,49.048174],[1.745793,49.047527],[1.739344,49.048243],[1.73795,49.048417],[1.735493,49.048737],[1.733474,49.049598],[1.731857,49.050514],[1.731529,49.050323],[1.729953,49.049316],[1.728965,49.048657],[1.728251,49.048204],[1.726252,49.046881]],[[1.796498,49.167361],[1.796696575955256,49.168364763463586],[1.797465,49.172249],[1.796498,49.167361]],[[1.797422,49.166851],[1.796682221421193,49.16725931934545],[1.796498,49.167361],[1.797422,49.166851]],[[1.797041,49.164726],[1.79709403215571,49.16476426478365],[1.798912,49.166076],[1.797041,49.164726]],[[1.8040958892394547,49.144610513344894],[1.803784164005668,49.14473345217305],[1.803514,49.14484],[1.8040958892394547,49.144610513344894]],[[1.8051022328139035,49.1442136295307],[1.804604055387194,49.144410101751795],[1.8045507049039164,49.14443114222329],[1.8051022328139035,49.1442136295307]],[[1.812893,49.141138],[1.812169473357412,49.14142386137155],[1.812031007210304,49.14147856857982],[1.812893,49.141138]],[[1.813211,49.141019],[1.813207572454918,49.1410202826348],[1.812893,49.141138],[1.813211,49.141019]],[[1.795455037970502,49.16349426441099],[1.795388,49.163516],[1.79623,49.163243],[1.795455037970502,49.16349426441099]],[[1.794847356799132,49.16240383264266],[1.794919,49.162406],[1.794324,49.162388],[1.794847356799132,49.16240383264266]],[[1.792765453354021,49.162540493894845],[1.793072,49.162463],[1.792625,49.162576],[1.792765453354021,49.162540493894845]],[[1.791657846537758,49.16195287693671],[1.791696,49.161935],[1.790106,49.16268],[1.791657846537758,49.16195287693671]]]}},{"type":"Feature","properties":{"code_canton":"15","nom":"Montmorency","method":"Union de contours BV reconstitués, non opposables"},"geometry":{"type":"Polygon","coordinates":[[[2.293679,48.968499],[2.293380424688546,48.968628896614376],[2.293231680259498,48.968693608588204],[2.293108892256409,48.968747028095024],[2.29304,48.968777],[2.293023164256064,48.968808436654605],[2.29295859187522,48.96892900986132],[2.292927,48.968988],[2.293024,48.969141],[2.293085426785715,48.969161719642855],[2.293368793778241,48.96925730111948],[2.293537659322499,48.96931426053428],[2.293672349232621,48.96935969229181],[2.293863,48.969424],[2.294015709105918,48.969465097351446],[2.294216,48.969519],[2.294246325059421,48.969521531883515],[2.294501227011699,48.96954281401995],[2.294743,48.969563],[2.294824943002501,48.96956023399148],[2.29498,48.969555],[2.294825786441241,48.969624841398954],[2.294515193692389,48.969765504984295],[2.294322,48.969853],[2.294242344845095,48.96989766213888],[2.294149,48.96995],[2.293960509290197,48.97008734981954],[2.293762,48.970232],[2.293595605160341,48.97038152099677],[2.293407,48.970551],[2.293154,48.970834],[2.292966,48.971158],[2.293032,48.97141],[2.29323,48.971582],[2.293343486605011,48.9716380063765],[2.293461,48.971696],[2.293746969843474,48.971802259342525],[2.294045,48.971913],[2.294800952951769,48.972118739020246],[2.295004,48.972174],[2.295392,48.972432],[2.295514639210063,48.97262164826299],[2.295586,48.972732],[2.295649,48.973026],[2.295657,48.973362],[2.295623022414536,48.973766776452926],[2.295588,48.974184],[2.295693,48.974401],[2.295710387404321,48.97441701748762],[2.295858,48.974553],[2.295896129507069,48.97456319019449],[2.296080229368298,48.974612391286634],[2.296522698061116,48.97473064201633],[2.296655,48.974766],[2.296709115188053,48.97477723145413],[2.29692,48.974821],[2.297639,48.975002],[2.297385340995074,48.97543270263694],[2.297188565024691,48.97576682020297],[2.297149,48.975834],[2.297148556255116,48.975834070579324],[2.296817224723414,48.975886770129634],[2.296393216318617,48.975954210291896],[2.296039061543171,48.97601053996662],[2.295923,48.976029],[2.295842143106701,48.976052506557416],[2.295656032002339,48.97610661241263],[2.29545579361387,48.97616482532416],[2.295352,48.976195],[2.295264479100037,48.97623949223008],[2.29507642464023,48.97633509182169],[2.295053,48.976347],[2.294724780914095,48.97647871481755],[2.294592,48.976532],[2.294561,48.976569],[2.294202,48.976678],[2.294189743125245,48.976675154654075],[2.29409,48.976652],[2.293902948458205,48.97653876251954],[2.293867,48.976517],[2.293423,48.976431],[2.293376792604506,48.97640113424438],[2.293341,48.976378],[2.292568147546529,48.97632211472558],[2.292251065986795,48.97629918642938],[2.29164,48.976255],[2.291635240910508,48.976562556158406],[2.291632433921253,48.976743957839055],[2.291632,48.976772],[2.291593585764018,48.977822261558245],[2.291585,48.978057],[2.29159,48.978383],[2.291639,48.97861],[2.291666399893485,48.97867003067573],[2.291749,48.978851],[2.291532,48.979054],[2.291477184945871,48.97908968893812],[2.291065361613978,48.97935781851752],[2.290976,48.979416],[2.290588,48.979637],[2.28944,48.980351],[2.288846,48.980914],[2.28875,48.981091],[2.288526275275454,48.98125208180167],[2.28825,48.981451],[2.287594,48.981888],[2.287405,48.982141],[2.287154,48.982259],[2.286848,48.982353],[2.286623,48.982555],[2.286353,48.982875],[2.286136,48.983203],[2.285789,48.983786],[2.285602,48.984069],[2.285469,48.984221],[2.285334347024437,48.98433771822406],[2.284996,48.984631],[2.284384,48.985322],[2.284015,48.985643],[2.285837,48.987037],[2.285383,48.987264],[2.286599,48.988202],[2.286848,48.988061],[2.287323,48.988514],[2.287390537461316,48.98859097331716],[2.287681493894751,48.98892258012311],[2.287928382240851,48.98920396196063],[2.288368,48.989705],[2.288457064430242,48.98982549893503],[2.288664205945824,48.99010574922082],[2.288997,48.990556],[2.289122904458627,48.99078873248413],[2.289129,48.9908],[2.289245811477536,48.990883988417735],[2.28925,48.990887],[2.289258668727423,48.990900937953896],[2.289403,48.991133],[2.289544012794454,48.99131027322731],[2.289753,48.991573],[2.289824,48.991549],[2.290189328057336,48.992009465572266],[2.290304,48.992154],[2.290705193730314,48.99268904688008],[2.291200725935531,48.99334990705896],[2.291401,48.993617],[2.291735693052986,48.99414221776874],[2.291840085610914,48.99430603600715],[2.29216837549373,48.994821205587805],[2.292337591597822,48.99508674831071],[2.292845,48.995883],[2.292302772439518,48.9960483923779],[2.292009,48.996138],[2.29132,48.996385],[2.290551,48.996642],[2.290142,48.996798],[2.289826135569377,48.99687041592361],[2.289632481512368,48.99691481357032],[2.289497382853559,48.99694578664993],[2.289322803234239,48.99698581124008],[2.289274,48.996997],[2.289113312855636,48.99702506215981],[2.288993322071297,48.99704601716886],[2.288880057225049,48.997065797570265],[2.288727344155685,48.99709246714968],[2.288523965512881,48.99712798488819],[2.288375,48.997154],[2.288297574957849,48.99716526767765],[2.288063241694605,48.997199370231556],[2.287896856455129,48.99722358429967],[2.287842131061768,48.99723154849413],[2.287796970559646,48.99723812070857],[2.28761543186101,48.997264540061806],[2.287318063058621,48.9973078161869],[2.287052470230484,48.997346467949825],[2.286859028521131,48.99737461954994],[2.286688888752225,48.99739938001527],[2.286451,48.997434],[2.286391786623071,48.99743762054178],[2.286014063039902,48.99746071606659],[2.285944,48.997465],[2.28582448268048,48.99746478752476],[2.285297778808254,48.99746385116233],[2.284940567469019,48.99746321611995],[2.284819,48.997463],[2.284667,48.99748],[2.284465996613888,48.997518466686685],[2.283794206176573,48.99764702945753],[2.28346870703692,48.99770932131074],[2.283119050030773,48.99777623633521],[2.282719438199243,48.99785271138081],[2.28265,48.997866],[2.282386750494247,48.997918194512785],[2.282138334145345,48.997967448053686],[2.281794028900734,48.99803571349806],[2.281513963577057,48.99809124208519],[2.281258323352782,48.998141927904776],[2.281147,48.998164],[2.281178,48.998273],[2.281314918802933,48.99842639450951],[2.281419,48.998543],[2.281493232541434,48.99858419498178],[2.281601,48.998644],[2.281680796928704,48.99876437163821],[2.281719,48.998822],[2.281850408097868,48.998866122427025],[2.281856,48.998868],[2.281986,48.998991],[2.28203926819407,48.99910956469002],[2.28211,48.999267],[2.282317135374952,48.99936262357509],[2.282814,48.999592],[2.283132,48.999771],[2.283196149294025,48.999838317160396],[2.283213,48.999856],[2.283524,49.00041],[2.283603666497226,49.00086293536625],[2.283613,49.000916],[2.283690411138892,49.001127509174765],[2.28374,49.001263],[2.283863,49.001482],[2.283362,49.001574],[2.283262498943267,49.00160610591684],[2.282268,49.001927],[2.282044,49.002116],[2.281935,49.00228],[2.281906,49.002441],[2.282096,49.002691],[2.282474473101025,49.00276288055019],[2.282612,49.002789],[2.282963935792765,49.00302299986221],[2.282988,49.003039],[2.282589172484238,49.0031696774298],[2.282101908157284,49.00332933153431],[2.281792691967186,49.003430647455055],[2.281462,49.003539],[2.281435341963622,49.00354408362554],[2.281032,49.003621],[2.2809576193427,49.003644006629735],[2.280511091389463,49.00378212188254],[2.280366,49.003827],[2.280044991197567,49.003957844137],[2.279805328214774,49.0040555314774],[2.279680813515467,49.00410628403699],[2.279465679012167,49.004193973496626],[2.279419,49.004213],[2.279024662779018,49.0043773967161],[2.278604660797529,49.00455249291002],[2.278376387257528,49.00464765871825],[2.278318,49.004672],[2.27818517118437,49.0047307585683],[2.278070630208916,49.00478142727069],[2.277847641824995,49.004880069106235],[2.277662338280823,49.00496204055877],[2.277585492444408,49.00499603432214],[2.27693,49.005286],[2.276630123467695,49.00541149180972],[2.276562,49.00544],[2.275656008506799,49.005789374458374],[2.275421,49.00588],[2.275293646801917,49.00592633327087],[2.274918,49.006063],[2.274419,49.006186],[2.273214,49.006442],[2.274177,49.007664],[2.274928,49.007404],[2.27503807403875,49.00755169934654],[2.275203,49.007773],[2.275357,49.007712],[2.275366073447662,49.00772205562498],[2.275551,49.007927],[2.276259,49.007657],[2.276718286346062,49.00804336871999],[2.276744,49.008065],[2.277069,49.00855],[2.277276468593367,49.008739769850806],[2.27728,49.008743],[2.277302780829034,49.00873656515544],[2.277896,49.008569],[2.277961190160845,49.00865637427528],[2.278376811860677,49.009213431419234],[2.278427973345207,49.00928200308059],[2.278566,49.009467],[2.27891167998105,49.010393963077675],[2.278924,49.010427],[2.279144559731511,49.01073418625559],[2.279283,49.010927],[2.279675,49.010802],[2.279708413813208,49.01084588079084],[2.279758,49.010911],[2.279878002308841,49.010873601588955],[2.280378818325589,49.01071752356484],[2.280711,49.010614],[2.280746552341072,49.010669808907494],[2.280780629265429,49.01072330175387],[2.280853192999698,49.010837209941386],[2.280969,49.011019],[2.281168850274903,49.01129998215256],[2.281405,49.011632],[2.281529,49.01187],[2.281529599493304,49.011873841650974],[2.281538791098292,49.011932742956404],[2.281578,49.012184],[2.281573115080933,49.01258517397838],[2.281570032125689,49.0128383616778],[2.28157,49.012841],[2.281586,49.013247],[2.281649,49.014027],[2.281646,49.014195],[2.281584,49.014469],[2.281452324680967,49.0147461523004],[2.281231,49.015212],[2.28115,49.015414],[2.281105,49.015727],[2.281111170480956,49.01588681545677],[2.281125,49.016245],[2.281126786759311,49.01674439922726],[2.281127,49.016804],[2.28108,49.016891],[2.280749,49.017215],[2.281075,49.017372],[2.281711995220488,49.01779064376605],[2.282239,49.018137],[2.282497280230404,49.01832376127906],[2.282880882873042,49.01860114263371],[2.283066,49.018735],[2.284213,49.019651],[2.284602,49.019895],[2.28498,49.020067],[2.285483,49.020165],[2.285881,49.020303],[2.286007,49.022635],[2.286166552042113,49.02261464462106],[2.287316,49.022468],[2.287441,49.021559],[2.288307,49.021975],[2.289094,49.021359],[2.289278,49.021604],[2.28989,49.02224],[2.290229,49.022505],[2.290797356587447,49.023237820472104],[2.290972,49.023463],[2.29121,49.023784],[2.291499,49.024041],[2.291764,49.024371],[2.291965,49.024765],[2.291996461210968,49.024877642371415],[2.292044106775169,49.02504823050753],[2.292077,49.025166],[2.292095,49.025684],[2.292086,49.025938],[2.292152,49.026162],[2.29231,49.026408],[2.292418,49.026634],[2.292677,49.027486],[2.293095,49.028735],[2.293255,49.028523],[2.293648,49.028089],[2.294098,49.027504],[2.294249,49.027357],[2.294696,49.026984],[2.294883,49.026883],[2.295192,49.027001],[2.295665,49.027224],[2.299546,49.025123],[2.300097,49.024835],[2.301453,49.02409],[2.302023567898338,49.02404910265064],[2.302597,49.024008],[2.302604986379087,49.0240184437265],[2.302649,49.024076],[2.303858,49.024034],[2.304529,49.024002],[2.305079,49.023934],[2.305749,49.023789],[2.305732,49.023685],[2.305833,49.023481],[2.305919,49.023395],[2.305038,49.023125],[2.305072,49.023054],[2.304208,49.022763],[2.304189927277812,49.0223063162124],[2.30413,49.020792],[2.304487,49.020602],[2.305588,49.02009],[2.306783339515416,49.01950479064702],[2.306979,49.019409],[2.308192,49.018854],[2.30854,49.018681],[2.30931,49.018261],[2.309944497027159,49.017993132834],[2.310203,49.017884],[2.3113,49.017362],[2.311562,49.017227],[2.312270406209944,49.016899651879044],[2.312815,49.016648],[2.313091,49.016598],[2.312838,49.016179],[2.312736,49.015817],[2.312723,49.015656],[2.312725269191712,49.01552877398468],[2.312728668482932,49.01533818705691],[2.312734306236123,49.015022097028],[2.312738,49.014815],[2.313416,49.01482],[2.314138,49.014798],[2.314432,49.014731],[2.314548,49.01461],[2.314949,49.014274],[2.31509,49.014087],[2.315489,49.013788],[2.315427,49.013629],[2.315495,49.013069],[2.315572,49.012756],[2.315624597413257,49.012274772920506],[2.315639,49.012143],[2.315794,49.011274],[2.315808,49.011102],[2.315810465000748,49.01110259541496],[2.31712006730553,49.01141892667924],[2.317736640189714,49.011567858365794],[2.318677,49.011795],[2.319116,49.011479],[2.319673,49.011213],[2.320053,49.010967],[2.320162,49.010826],[2.321919,49.010638],[2.322006,49.010173],[2.321647,49.00929],[2.321406,49.008993],[2.321378,49.008583],[2.321320806058343,49.008474780090786],[2.321276,49.00839],[2.321131,49.008022],[2.321015,49.007885],[2.320959,49.007466],[2.320835,49.007026],[2.320676,49.006758],[2.320607388469073,49.00647169509317],[2.320595,49.00642],[2.320593,49.005793],[2.32061,49.005612],[2.321262,49.005396],[2.321742,49.005207],[2.322269,49.004926],[2.32246628669328,49.00483386254253],[2.3225578251157,49.00479111197805],[2.32283,49.004664],[2.322900817075101,49.00462739584949],[2.323215,49.004465],[2.323897,49.004191],[2.324763,49.003915],[2.326128,49.003384],[2.326698,49.003286],[2.327183,49.003163],[2.32752,49.002965],[2.327595456807248,49.002926711827776],[2.327857,49.002794],[2.328343,49.002475],[2.328925,49.002221],[2.329485,49.002012],[2.330443,49.001734],[2.330816,49.001686],[2.331515,49.00166],[2.331358,49.001516],[2.331056,49.000693],[2.330804,49.000525],[2.330221,49.000325],[2.330093,49.000225],[2.329932,48.999905],[2.332566,48.9995],[2.332958,48.999447],[2.33290954680188,48.99919110654743],[2.332894,48.999109],[2.332894,48.998889],[2.332815,48.998255],[2.332396,48.998331],[2.332047,48.997517],[2.331913592445821,48.99706460309598],[2.331845,48.996832],[2.331641,48.996832],[2.33155639402187,48.99629974334393],[2.331503434639538,48.99596657558948],[2.331452,48.995643],[2.331609,48.995597],[2.331661878712895,48.99559111004435],[2.331697848104689,48.995587103552694],[2.331800291809367,48.995575692744005],[2.332221358678785,48.995528791731324],[2.332417,48.995507],[2.332638031239567,48.99545698563192],[2.332691,48.995445],[2.332954716957531,48.9953294714992],[2.333126527290355,48.99525420523509],[2.333232,48.995208],[2.333455944002001,48.99509260212457],[2.333589535283537,48.99502376281686],[2.333853,48.994888],[2.33385809770952,48.99488519174852],[2.334138777205116,48.99473056963701],[2.334553533323855,48.99450208673089],[2.334757,48.99439],[2.334940516148797,48.99426157518017],[2.33526,48.994038],[2.335417309981485,48.99390941861443],[2.33546860638989,48.99386749016713],[2.335619947361677,48.99374378770615],[2.335824,48.993577],[2.335858515274952,48.99355133808554],[2.336093,48.993377],[2.336141778202828,48.99334460344925],[2.336317856182613,48.99322765942759],[2.336395763153933,48.99317591670228],[2.336492,48.993112],[2.336883447624273,48.992938498105396],[2.33695,48.992909],[2.337289,48.992798],[2.337073746402835,48.99201018926382],[2.337042,48.991894],[2.337110883248623,48.9916400223078],[2.337189,48.991352],[2.337027681813726,48.99097579381465],[2.336659,48.990116],[2.336639064010674,48.99007776777805],[2.336428,48.989673],[2.336346,48.988995],[2.336112823200881,48.989003437318395],[2.336042,48.989006],[2.335933466194634,48.988798407562754],[2.335820822374609,48.98858295390699],[2.33579,48.988524],[2.335625565319163,48.98823536465598],[2.335508,48.988029],[2.335114899066647,48.98816133876043],[2.335006,48.988198],[2.334835,48.987905],[2.334683763825954,48.98749245635364],[2.334666,48.987444],[2.33469574766518,48.98743522010659],[2.33499445343073,48.98734705840491],[2.335181,48.987292],[2.335002632586837,48.98688469709262],[2.334987,48.986849],[2.335053,48.986835],[2.334816,48.986388],[2.334791,48.986161],[2.334811632480492,48.985657379907984],[2.334813,48.985624],[2.334805134553949,48.98511624176047],[2.334804,48.985043],[2.334933,48.984669],[2.335229,48.984657],[2.335230290061598,48.98462881711587],[2.335255,48.984089],[2.33513,48.983952],[2.335046175777821,48.98364241606288],[2.334967,48.98335],[2.334954,48.98297],[2.335012,48.982805],[2.335018378950131,48.9827077210105],[2.335032,48.9825],[2.335037988994483,48.98244702692204],[2.335103,48.981872],[2.334996,48.981827],[2.335014439751488,48.98155517262892],[2.335054,48.980972],[2.334684,48.980881],[2.334171,48.980823],[2.334169990540541,48.98087105027025],[2.334158997102435,48.98139433792409],[2.334156,48.981537],[2.334132141487715,48.981560626876245],[2.334053,48.981639],[2.333793259504954,48.9816987345885],[2.333792797440749,48.981698840853085],[2.333246560459255,48.98182446331833],[2.332985276235171,48.98188455293049],[2.332961079332688,48.98189011768469],[2.332740999269621,48.98194073124806],[2.332692,48.981952],[2.332565809594846,48.98198907387076],[2.332345117489164,48.98205391168939],[2.331967,48.982165],[2.331618096835967,48.98234728746868],[2.331544,48.982386],[2.331306,48.982536],[2.330924333684632,48.98255556316704],[2.330800468353075,48.98256191216372],[2.330559762509815,48.98257425008412],[2.330303377812299,48.98258739165952],[2.330272,48.982589],[2.330131294957613,48.98260371250443],[2.329931669904142,48.98262458584652],[2.329746,48.982644],[2.329034610608391,48.982778714934625],[2.328542,48.982872],[2.328199,48.982997],[2.328024974968987,48.98300187270087],[2.327039498782211,48.9830294660341],[2.326699,48.983039],[2.326630838869484,48.98304771828413],[2.326095597774331,48.98311617935444],[2.325925,48.983138],[2.325667047459265,48.983187631374925],[2.32553,48.983214],[2.325124669876994,48.983074422943396],[2.324700573411132,48.98292838362123],[2.324015065114845,48.982692326084816],[2.323564,48.982537],[2.323402308921033,48.982483718061],[2.322863,48.982306],[2.322898,48.98221],[2.322892668770406,48.98219479218969],[2.322684312758766,48.981600437989144],[2.322678070775372,48.98158263217198],[2.322647,48.981494],[2.322630607572995,48.98143784721813],[2.322553,48.981172],[2.32254312963653,48.980873197178596],[2.322542,48.980839],[2.3227,48.980426],[2.32244,48.980405],[2.322135544079425,48.98041000018848],[2.321892,48.980414],[2.321652299504665,48.98043528282425],[2.321447728887883,48.980453446493364],[2.320961823069198,48.980496589700586],[2.320777,48.980513],[2.319509,48.980871],[2.318979,48.980694],[2.318565147493726,48.98049746079303],[2.316947,48.979729],[2.316845499821979,48.97969966010479],[2.316691,48.979655],[2.31668850862871,48.97961814236004],[2.316671637654411,48.97936855118143],[2.316657,48.979152],[2.316636005849981,48.97899310309985],[2.316606,48.978766],[2.316589383537031,48.978508731314726],[2.316577,48.978317],[2.316611607284359,48.97814433410587],[2.316643713154395,48.977984148501626],[2.316673796866776,48.97783405203514],[2.316702608872724,48.97769030048513],[2.31674346948684,48.97748643489435],[2.316782468163292,48.97729185905681],[2.316871945152279,48.97684543210962],[2.316958038723798,48.97641588602473],[2.316992032152062,48.97624628283875],[2.317030861471746,48.976052551971804],[2.317044,48.975987],[2.317068421999408,48.97585184912949],[2.317103898956315,48.97565552033884],[2.317147,48.975417],[2.317147077009479,48.9754122254123],[2.317149,48.975293],[2.317121020362344,48.975162031483315],[2.31708814071145,48.97500812673445],[2.317055,48.974853],[2.317052804943235,48.974845241609714],[2.316999281813275,48.974656065029684],[2.316955719167908,48.97450209361071],[2.316932981407034,48.97442172738693],[2.316911039987303,48.974344175817194],[2.316888475879397,48.97426442336684],[2.316870091323825,48.974199443472145],[2.31685741254462,48.97415463054564],[2.316834435701436,48.97407341928956],[2.31681301572592,48.97399771075541],[2.316793830833332,48.97392990208333],[2.316761730944734,48.973816445580525],[2.316731378563091,48.97370916561093],[2.316697997335803,48.973591180238614],[2.316665266609374,48.973475494050376],[2.316649,48.973418],[2.316645238038983,48.97339004178972],[2.316613808762126,48.97315646511852],[2.316605,48.973091],[2.316607384959482,48.97285420759431],[2.316609059561441,48.972687943542645],[2.316610278077618,48.972566962293676],[2.316611830085721,48.972412870060616],[2.316612,48.972396],[2.316617521086078,48.97226581860196],[2.316622488662701,48.972148688374205],[2.316631,48.971948],[2.316630466292135,48.97193937379147],[2.316619147348364,48.971756428072396],[2.316611698302845,48.97163603070877],[2.316601521843229,48.97147155072196],[2.316588,48.971253],[2.316578017273061,48.97125039581036],[2.316358,48.971193],[2.316349492216512,48.971189450516135],[2.316176385760733,48.97111722975824],[2.316020715158718,48.971052283313526],[2.315881521229556,48.9709942110076],[2.315765883430409,48.97094596642043],[2.315663720630226,48.97090334366078],[2.315486252104934,48.97082930302872],[2.315428,48.970805],[2.315330027458544,48.970730193000556],[2.31518395204118,48.970618657018086],[2.315107056570127,48.97055994342982],[2.315070869725156,48.97053231294018],[2.315000234305887,48.97047837921863],[2.314954402519464,48.97044338432751],[2.314880033308055,48.97038659966648],[2.314732983087758,48.970274319372585],[2.314496918414434,48.970094072033646],[2.314311977189655,48.96995286003798],[2.314252326155213,48.9699073134508],[2.314155,48.969833],[2.314004603683101,48.96971179244198],[2.313851,48.969588],[2.313685634782353,48.96970683505386],[2.313541341870884,48.96981052708868],[2.313416874917482,48.969899971757414],[2.31333513410599,48.96995871248823],[2.313266125937277,48.97000830326411],[2.313168673041269,48.97007833504171],[2.313088170194346,48.97013618614418],[2.312954046106475,48.97023257064047],[2.312683863243998,48.970426729941146],[2.312507477362733,48.970553484684366],[2.312407982191183,48.970624984085745],[2.3123196308969,48.970688475253745],[2.312216905979101,48.97076229562125],[2.31212977035136,48.97082491318475],[2.311997698379761,48.9709198229855],[2.311839060930376,48.97103382331829],[2.311759392487193,48.971091074800015],[2.311682525452502,48.97114631312847],[2.311611028126101,48.97119769266738],[2.311413,48.97134],[2.311398584305417,48.971350488001654],[2.311164341653439,48.97152090901797],[2.311058377702531,48.97159800208387],[2.310980845226167,48.97165441010055],[2.310813889745185,48.97177587697479],[2.310734,48.971834],[2.310673,48.971908],[2.310572,48.971851],[2.310565530950255,48.97184543552077],[2.310328927089525,48.97164191609819],[2.310214436047466,48.97154343439676],[2.309864,48.971242],[2.309788,48.971199],[2.309787274632924,48.9711932921935],[2.309727,48.970719],[2.310072,48.97048],[2.310075368249969,48.97047771950158],[2.310396792564898,48.970260096804566],[2.310569882494162,48.9701429049946],[2.310866305187487,48.96994220982942],[2.311548707625506,48.96948018423859],[2.311658516948969,48.96940583702832],[2.311676,48.969394],[2.311768,48.969361],[2.311815999811779,48.96933047070795],[2.311921415927077,48.96926342295814],[2.311999496518399,48.96921376140558],[2.31206066836835,48.969174854309834],[2.312136209047602,48.969126808216046],[2.312237614740371,48.96906231121293],[2.312337485903815,48.968998790215586],[2.312517078764267,48.9688845638742],[2.312584,48.968842],[2.312785139622997,48.96872756718191],[2.312804202891515,48.96871672166323],[2.312983,48.968615],[2.313005152790046,48.96860042812479],[2.313082423966412,48.96854959994753],[2.313440353768206,48.96831415744142],[2.313787297875791,48.968085941210866],[2.31382663016382,48.96806006884031],[2.313909799818367,48.96800536070536],[2.313974704869057,48.96796266683713],[2.314050472070521,48.96791282795893],[2.314507658970322,48.96761209516466],[2.314513663027091,48.967608145758476],[2.314957522299253,48.967316179739235],[2.315113035182676,48.9672138849797],[2.315236,48.967133],[2.315289852941175,48.96709261029412],[2.3154903771107,48.966942217166974],[2.315576,48.966878],[2.315645845381649,48.96683171523611],[2.315799622460143,48.96672981106434],[2.315952111811407,48.96662876023675],[2.316063015255434,48.96655526733572],[2.316077,48.966546],[2.316221279722591,48.966433026254954],[2.316395,48.966297],[2.31654047825112,48.96620009465256],[2.316655753750407,48.96612330783237],[2.317,48.965894],[2.316923977268973,48.96572821549017],[2.316894908991573,48.965664825632224],[2.316875126966301,48.96562168651687],[2.31683456332293,48.96553322845121],[2.31677623042111,48.96540602055688],[2.316751,48.965351],[2.316713051055145,48.96530496596325],[2.316663543501758,48.965244910735336],[2.316630901056699,48.965205313757835],[2.316563330236631,48.96512334685134],[2.316489350564364,48.965033605675],[2.316432703445972,48.96496488978475],[2.316360040207903,48.96487674551132],[2.316272050411545,48.964770009328404],[2.31623,48.964719],[2.316188689050465,48.964636905474755],[2.316046655673097,48.964354651912075],[2.315995,48.964252],[2.315990406901236,48.964245422228935],[2.315914,48.964136],[2.315537709789993,48.963920186497205],[2.315041692606173,48.963635706053545],[2.314758,48.963473],[2.314689471240961,48.96343285642231],[2.314273854859227,48.963189391798934],[2.313591247875295,48.96278952629901],[2.313559994512496,48.962771218338744],[2.313556706466631,48.9627692922288],[2.313442665140404,48.96270248776737],[2.313097,48.9625],[2.313005,48.962411],[2.312763363310336,48.962380467427174],[2.312657320776419,48.96236706817314],[2.312356133417862,48.96232901093533],[2.311723249284571,48.96224904137061],[2.310979,48.962155],[2.310893,48.962001],[2.31069,48.961871],[2.310644927313453,48.961853196995285],[2.310371,48.961745],[2.310184,48.96195],[2.309842,48.962215],[2.309591537150849,48.96246189935333],[2.30952496164955,48.96252752764221],[2.309408016488359,48.96264280894948],[2.30935,48.9627],[2.30918003228697,48.96305213041892],[2.309127,48.963162],[2.309108698214354,48.96319596106748],[2.309050687859627,48.963303605950316],[2.30900091871821,48.96339595831434],[2.30897750192237,48.963439410871324],[2.30894,48.963509],[2.308384,48.963296],[2.308362700066461,48.96328699515005],[2.308350225465581,48.96328172133504],[2.307523,48.962932],[2.307136,48.96274],[2.3070586697664,48.96279385872638],[2.306767,48.962997],[2.306712102959897,48.96297170558497],[2.305912850509252,48.96260344122751],[2.305748973393045,48.96252793304376],[2.305085,48.962222],[2.304776271015633,48.962511745648754],[2.304579310024074,48.96269659577028],[2.304441729614509,48.962825716543016],[2.30427190090135,48.962985102713944],[2.304230501182746,48.96302395681878],[2.304116240289791,48.96313119196104],[2.304044423411506,48.96319859291477],[2.303989372693218,48.96325025863744],[2.303908483855937,48.96332617372744],[2.303707133611053,48.96351514321293],[2.30354,48.963672],[2.303299796263101,48.96387465464699],[2.303105,48.964039],[2.302995708770405,48.96412103655887],[2.302858191981516,48.9642242598842],[2.302759733360844,48.96429816523288],[2.302678377740596,48.96435923266853],[2.302605602995784,48.96441385909793],[2.302531031938825,48.96446983388133],[2.302458713607812,48.96452411771583],[2.302386507772627,48.96457831710833],[2.302257314095279,48.964675292911025],[2.302108760195915,48.9647868009502],[2.301990778177348,48.964875361019],[2.301902,48.964942],[2.301562348868585,48.96521865818975],[2.301503,48.965267],[2.301154,48.965475],[2.301014136436597,48.965529923591106],[2.300868200537237,48.9655872317525],[2.30069782178957,48.96565413847533],[2.300497,48.965733],[2.30046,48.965699],[2.300399832071452,48.96572216542985],[2.300073,48.965848],[2.300041498407044,48.96585900524584],[2.299848700863734,48.9659263600734],[2.299638768852941,48.96599970091656],[2.299443105604031,48.96606805689332],[2.29922,48.966146],[2.299190717685109,48.96615953455834],[2.298979549514457,48.96625713845117],[2.298876,48.966305],[2.298816961116935,48.96633358037216],[2.2982604880138,48.9666029656918],[2.298153,48.966655],[2.297701406423456,48.96684407740766],[2.297549911555645,48.9669075066909],[2.297329,48.967],[2.296863904394435,48.96724414619694],[2.296527,48.967421],[2.296085511619691,48.96758981737866],[2.295853846881921,48.967678401893],[2.29572742559446,48.96772674316608],[2.295574164012868,48.96778534769478],[2.295399695062126,48.967852061547816],[2.295247610789993,48.967910215894115],[2.295022208168934,48.96799640588535],[2.294805737248168,48.96807918055175],[2.294585113671342,48.96816354312067],[2.294529,48.968185],[2.294380983050846,48.968230864406785],[2.294316,48.968251],[2.294308900817975,48.96825376388877],[2.29400005139647,48.96837400667767],[2.293749227614575,48.968471658636716],[2.293679,48.968499]]]}},{"type":"Feature","properties":{"code_canton":"02","nom":"Argenteuil-2","method":"Union de contours BV reconstitués, non opposables"},"geometry":{"type":"MultiPolygon","coordinates":[[[[2.233748059811155,48.93920648811371],[2.233934322590067,48.9386862369036],[2.23386252377927,48.9386219171356],[2.233659952722852,48.9391904230036],[2.233748059811155,48.93920648811371]]],[[[2.220847561308599,48.94249558173667],[2.220597127533761,48.942971621800055],[2.221197720111309,48.943047753253545],[2.221146469116082,48.94286523695421],[2.220847561308599,48.94249558173667]]],[[[2.220923955696207,48.9440480443038],[2.220828377192977,48.944143622807026],[2.22048658238882,48.94423723539669],[2.220453823210761,48.94424397092862],[2.220442707967288,48.94428666682094],[2.220446812799987,48.94430275567792],[2.220455694121787,48.94435447960236],[2.220485131268971,48.944378476619676],[2.221336953890493,48.94434692763369],[2.221354169516125,48.94432705065532],[2.221342349525949,48.94429112533083],[2.221326635290929,48.94422249762648],[2.221316452306477,48.94415681737675],[2.221308479622297,48.94414787150107],[2.221290948974932,48.94412115546659],[2.221188276604381,48.94404474029245],[2.221097266718683,48.9439525169416],[2.221019978450641,48.943784433717894],[2.221088854484447,48.94363236089079],[2.221141265593216,48.943572766533606],[2.221161992015969,48.94353268712575],[2.221264202993098,48.94342317536454],[2.221365758868004,48.94333930468156],[2.22137257450903,48.94332873951446],[2.220736645907464,48.94331662658871],[2.220520707212182,48.94335696678454],[2.220549303881104,48.9433954877473],[2.220601921503053,48.94340759227067],[2.2209105,48.943520898437505],[2.2209105,48.943634218750006],[2.220892471153836,48.9436421063702],[2.220942942164984,48.943784056089044],[2.220827818181803,48.943811],[2.220945746932512,48.94394754907975],[2.220870013064133,48.94398361282661],[2.220923955696207,48.9440480443038]]],[[[2.23016862368816,48.94373840929535],[2.230062827252028,48.94368884700095],[2.230004381314072,48.943625060825],[2.229962794851073,48.94361309600463],[2.229869101693974,48.943551388728956],[2.229824957156767,48.94350667088607],[2.229751334547359,48.943551394901135],[2.229539459140084,48.94360163339977],[2.229392004982006,48.94371936811515],[2.229561263737304,48.94418429406322],[2.229591742019046,48.94422168351998],[2.229636735833043,48.94429470267795],[2.229620929996796,48.94453244879821],[2.229613504644011,48.9445358123554],[2.229494891805377,48.94463124797269],[2.229298032416498,48.94471600687623],[2.229236523151183,48.94473842614116],[2.229178522944426,48.944750268627104],[2.229095428747947,48.94484042751234],[2.229040340101523,48.94517095939087],[2.228894982084694,48.94502041001629],[2.228751751748243,48.9451338006993],[2.229028698676907,48.94555782678781],[2.22904250241882,48.94557580102195],[2.22905491811575,48.945621418245516],[2.229109319875777,48.945760909937896],[2.229141963170334,48.94583024166149],[2.229095987103631,48.945851073809735],[2.228965703777052,48.945924425317514],[2.228794651741042,48.94604886916932],[2.228547659614279,48.94636335617428],[2.228196366824426,48.94609350496548],[2.227717475754339,48.945968340253984],[2.227537455175625,48.9456970156035],[2.22749492129009,48.945645338287164],[2.227436079736233,48.94564247084163],[2.227319772255831,48.94561327398444],[2.226812886203417,48.9469649701242],[2.226760240745444,48.94695768304104],[2.22652968531071,48.946890569873226],[2.226503091322605,48.94687743188658],[2.226463843440102,48.9467742081956],[2.226447300133959,48.94637353739085],[2.226248555293405,48.94618557352042],[2.225885023517384,48.94620794470663],[2.22586211577314,48.94619858336883],[2.225526620712151,48.94634648979358],[2.225504868304327,48.94637761956448],[2.225268564900875,48.94646577609734],[2.225112521892293,48.946570341],[2.225097635277508,48.94654709758102],[2.225041497089132,48.94647278249023],[2.225037658989593,48.946405743684934],[2.224935241212042,48.94576563257537],[2.224856984375016,48.945798984374996],[2.224804405405397,48.94580544144144],[2.224610424171407,48.94611257839527],[2.224736241691848,48.94625012084592],[2.224538849164934,48.94633599217119],[2.224465954336404,48.946525518725366],[2.224733703765905,48.94663235470462],[2.224484649147248,48.94670571963105],[2.224338161847961,48.94652387332852],[2.224202636122996,48.9465036996519],[2.224144243863165,48.94661141567667],[2.224141480826016,48.94663113685432],[2.224172084996483,48.946782174103014],[2.2243338886041,48.94681728243297],[2.224556669235118,48.94696341835147],[2.224335479591829,48.94707013265306],[2.224476389830505,48.94730498305085],[2.22439923076016,48.9474522867306],[2.224309033163995,48.94743687527084],[2.224286850788734,48.94744598397565],[2.22415483881579,48.94771672039474],[2.224226932098774,48.94777863580247],[2.224187812500008,48.947856875],[2.224244824686945,48.947909715563505],[2.224163811906085,48.94805553856903],[2.224096662377075,48.9480746022065],[2.224290957355671,48.949526417463154],[2.224233695023192,48.95011857734846],[2.223909589161986,48.95014627870411],[2.223862579704791,48.950139913858166],[2.223472933567921,48.94995833234543],[2.223183350468938,48.94983888695148],[2.222648861400715,48.94950148511278],[2.221392390155351,48.949200271202145],[2.221048264009128,48.949190662251816],[2.220893515963448,48.9492211412022],[2.220763691917414,48.94921226306688],[2.219719666690707,48.94942166004715],[2.21887300580047,48.94942804710512],[2.21802193674275,48.94961415706486],[2.217927094994704,48.94955738946785],[2.217474948322157,48.948726656244574],[2.216712640386495,48.94800053839322],[2.216550678295428,48.94788162805912],[2.216530270558521,48.94786879287118],[2.215605822847254,48.947410818264466],[2.21552178632087,48.94739598980885],[2.215126689195491,48.9473468297007],[2.214111646943006,48.947256994756806],[2.21402959557676,48.94727970093219],[2.213841251400876,48.94734430183272],[2.213592408489479,48.947437071635505],[2.213303524973798,48.94727229666291],[2.213233801420165,48.947175848983996],[2.212771407059249,48.94665537490011],[2.212266746713972,48.94622897048351],[2.211705328471895,48.945949853285654],[2.211257257722231,48.94585767873144],[2.211165727610049,48.94585201387498],[2.211054765479877,48.94570743614551],[2.211008566831687,48.94563153836634],[2.210943191223477,48.94554086776115],[2.210941964372672,48.945538887888794],[2.210843526325131,48.94539483524095],[2.210466294067833,48.94473208315588],[2.210298356227401,48.944572566977044],[2.209601,48.94463366465256],[2.209601,48.9448485],[2.209717178966788,48.94531321586715],[2.209718385027311,48.945448777069714],[2.209674955555557,48.94563606666667],[2.209667606149347,48.945647090775985],[2.20968774057654,48.94582524995],[2.210840454943305,48.94617626447522],[2.210310905584785,48.94688618665396],[2.21069665961403,48.94790886788865],[2.210130112902081,48.94887655442742],[2.209707253304941,48.949269038929074],[2.209577121096081,48.94926099972079],[2.20957346912224,48.949264431879755],[2.208332163507114,48.949397428909954],[2.207834255038754,48.949613910852705],[2.207899187838323,48.949673224467695],[2.207931133809682,48.949747204611896],[2.207900866759197,48.94981725121443],[2.207869487165907,48.94984018245568],[2.207966392936934,48.949962310276675],[2.20894284943679,48.95007028383195],[2.208589081521066,48.95073160295231],[2.206949624490708,48.950481991926964],[2.206513980969341,48.950447000479464],[2.206322913778718,48.95022632377472],[2.205858289187385,48.950178654300046],[2.205852,48.950408],[2.205817,48.95074],[2.205727291486447,48.95181249731827],[2.205714249315597,48.951968421128704],[2.205705,48.952079],[2.205680429046271,48.9523438748812],[2.205605,48.953157],[2.205503,48.95413],[2.20534170461317,48.95590036261931],[2.205337,48.955952],[2.20485,48.956013],[2.204539,48.956114],[2.203319,48.956566],[2.203896,48.957358],[2.204437,48.957972],[2.204956,48.958384],[2.20516,48.958626],[2.205208,48.958731],[2.205697,48.959291],[2.206495,48.96027],[2.206881460300953,48.96060233686814],[2.206902,48.96062],[2.207765,48.96144],[2.208317,48.961886],[2.208772,48.962309],[2.20922,48.962697],[2.2099,48.963317],[2.210324,48.963688],[2.210937,48.964255],[2.211217,48.964478],[2.211486,48.964749],[2.211782236058743,48.96459360120728],[2.212788,48.964066],[2.213149,48.963887],[2.213522,48.963727],[2.214542,48.964782],[2.214935,48.965245],[2.216414855637773,48.96677397153609],[2.21644812753418,48.96673437769524],[2.217797668339704,48.965369518264936],[2.21907831515637,48.963289743535405],[2.220116671007979,48.962054698335415],[2.221527384412139,48.95841259924804],[2.221825673553611,48.95840076275461],[2.221860010691763,48.958401559886376],[2.222267597169509,48.9583015061733],[2.222777005931635,48.95821272581399],[2.223086318290949,48.958143884953536],[2.223258205761765,48.95810160380215],[2.223964742173933,48.957865303119654],[2.22474196742674,48.959625984874656],[2.224888971750453,48.959814915565204],[2.2257361731306,48.96022183906273],[2.225826726277402,48.96013532846712],[2.226081811722909,48.95982922593253],[2.226096795809873,48.959698764481985],[2.22656522847763,48.96000766585075],[2.226824742442524,48.95997381620316],[2.226979987533492,48.95990818413218],[2.225814669552533,48.957603159554395],[2.226209965763054,48.95748397848717],[2.227254419210781,48.956867762380284],[2.227281002551612,48.956837678314585],[2.227350614954457,48.95675333099212],[2.228713600323904,48.95705796136272],[2.229320505448839,48.95778328699984],[2.229555546174731,48.95779009081031],[2.229811393455976,48.95775500318317],[2.229848369529089,48.957763115716546],[2.230181651316482,48.95766041051267],[2.230329141213003,48.95747855403834],[2.230163284794417,48.956974643213606],[2.230517362732605,48.9566449417029],[2.230594478635846,48.95652075975542],[2.230624815753464,48.956516677696776],[2.230713662547837,48.95650719456743],[2.230944190485117,48.956442591528734],[2.23134289077697,48.95625322237793],[2.231462072980177,48.95574039510933],[2.231970061935053,48.95621400887178],[2.231982645317343,48.95627906258401],[2.232091877085653,48.9562926679644],[2.232290940062945,48.9564165293725],[2.232336615976815,48.95636114283126],[2.232538981356815,48.9563365880362],[2.232702,48.95639343907562],[2.232709169866584,48.95640232609514],[2.232868,48.95637808099689],[2.233029915060383,48.95641389398532],[2.233136539150143,48.95650241830676],[2.233181716561722,48.95647800629736],[2.233301314329817,48.95644541321191],[2.233425544630881,48.95645771904362],[2.233596206073429,48.95653645202873],[2.23388351656836,48.95642008827921],[2.233707865641143,48.955960979506486],[2.233752232092615,48.95591295702225],[2.233871927744506,48.955832532831785],[2.233970912591052,48.95562948699271],[2.23399263683896,48.955508451897224],[2.233993048803962,48.955495789394234],[2.23387319085625,48.95540689219517],[2.233753555580737,48.955364247084994],[2.233514506724676,48.95534241613924],[2.233409518031621,48.95530362513618],[2.233129685763746,48.95486603028871],[2.233204487937878,48.95454357226781],[2.232826828444701,48.95321570070118],[2.233819919734358,48.953391501195796],[2.233852046868876,48.9533835745837],[2.234019946348866,48.95333114500631],[2.234219502599606,48.95325102880098],[2.234233730611027,48.95324312136173],[2.23457686892567,48.953172277349836],[2.234782055002664,48.953057715123514],[2.23509919228184,48.952823229451845],[2.235322282018959,48.95225266541195],[2.235573847787306,48.952642676770914],[2.235667442918039,48.95276309853149],[2.235819592916283,48.95285118537257],[2.235840124307377,48.952866599329866],[2.235932906630037,48.95288530345857],[2.236111761189188,48.95283826367567],[2.236154970745482,48.95283294731664],[2.236308515316749,48.95277499176769],[2.236386607973249,48.95272158759677],[2.236499772575295,48.95270214730899],[2.236681668944746,48.9526301067732],[2.236906673817488,48.952506112915195],[2.236994714508299,48.95243578393985],[2.237068132228338,48.952723110078814],[2.237279220328326,48.95327951666032],[2.237388674179504,48.95337040675258],[2.23747647544856,48.953700652816195],[2.237820917110735,48.95342191389882],[2.237960039323,48.95345117135977],[2.238050884615386,48.95340919230769],[2.238132227272732,48.953449863636365],[2.238142917040357,48.95344680941704],[2.238349835238196,48.953410420354665],[2.238921953328887,48.95255504771906],[2.238967393809588,48.95256868455752],[2.239273562476273,48.9526926715519],[2.239384625222591,48.952700136674764],[2.239465612016928,48.952732229529026],[2.239589745713682,48.95277179190778],[2.239768581008256,48.95281281384265],[2.239813114496361,48.95282556515796],[2.239878367403441,48.952840614032546],[2.23989960447873,48.952846707884866],[2.239979910799717,48.95286539170564],[2.240030868214605,48.952879832881436],[2.240100126740721,48.9528937947265],[2.24022555665072,48.95292760782042],[2.240259278412327,48.95293295034431],[2.240432888452937,48.952974985685586],[2.240615948475579,48.953036239710435],[2.240706070173463,48.95307565140298],[2.240763776113001,48.95307947264641],[2.241632138625532,48.953745301628324],[2.241658561624778,48.95376041007769],[2.242008566593258,48.95376323573676],[2.242459987702648,48.954442889306506],[2.24259943946046,48.95455420606054],[2.242935725440868,48.954603772642336],[2.24296356301411,48.95461382902455],[2.243425923888984,48.954621198870704],[2.243548484866772,48.95461498564044],[2.243697188873947,48.95459064802297],[2.243847074392332,48.95455252422724],[2.244148912039968,48.954458758094106],[2.244419319514438,48.95431539863544],[2.24442274958814,48.95431623290267],[2.244429464199064,48.95431844993909],[2.244561721315759,48.95435418500009],[2.244657221827132,48.9543783861337],[2.244766632114066,48.95440066541865],[2.244933831367928,48.95442641332546],[2.245163253422309,48.954442578330806],[2.245368793262863,48.954438150857065],[2.245501217425251,48.9544213045515],[2.245536939470449,48.9544289199942],[2.24563755042545,48.9544464059446],[2.245765632621462,48.954474294465435],[2.245811849003086,48.95448660436379],[2.245906073159492,48.95449667691695],[2.2460935803296,48.95452545367717],[2.246380173219518,48.95453988905853],[2.246570464871667,48.95459634371068],[2.24681991989508,48.95461299529161],[2.246979176017353,48.95462077007998],[2.247028923030478,48.9546205646444],[2.247149868910525,48.954639138754125],[2.247200344075061,48.95464472193199],[2.247250497416292,48.95464934702399],[2.247340759220438,48.95465503167084],[2.247377770877646,48.95467065881498],[2.247474485044957,48.954704933697826],[2.247550681989229,48.954730314247506],[2.247602530906916,48.95474626920621],[2.24786170278882,48.95481545054521],[2.248273828520444,48.954863988474585],[2.248785744733657,48.95484237382395],[2.248854875066665,48.955807772860794],[2.248587408024892,48.95636624404402],[2.248659038098049,48.95640506645008],[2.24874603292339,48.956504106712785],[2.248732802222212,48.95652515555557],[2.248756115060803,48.95665837177602],[2.248871953308133,48.95666511368459],[2.248834029400311,48.95675745015575],[2.24884627249033,48.95683279224819],[2.248868898876394,48.95684424511028],[2.24890249316629,48.95693507411626],[2.249093511900769,48.95693389498827],[2.248948866442474,48.9571250336296],[2.249060177570088,48.9571773364486],[2.249065440357852,48.95722353203004],[2.24910794527,48.9572572660873],[2.249077371222075,48.957373682654406],[2.249036344682796,48.95743545294951],[2.249104016894645,48.95744516826705],[2.249209537463038,48.957522323091254],[2.249187612300859,48.95762585857927],[2.24911128917379,48.95769108016057],[2.249142017278131,48.95770684327903],[2.24923780454263,48.957818840695985],[2.249194066394206,48.957870215663945],[2.249250014076278,48.957983623127596],[2.249253837050261,48.95798540561852],[2.249194725,48.958098],[2.249290139015508,48.958221114858695],[2.249079982758618,48.95828798275862],[2.249182574074079,48.95839057407407],[2.249169522157796,48.9585096728101],[2.249169174,48.95850980399999],[2.249143130102043,48.95861397959184],[2.249322150161741,48.95883357753173],[2.249431144326461,48.958880103399046],[2.249136409690865,48.95897123845085],[2.249006347545961,48.959074621181415],[2.249180942080732,48.95925461554714],[2.249200489918464,48.95926733215125],[2.248929874442289,48.95945049983164],[2.248925816177103,48.959452500182216],[2.248688710353237,48.95920856414943],[2.248663713174064,48.95913839662896],[2.248658319730274,48.959139069515416],[2.248445166882101,48.959246969870236],[2.248329002598507,48.959258961022094],[2.248226415588963,48.959239388500535],[2.248204557744401,48.9593723570549],[2.248247239255015,48.95946500716333],[2.248318430232558,48.95941754651163],[2.248361913540713,48.959461882433665],[2.248430483949756,48.959407258548495],[2.248556183651679,48.959631913334896],[2.248550850808093,48.959698893850344],[2.248562763663503,48.959697581139004],[2.248916879246959,48.95954164033161],[2.249036304902735,48.95973712478492],[2.248812205191641,48.95979391717746],[2.248810552939458,48.95994757663059],[2.248667860116357,48.95996076020664],[2.248772948153094,48.96014738206497],[2.248623240384598,48.96018677884616],[2.248688838221381,48.960300084200576],[2.248532770186335,48.960405430124226],[2.248442515137714,48.96041071532977],[2.248529821093049,48.96065214302261],[2.248472441201443,48.96106217016469],[2.248845755635347,48.96159186271873],[2.249125767240115,48.962284165141114],[2.249712871714828,48.96272485236296],[2.249736547876249,48.962730084051906],[2.249777532213255,48.962747108484606],[2.249869020542873,48.96278914766846],[2.249954288277344,48.962826017147506],[2.250083070956085,48.9628893107123],[2.250208195403433,48.962955586522504],[2.250457982548276,48.96305238586013],[2.250586276187839,48.96313479321689],[2.250730651629577,48.96322066103294],[2.250897138154651,48.96331301213452],[2.251427437239832,48.963580919183336],[2.252050622888304,48.963552210630986],[2.252348294473375,48.96353849767033],[2.252649117509648,48.963524639530455],[2.252663,48.963524],[2.253036344037176,48.96351083226425],[2.253540929599753,48.96349303567802],[2.253627,48.96349],[2.253701,48.963686],[2.253836531964106,48.96364437096755],[2.254414,48.963467],[2.254598,48.96373],[2.254712,48.963666],[2.254908215314045,48.9636354382468],[2.255090954493379,48.96360697548523],[2.255155,48.963597],[2.255693,48.963552],[2.256777022620905,48.96343061934478],[2.256854,48.963422],[2.256869402868316,48.96346575814863],[2.256893528192573,48.96353429600163],[2.256942,48.963672],[2.257104974568544,48.9636527733882],[2.257337682920462,48.96362532006719],[2.257498084517956,48.963606396996695],[2.257749391180421,48.96357674957571],[2.257954253114824,48.96355258138234],[2.25805669949014,48.96354049546791],[2.258149195252338,48.96352958345796],[2.258205,48.963523],[2.258327637522397,48.96350273451504],[2.258555202156654,48.963465130137656],[2.258784753086423,48.96342719753086],[2.258792,48.963426],[2.258894298173385,48.96345124240642],[2.258946,48.963464],[2.259101665657818,48.96341995915174],[2.259295326603294,48.963365168696136],[2.259529906815235,48.9632988013826],[2.259698127837458,48.96325120837706],[2.259814379903193,48.963218318402106],[2.260153949112075,48.96312224765527],[2.260275,48.963088],[2.260358758336401,48.963063016290214],[2.260741,48.962949],[2.260745584565409,48.96294814765827],[2.261096,48.962883],[2.261716,48.962697],[2.263166,48.96233],[2.263206478429725,48.96232862005353],[2.263254,48.962327],[2.263693,48.962006],[2.264046,48.962149],[2.26447,48.962026],[2.264603,48.962155],[2.265055,48.962988],[2.265531,48.962911],[2.265632,48.962945],[2.265726,48.963134],[2.266228318290082,48.96312016597302],[2.266779,48.963105],[2.267051,48.963112],[2.267794,48.963177],[2.267836,48.963451],[2.267815,48.963658],[2.268425,48.963855],[2.268824,48.963951],[2.268925126790921,48.96396064089082],[2.269018140473252,48.96396950832098],[2.269317,48.963998],[2.269424239928258,48.96400427405864],[2.26954760548452,48.964011491545136],[2.2696217295201,48.9640158281626],[2.269635632085711,48.96401664153047],[2.270716052514013,48.964079851393016],[2.271163,48.964106],[2.271277,48.964168],[2.271336,48.964296],[2.271774539118089,48.964281675226516],[2.271790189864313,48.9642811639987],[2.271898439426615,48.96427762805311],[2.272040845845475,48.96427297638213],[2.272232145224662,48.964266727634495],[2.272398294408512,48.96426130041187],[2.272482292321876,48.96425855664049],[2.272614123533659,48.964254250406064],[2.272717487323137,48.96425087405306],[2.273081,48.964239],[2.273085,48.963692],[2.273095899242531,48.96366763698728],[2.273102,48.963654],[2.273203693934723,48.96367667739311],[2.27320532276133,48.963677040615764],[2.273666451840986,48.96377987079381],[2.273676,48.963782],[2.273775807368587,48.96381790748657],[2.273775829108527,48.96381791530791],[2.274193,48.963968],[2.27435954083349,48.96401518656949],[2.274493,48.964053],[2.274663864226937,48.96405822520572],[2.275318960430492,48.96407825872876],[2.27544481749718,48.96408210756872],[2.275474,48.964083],[2.275535805969171,48.964079690340384],[2.275724201308229,48.964069601922475],[2.275911498145414,48.96405957232845],[2.275992359945288,48.96405524224452],[2.276277,48.96404],[2.276107568086095,48.9634989730931],[2.276101,48.963478],[2.276441024067601,48.96348827979739],[2.276531,48.963491],[2.276534782877214,48.96294134794078],[2.276535130581868,48.96289082645465],[2.27653735516208,48.96256759494976],[2.276540332767631,48.96213494886324],[2.276541,48.962038],[2.27663344010915,48.96202491487039],[2.27676,48.962007],[2.277204181893835,48.961963690944955],[2.277230893320866,48.96196108650141],[2.277401402468699,48.96194446135264],[2.277530628833687,48.96193186139791],[2.277648226271656,48.96192039529813],[2.277815621062179,48.96190407380845],[2.277993099313386,48.96188676915137],[2.278240517162773,48.96186264517557],[2.278442,48.961843],[2.278472466819859,48.96184238059833],[2.278777124474904,48.961836186795935],[2.278919149489526,48.96183329937505],[2.279182619360748,48.961827942935486],[2.279229,48.961827],[2.279288963022309,48.96134429767041],[2.279309,48.961183],[2.279360583077411,48.961185708419336],[2.279728,48.961205],[2.279731409901874,48.96118805382099],[2.279751189877981,48.961089753333674],[2.279789505810318,48.960899334760846],[2.279821206442168,48.9607417922268],[2.279838824250683,48.96065423705721],[2.279857519282599,48.960561328413746],[2.27987788995252,48.960460092357174],[2.279893,48.960385],[2.279895092259161,48.9603464426526],[2.279900827327586,48.960240753534485],[2.279911539777746,48.96004333838154],[2.279914,48.959998],[2.279772718861208,48.959702503533656],[2.279772,48.959701],[2.279774327932444,48.959700562072115],[2.279974,48.959663],[2.280177,48.959682],[2.281141507397491,48.95982993418391],[2.281218464777711,48.959841737750445],[2.281441681993196,48.95987597435318],[2.281658458130692,48.959909223036476],[2.28182,48.959934],[2.281865237437871,48.9599412795877],[2.282097727231565,48.959978691738414],[2.282543944696006,48.96005049684763],[2.282777,48.960088],[2.283042,48.959454],[2.283571419448929,48.95949567682334],[2.28377479818042,48.95951168715216],[2.283965398279268,48.959526691524715],[2.284163604494189,48.959542294664004],[2.284356498023571,48.95955747957941],[2.284558536732324,48.9595733844193],[2.284745528002434,48.959588104698554],[2.284937434327215,48.95960321189949],[2.285144215701382,48.95961949009029],[2.285337067926589,48.95963467175416],[2.28552894075601,48.95964977631828],[2.285723234686448,48.959665071475705],[2.285917316077438,48.95968034990165],[2.286110594975686,48.95969556515397],[2.286304899818072,48.9597108611704],[2.286496524845957,48.95972594622715],[2.286695282822027,48.95974159280205],[2.286893782786593,48.959757219065814],[2.28709021425098,48.95977268249364],[2.287284101433636,48.95978794563117],[2.287479477393017,48.959803325967805],[2.28767494233192,48.959818713309055],[2.287878692289042,48.95983475286141],[2.288174,48.959858],[2.288429,48.959828],[2.288364,48.959379],[2.288365,48.959022],[2.288359761066591,48.958926501728136],[2.288358766100008,48.95890836490871],[2.288347024195201,48.95869432675824],[2.288335787544689,48.95848949867176],[2.28833,48.958384],[2.288643919364286,48.95781420491352],[2.288933949252323,48.95728777161905],[2.289016002009709,48.95713883764648],[2.289080515377575,48.95702173942252],[2.289165776507908,48.95686698193172],[2.289236328103715,48.9567389237193],[2.289348444025635,48.956535422092145],[2.28956696077393,48.95613879230865],[2.289628,48.956028],[2.289729026910438,48.955851078959036],[2.289885727046534,48.95557666146891],[2.289899821565593,48.9555519787683],[2.290054907400955,48.955280388285004],[2.290229065031438,48.95497539876148],[2.290561042694711,48.95439403055464],[2.290746864714736,48.95406861403863],[2.29126470599898,48.95316175646309],[2.292277,48.951389],[2.291834,48.951267],[2.291061884418192,48.95099832162992],[2.290969,48.950966],[2.290796627112828,48.950951678049115],[2.290628325921812,48.95093769440336],[2.290545097783817,48.950930779224734],[2.290276803202857,48.950908487425394],[2.290050880380905,48.95088971616958],[2.289855097212645,48.95087344912801],[2.289639012069092,48.95085549525566],[2.289527164577776,48.950846202180024],[2.289072558268393,48.95080843029291],[2.288113441221439,48.950728740108055],[2.287924,48.950713],[2.287307762359237,48.950639556806536],[2.286784507814061,48.95057719533712],[2.286678319787963,48.950564539849644],[2.286011093146682,48.950485019787806],[2.285778905765947,48.950457347699],[2.285620478594494,48.95043846635091],[2.285458130398171,48.95041911769513],[2.285306540213966,48.95040105117908],[2.285099471468316,48.95037637272885],[2.285046,48.95037],[2.284840156305395,48.950334399923456],[2.284690416330433,48.9503085028243],[2.284548139877726,48.95028389651991],[2.284248357293257,48.95023204998182],[2.283181653422775,48.95004756660715],[2.283149300627055,48.95004197128393],[2.282676030116386,48.94996012050663],[2.282305310051036,48.949896005534704],[2.282086281202244,48.94985812512356],[2.28168898304015,48.949789413546036],[2.28149,48.949755],[2.281459566507268,48.94974621734414],[2.28104667706132,48.94962706355709],[2.279642847948398,48.94922193923912],[2.279002,48.949037],[2.278326430208599,48.948858066230294],[2.278038878388661,48.94878190425298],[2.276179090701716,48.94828931440377],[2.275083,48.947999],[2.274668586827556,48.947904562681884],[2.274633842056927,48.94789664497276],[2.274340255014718,48.947829741759385],[2.274137128153805,48.94778345279644],[2.273930071643314,48.947736268336946],[2.273661257297756,48.947675010376166],[2.273409303492039,48.947617594629556],[2.273384115357924,48.94761185470623],[2.273292304380833,48.9475909326337],[2.27302180049639,48.94752928965735],[2.272492199928772,48.94740860320093],[2.272472,48.947404],[2.272308858378168,48.947372968612534],[2.272196250238122,48.94735154926665],[2.271953807526509,48.94730543391216],[2.271672436556921,48.94725191396133],[2.271519443909611,48.94722281302396],[2.271381548681937,48.94719658378711],[2.27120650059899,48.94716328765565],[2.270985326428272,48.94712121781895],[2.270772619456424,48.94708075853954],[2.270674,48.947062],[2.270539206279259,48.947028610729724],[2.270342357471399,48.94697985001585],[2.270140966402464,48.94692996415474],[2.269693,48.946819],[2.26909,48.946694],[2.268613,48.946535],[2.268423939570416,48.946453210814155],[2.268153,48.946336],[2.267698183373244,48.946151541566884],[2.26729831102579,48.945989366698335],[2.267147,48.945928],[2.266709,48.945731],[2.265175,48.944984],[2.264623283036522,48.944777848633024],[2.263596,48.944394],[2.263156,48.944204],[2.262692744702359,48.94405238069312],[2.262163,48.943879],[2.261775,48.943764],[2.26092,48.943438],[2.260274,48.943137],[2.25982,48.942954],[2.258983,48.942542],[2.258627,48.942355],[2.258232396506854,48.94211658222512],[2.257912,48.941923],[2.257464004577123,48.941622535036046],[2.257083,48.941367],[2.256446261064488,48.94087582822526],[2.256405,48.940844],[2.256066,48.940597],[2.256059295348007,48.940591380732236],[2.25577446181261,48.94035265754376],[2.255578,48.940188],[2.255492418801941,48.940156079038665],[2.255267,48.940072],[2.255257856945344,48.940068271533555],[2.255072405627858,48.93999264593136],[2.254846656879656,48.93990058735093],[2.253727,48.939444],[2.253605436611778,48.93939598391229],[2.2528438514916,48.94133578039154],[2.252512930500682,48.94194516787587],[2.252269042569517,48.942245851626616],[2.252294864645446,48.942353343524054],[2.251964390522047,48.94355570682402],[2.251953706608853,48.94356495393509],[2.251861309518927,48.94361343240825],[2.251826024575902,48.943670762287944],[2.251786094309967,48.94372591964385],[2.251763924648671,48.94375266818021],[2.251723474253221,48.943818247936356],[2.251638442421902,48.94392128364613],[2.250876433884452,48.94397268898398],[2.250814292333233,48.94379214473287],[2.250026127147097,48.94374355920769],[2.250021890282902,48.94390079394565],[2.250069398283918,48.94393610144836],[2.250849140691561,48.944025948310134],[2.250768364982659,48.9442920329983],[2.250795562275022,48.94440840003931],[2.250811833874613,48.944569932646154],[2.250362774968488,48.94484480144278],[2.250291162884923,48.944922801458674],[2.250276328220858,48.944951598159506],[2.250077269230772,48.94506534615384],[2.249847617207299,48.94506485014516],[2.249858117724636,48.94513161269368],[2.249816845304649,48.945593634506295],[2.249665791624731,48.945649636371584],[2.249585302617802,48.945636943874334],[2.249362847583635,48.94587422924411],[2.249293664692194,48.945887991432194],[2.249144218217566,48.94620987614679],[2.249143085444167,48.946210986264724],[2.249139203204477,48.94628733697864],[2.248631272640135,48.94668402050296],[2.248472007225615,48.94605811756813],[2.248116714677163,48.94604724126562],[2.248060773634829,48.94610531458985],[2.247389684212685,48.94592100129785],[2.247471207251679,48.94555186902812],[2.247097702931632,48.94559623556338],[2.246886342749702,48.94543545730533],[2.246874591801164,48.945363944389925],[2.246767425060152,48.94537049346855],[2.246638249469214,48.94526851273886],[2.246640248243883,48.945220542146664],[2.246431341948314,48.94517648707754],[2.246398497609416,48.945186605001844],[2.246363691860472,48.94509765697675],[2.246180980926437,48.944948166212534],[2.245996719946772,48.944995717433095],[2.245972801493148,48.94498241948686],[2.245917646342837,48.944940915511474],[2.245918473047727,48.94492526935601],[2.245681087753294,48.944598545509905],[2.245650015371332,48.94432367443868],[2.245667025435066,48.94425348728247],[2.245430206580794,48.94422569531775],[2.245173759544713,48.94407791228001],[2.245038808054542,48.9437734744695],[2.24499775819964,48.94352848893544],[2.244988246668081,48.943334181933565],[2.244993006244641,48.943110005877315],[2.244991146377904,48.943108255414494],[2.244984313478266,48.94310357980346],[2.244952121414651,48.94307677185685],[2.244892723927286,48.9430365798152],[2.244734599877085,48.94297643620325],[2.244529779659018,48.942844244279236],[2.244411573674638,48.94285669624497],[2.244347172067447,48.942851475978166],[2.244274318555391,48.94285140950599],[2.244136865125269,48.94285781789616],[2.244136299514171,48.94285787507389],[2.244057079364115,48.94285667346815],[2.243968072656882,48.94285886134252],[2.243948103885486,48.942860314036054],[2.243938363607276,48.94286136423191],[2.243863941772591,48.942912988491926],[2.24353530269468,48.94303044884677],[2.243388317868225,48.94299234166954],[2.243228858593711,48.942770777203904],[2.242766948738911,48.942906688951304],[2.242721978790278,48.94281626446407],[2.242586532322044,48.94274476779463],[2.24244549381843,48.94270626274293],[2.242061800690781,48.94304525375865],[2.242028403536976,48.942990763665584],[2.241823946469264,48.9428431002278],[2.241762820926836,48.94278461954057],[2.241754033069817,48.94279077730262],[2.241501240912475,48.94292712122082],[2.241375669817464,48.94284867333498],[2.241092322604493,48.942749585311596],[2.24078985681215,48.94246712698411],[2.240741082585193,48.942395091202755],[2.240567743902411,48.94247942682926],[2.240419699121878,48.94252946048196],[2.240256375314223,48.94256414605514],[2.240191583611013,48.942565876220335],[2.239984783818144,48.94299170590134],[2.239771342656152,48.94309406244371],[2.239624019056456,48.943111758972194],[2.239404898566815,48.94318919684158],[2.239357714903337,48.94315075624591],[2.238705469027402,48.943950077172325],[2.23884116599142,48.943306305529084],[2.238600557090226,48.94324030994475],[2.238467230219256,48.94310031673023],[2.237872348745067,48.944117877146596],[2.237521369550905,48.94479341774611],[2.237351805777395,48.94483517112021],[2.237285342508474,48.94484696791435],[2.237135671690428,48.944894858856436],[2.236997318246778,48.94477446620528],[2.236810202578707,48.944623689524256],[2.236662981951575,48.944515376837145],[2.236363209529936,48.94432526231088],[2.236272965502852,48.944284764829604],[2.2357897240424,48.94435241863406],[2.23506279914898,48.943741401056336],[2.234933706061175,48.943614749445366],[2.234751154799551,48.9432089340508],[2.234858464420253,48.94291169589788],[2.234878858338913,48.94289727093102],[2.234939043168212,48.94264824529676],[2.234951769674526,48.94262576832868],[2.234962547809548,48.942595839344285],[2.234872682791954,48.94247878586595],[2.234827850241548,48.94236476728098],[2.234823630103917,48.94234324978911],[2.234693737440589,48.94214875082728],[2.234684539762048,48.94203492955541],[2.234385034839445,48.94194689064445],[2.234260041363688,48.94206855589155],[2.23418341975946,48.9422686931966],[2.234109503442946,48.94236472463747],[2.233919236572318,48.94225611075586],[2.233833166880921,48.94225040955836],[2.233750536558887,48.94225819770364],[2.2336277476378,48.942294602459135],[2.233600125604201,48.94231633511022],[2.233559368489932,48.94238208479455],[2.233500491869916,48.94243375203253],[2.233552221107713,48.94255716321412],[2.233497220385957,48.94270312666803],[2.233381462620716,48.9426714741541],[2.233396870433559,48.942808959253306],[2.233307728244933,48.942817349106356],[2.233281605579404,48.94293635236052],[2.233302726069253,48.94300095621181],[2.233072023219601,48.94293822122638],[2.233149231554153,48.94338468681316],[2.233269966027714,48.94359483005905],[2.232844475874538,48.94336155694876],[2.232703835506523,48.94338672417251],[2.232661415841578,48.9434261138614],[2.232653805680636,48.94351553325252],[2.232666529790569,48.943553445906595],[2.23259213120567,48.943548684397165],[2.232503292079201,48.943593103960396],[2.232500777010945,48.94372137244169],[2.232600275323052,48.94393926115049],[2.232727827985733,48.94414007040998],[2.232632484119356,48.94409136958614],[2.232367857142854,48.944001155844155],[2.232195619335351,48.94396983987916],[2.23207185608135,48.94408034278451],[2.231757480461805,48.943960441385435],[2.23162229443661,48.943777426386404],[2.231262014893267,48.944616286218654],[2.230971557142853,48.9446856],[2.230749976989184,48.94466427957285],[2.230728106293362,48.94448543372151],[2.230910541362579,48.943660026274166],[2.230908648180467,48.94365923878365],[2.230603036884735,48.943569603106525],[2.230463610410999,48.943677230559935],[2.230280834286803,48.943736599446986],[2.23016862368816,48.94373840929535]],[[2.244373422264074,48.94528287010655],[2.244433710829525,48.94523016384536],[2.244454262475458,48.94521975560199],[2.244730970490212,48.94557830683238],[2.244650495051549,48.945668362680415],[2.244373422264074,48.94528287010655]],[[2.242789764659012,48.953727702510655],[2.242212121540952,48.95357376208578],[2.242333947097157,48.95338353180551],[2.242419317286232,48.95333043342416],[2.242951934275371,48.95316057534852],[2.243084002338641,48.95348760102901],[2.243089686629527,48.95350929108635],[2.243094906369207,48.95363769668246],[2.242789764659012,48.953727702510655]],[[2.273256033647222,48.9612401446879],[2.273175500000012,48.961238498222215],[2.273119701236708,48.96123363752996],[2.273213003329632,48.96029284142615],[2.273312979831637,48.960649575762886],[2.273261124198209,48.961239932204876],[2.273256033647222,48.9612401446879]],[[2.273569063733905,48.96045384774677],[2.273633568532945,48.96066278720454],[2.273751139975545,48.9607040403423],[2.273711221856697,48.96126289400618],[2.273658170640875,48.96126654097335],[2.273583003829192,48.961255773275795],[2.273498129866379,48.96125369000581],[2.273536659592528,48.96053125764006],[2.273569063733905,48.96045384774677]]],[[[2.208901025190429,48.948030037817254],[2.208815314713893,48.94803930381472],[2.20795835637764,48.94839592622794],[2.208126831708392,48.94856625293596],[2.208211920824268,48.94862317462037],[2.208362227781903,48.9487034973861],[2.208534858811024,48.94877671443736],[2.208787480674261,48.948866657206],[2.209407866053634,48.94903750825857],[2.208901025190429,48.948030037817254]]],[[[2.231155151785655,48.95789476521275],[2.231003522971286,48.95789577438954],[2.230860412714594,48.95785271081686],[2.230750268921474,48.958124862228004],[2.230723282152974,48.95822231444759],[2.230535061392645,48.95842876741833],[2.230362980015725,48.95854557417115],[2.230335815565538,48.958568949474056],[2.230334835819868,48.95857714292233],[2.230938837596658,48.95878260254312],[2.231064159293992,48.95885025809712],[2.231459462291762,48.958916688683885],[2.231362891166016,48.95869033088596],[2.231343651710399,48.95866067220773],[2.23131974576464,48.95860061000571],[2.231326219581445,48.95805033557756],[2.231155151785655,48.95789476521275]]],[[[2.228730596178586,48.96574704955583],[2.228657803306318,48.96574369034623],[2.228573925017125,48.965745534207414],[2.228569755803151,48.965747925061265],[2.228218869652759,48.966226325111286],[2.228213273584904,48.96656656603771],[2.228297682566434,48.96763373673276],[2.228666931231227,48.966786280780795],[2.228768008435373,48.96646077792],[2.22875989346625,48.965849836672824],[2.228730596178586,48.96574704955583]]],[[[2.237381354545462,48.93770193636366],[2.237584847593582,48.937091457219246],[2.237583537433157,48.937046387700526],[2.237441898851834,48.93714829838709],[2.237327788317159,48.93748492446439],[2.237381354545462,48.93770193636366]]],[[[2.247562699978993,48.94253174041592],[2.247427982566252,48.94247011436541],[2.247331560717435,48.94247255542488],[2.247575099266125,48.94283643066822],[2.247639085255954,48.94265361355445],[2.247562699978993,48.94253174041592]]],[[[2.247570872812558,48.942886632689884],[2.24729622153265,48.94267871910415],[2.247226757367383,48.94275057858547],[2.247583512491564,48.942995410533435],[2.247570872812558,48.942886632689884]]],[[[2.242923185830887,48.95634908521934],[2.242935825635081,48.956356996370985],[2.243003860295431,48.956393509444986],[2.243102642490028,48.95643658592231],[2.24312525987794,48.956464705930536],[2.24327676992674,48.95659776449827],[2.243457215472466,48.9567102811238],[2.243803108131904,48.95676024339682],[2.24383990133101,48.95675824032869],[2.244185803402957,48.956565214618884],[2.244203756537523,48.95655718047337],[2.244204422347146,48.95655670779934],[2.2444549997149,48.95645291534651],[2.244480678651669,48.956438581738816],[2.244477292238338,48.956427830698416],[2.244317433694087,48.95612961742424],[2.244182914399603,48.955979356510205],[2.244076758632779,48.95589550584613],[2.244007225848563,48.95585924412533],[2.243934145614044,48.95582692017544],[2.243848152507581,48.95581030787078],[2.243723490365543,48.95558612553131],[2.24347921994988,48.95554929110356],[2.243362388483891,48.95555700369421],[2.24317961196912,48.95561913963963],[2.243164985209777,48.955627823376446],[2.24304470236208,48.955667794291976],[2.243031898782935,48.95569043169232],[2.242990999819511,48.955749199882696],[2.242939269626365,48.955855051689106],[2.242892263958312,48.95598317079656],[2.242868537205081,48.95610452325317],[2.242847819427503,48.956281832899634],[2.242847469731308,48.956300183623796],[2.242923185830887,48.95634908521934]]],[[[2.236300538532118,48.956960369724776],[2.23646927439817,48.95739589067635],[2.236567504204508,48.957225785401945],[2.236549433096081,48.957156281138786],[2.236522522882036,48.95710292467991],[2.236483482459242,48.95705047643516],[2.236300538532118,48.956960369724776]]],[[[2.248022890372432,48.95995907969105],[2.247901736132359,48.95995659794684],[2.247863897661976,48.95996076747525],[2.247940904991132,48.96051197783125],[2.248046673346693,48.960536657114226],[2.248081290628633,48.95996893369044],[2.248022890372432,48.95995907969105]]],[[[2.248399083175527,48.96037569831026],[2.248230878565701,48.96008652953422],[2.248153009891961,48.960509728848045],[2.248258410140513,48.96061732493511],[2.248399083175527,48.96037569831026]]],[[[2.250996,48.938323],[2.250917557101882,48.9382885848102],[2.250007185512369,48.94056574734982],[2.250387443620176,48.94107275816024],[2.251150877682947,48.940496635057116],[2.252386789920491,48.93890442379614],[2.25221,48.938831],[2.251702,48.938606],[2.250996,48.938323]]]]}},{"type":"Feature","properties":{"code_canton":"01","nom":"Argenteuil-1","method":"Union de contours BV reconstitués, non opposables"},"geometry":{"type":"MultiPolygon","coordinates":[[[[2.243084002338641,48.95348760102901],[2.242951934275371,48.95316057534852],[2.242419317286232,48.95333043342416],[2.242333947097157,48.95338353180551],[2.242212121540952,48.95357376208578],[2.242789764659012,48.953727702510655],[2.243094906369207,48.95363769668246],[2.243089686629527,48.95350929108635],[2.243084002338641,48.95348760102901]]],[[[2.233993048803962,48.955495789394234],[2.23399263683896,48.955508451897224],[2.233970912591052,48.95562948699271],[2.233871927744506,48.955832532831785],[2.233752232092615,48.95591295702225],[2.233707865641143,48.955960979506486],[2.23388351656836,48.95642008827921],[2.233596206073429,48.95653645202873],[2.233425544630881,48.95645771904362],[2.233301314329817,48.95644541321191],[2.233181716561722,48.95647800629736],[2.233136539150143,48.95650241830676],[2.233029915060383,48.95641389398532],[2.232868,48.95637808099689],[2.232709169866584,48.95640232609514],[2.232702,48.95639343907562],[2.232538981356815,48.9563365880362],[2.232336615976815,48.95636114283126],[2.232290940062945,48.9564165293725],[2.232091877085653,48.9562926679644],[2.231982645317343,48.95627906258401],[2.231970061935053,48.95621400887178],[2.231462072980177,48.95574039510933],[2.23134289077697,48.95625322237793],[2.230944190485117,48.956442591528734],[2.230713662547837,48.95650719456743],[2.230624815753464,48.956516677696776],[2.230594478635846,48.95652075975542],[2.230517362732605,48.9566449417029],[2.230163284794417,48.956974643213606],[2.230329141213003,48.95747855403834],[2.230515804413046,48.95756544521216],[2.230725858836228,48.95764224711775],[2.230860412714594,48.95785271081686],[2.231003522971286,48.95789577438954],[2.231155151785655,48.95789476521275],[2.231326219581445,48.95805033557756],[2.23131974576464,48.95860061000571],[2.231343651710399,48.95866067220773],[2.231362891166016,48.95869033088596],[2.231459462291762,48.958916688683885],[2.231064159293992,48.95885025809712],[2.230938837596658,48.95878260254312],[2.230334835819868,48.95857714292233],[2.230332656878759,48.958582404119085],[2.230250701698022,48.95886015883666],[2.230151452306143,48.95906369200987],[2.230120280003186,48.95910993001285],[2.229314033576666,48.958890746852596],[2.229310164818694,48.95886612359744],[2.229323166825879,48.95864797881025],[2.229328901588511,48.95862098214466],[2.229330552837669,48.958552706581486],[2.229385560278301,48.95835861919273],[2.229395185025062,48.95833865060892],[2.229320505448839,48.95778328699984],[2.228713600323904,48.95705796136272],[2.227350614954457,48.95675333099212],[2.227281002551612,48.956837678314585],[2.227254419210781,48.956867762380284],[2.226209965763054,48.95748397848717],[2.225814669552533,48.957603159554395],[2.226979987533492,48.95990818413218],[2.226824742442524,48.95997381620316],[2.22656522847763,48.96000766585075],[2.226096795809873,48.959698764481985],[2.226081811722909,48.95982922593253],[2.225826726277402,48.96013532846712],[2.2257361731306,48.96022183906273],[2.224888971750453,48.959814915565204],[2.22474196742674,48.959625984874656],[2.223964742173933,48.957865303119654],[2.223258205761765,48.95810160380215],[2.223086318290949,48.958143884953536],[2.222777005931635,48.95821272581399],[2.222267597169509,48.9583015061733],[2.221860010691763,48.958401559886376],[2.221825673553611,48.95840076275461],[2.221527384412139,48.95841259924804],[2.220116671007979,48.962054698335415],[2.21907831515637,48.963289743535405],[2.217797668339704,48.965369518264936],[2.21644812753418,48.96673437769524],[2.216414855637773,48.96677397153609],[2.217255,48.967642],[2.21778,48.968117],[2.218502,48.969009],[2.218747,48.968893],[2.219513,48.969533],[2.220142,48.97015],[2.220649,48.970028],[2.220703573965211,48.97009121176125],[2.222014347974288,48.97160945096925],[2.222715,48.972421],[2.22312,48.972327],[2.223515,48.972185],[2.224065,48.971937],[2.224576,48.971631],[2.22478,48.971473],[2.225431,48.971118],[2.225733,48.971025],[2.225919,48.971259],[2.226087,48.971557],[2.226235,48.971715],[2.226715,48.971952],[2.22716,48.971981],[2.227412,48.972088],[2.227423,48.9722],[2.228758,48.972877],[2.228925,48.972763],[2.229183176274101,48.9724373536596],[2.2293,48.97229],[2.229519567056149,48.972365700966314],[2.229941,48.972511],[2.230062,48.972568],[2.230819,48.97276],[2.23116283194249,48.97287509939226],[2.231549711692921,48.97300460924475],[2.231757,48.973074],[2.232186,48.973297],[2.232885,48.973365],[2.232968529078369,48.97338086249325],[2.233301,48.973444],[2.233516445515489,48.973466028095096],[2.233702,48.973485],[2.233832,48.973523],[2.233839264750979,48.97352400563497],[2.235154,48.973706],[2.235182778214119,48.97370878907802],[2.235238306157438,48.97371417064081],[2.235608,48.97375],[2.236104,48.973757],[2.236557,48.97381],[2.236532530930302,48.97397333104023],[2.236477,48.974344],[2.236492,48.974696],[2.236498779681433,48.975113149810525],[2.236509,48.975742],[2.236631,48.97676],[2.236652782451841,48.97687319733169],[2.236685118406205,48.977041238274865],[2.236715753340633,48.97720043949148],[2.236753,48.977394],[2.236806,48.97793],[2.236814384911668,48.97796540296038],[2.236914,48.978386],[2.237034,48.978638],[2.237147792141953,48.978830158428394],[2.237213996027892,48.978941955556536],[2.237246,48.978996],[2.237191047403686,48.97901294458615],[2.23667678640877,48.97917151652481],[2.236443951345906,48.979243311017626],[2.236201513169509,48.979318066622305],[2.236192,48.979321],[2.23597185440169,48.979558951492294],[2.23592,48.979615],[2.235751,48.979937],[2.235742773585534,48.97994020709349],[2.235345101226969,48.98009524091018],[2.235002,48.980229],[2.235233,48.980342],[2.235412168413869,48.98052559232532],[2.235476,48.980591],[2.235554,48.980907],[2.23555560523446,48.98099555543438],[2.23555933836858,48.9812015],[2.23556,48.981238],[2.235545105439381,48.981363869526355],[2.235500361524714,48.98174198711509],[2.235489,48.981838],[2.235535833030742,48.982072945704225],[2.235568598863107,48.98223732096326],[2.235609,48.98244],[2.235622522874395,48.98247924742281],[2.235729022741989,48.98278834186612],[2.235804647728645,48.98300782817796],[2.235865245053982,48.983183699725636],[2.235951022741998,48.98343265221097],[2.235957,48.98345],[2.236040390769646,48.98373065015368],[2.236099591767791,48.98392989006115],[2.236154,48.984113],[2.236672173950621,48.98413757742058],[2.237155703087096,48.98416051160888],[2.237166,48.984161],[2.237293,48.98415],[2.238087152502751,48.98399553097773],[2.238167,48.98398],[2.238177045973406,48.983977932325644],[2.238993878393271,48.983809810892026],[2.239129,48.983782],[2.239134285791909,48.983781810015465],[2.239241171216902,48.98377796828693],[2.240381,48.983737],[2.240486,48.98371],[2.240684040742365,48.98369816387075],[2.241164673244652,48.983669438324924],[2.242795,48.983572],[2.2432,48.983666],[2.243085,48.983291],[2.24292,48.98296],[2.242789,48.982329],[2.242975699814928,48.98210738304411],[2.243313,48.981707],[2.24334637965618,48.981701338990746],[2.243700819292513,48.98164122794431],[2.243894410807127,48.98160839586987],[2.244446383687375,48.98151478425302],[2.244896966246128,48.98143836788664],[2.246273,48.981205],[2.24621,48.980934],[2.246205205014267,48.98092799028455],[2.245966192164508,48.98062842751285],[2.245685,48.980276],[2.245437,48.980048],[2.245889766956942,48.979930184695014],[2.24613435911711,48.979866538928675],[2.246404640394715,48.979796208550844],[2.246759,48.979704],[2.246833,48.979864],[2.246977138092831,48.979832376482456],[2.247895,48.979631],[2.248046611155694,48.979603204621455],[2.248255,48.979565],[2.248415452985232,48.979530205139156],[2.248664937313138,48.97947610348153],[2.249122998001631,48.97937677121987],[2.249145,48.979372],[2.249394,48.979340932532345],[2.249767804827802,48.979294293297826],[2.250227,48.979237],[2.250312435465213,48.979232728226734],[2.250497648854977,48.97922346755725],[2.250787,48.979209],[2.250898498035334,48.9791876505603],[2.251057425343591,48.97915721945025],[2.251627762092682,48.97904801241361],[2.251723593454322,48.97902966279991],[2.251904339323519,48.97899505391175],[2.252001936050328,48.978976366269166],[2.252355516688777,48.97890866329578],[2.252688,48.978845],[2.252757633069835,48.97883100675151],[2.252784966375949,48.97882551393402],[2.253182679161236,48.97874559079057],[2.25339723318769,48.97870247467042],[2.253622949406529,48.978657115430266],[2.253894913157167,48.978602462427745],[2.254100037564615,48.97856124125496],[2.254569,48.978467],[2.254856447074685,48.97844025661844],[2.255343126813929,48.978394977110966],[2.255570330549824,48.97837383862414],[2.256077437628491,48.97832665860634],[2.256192,48.978316],[2.256198116426719,48.97844512456407],[2.256204406983339,48.97857792520383],[2.256208065889213,48.978655168772285],[2.256211760869565,48.97873317391304],[2.256219,48.978886],[2.256521,48.978871],[2.256616859039302,48.97886349030568],[2.25715352,48.978821447741936],[2.257445223378859,48.9787985954035],[2.257616200057334,48.978785200917166],[2.257764767742469,48.978773561974094],[2.257823,48.978769],[2.257989689114471,48.97872635859862],[2.258193635010631,48.97867418639263],[2.25821,48.97867],[2.258458220229188,48.97856164751785],[2.258716194385629,48.97844903727544],[2.259115057075334,48.97827492671802],[2.259665491796957,48.97803465231112],[2.259864,48.977948],[2.259972130307472,48.97789041581259],[2.260033,48.977858],[2.260343267366429,48.97773005095753],[2.260552219363002,48.97764388266923],[2.260708088140105,48.97757960500764],[2.260869403511709,48.97751308126211],[2.260889,48.977505],[2.261116486755684,48.97740230154982],[2.26137604573149,48.9772851241587],[2.261476,48.97724],[2.26156602259922,48.977207400454105],[2.261777,48.977131],[2.262030495853327,48.97706494524296],[2.262368,48.976977],[2.262898753421165,48.97681135982208],[2.263121,48.976742],[2.263311,48.976667],[2.263503687523081,48.97664825500491],[2.263607316785072,48.976638173760534],[2.263864512022792,48.976613153336835],[2.26401,48.976599],[2.264182506681579,48.97657968596959],[2.264612730865192,48.976531517615236],[2.265005262998902,48.97648756930263],[2.265134356809274,48.97647311582316],[2.265362570928906,48.9764475647291],[2.265448,48.976438],[2.265511626595273,48.97643027861638],[2.265696106499465,48.97640789112095],[2.265864871943729,48.976387410648414],[2.266053427619958,48.976364528539065],[2.266280044509473,48.97633702752425],[2.26650620342503,48.97630958208671],[2.266511,48.976309],[2.266654852622507,48.97631432787491],[2.266889,48.976323],[2.266993658593388,48.97634916464835],[2.267386083182639,48.97644727079566],[2.267435472885031,48.97645961822126],[2.267505,48.976477],[2.267648,48.976669],[2.267625,48.976745],[2.267730893844565,48.97676232736765],[2.268229771548488,48.97684395852783],[2.268606150190851,48.97690554521531],[2.268934430131428,48.97695926153136],[2.269268650729026,48.977013949914756],[2.269677118786349,48.97708078738044],[2.269958717540601,48.97712686527254],[2.270314,48.977185],[2.270483908315751,48.977001333925884],[2.270561,48.976918],[2.270857909530295,48.97697161430643],[2.271039746117609,48.977004449367335],[2.271292,48.97705],[2.271607602848106,48.97705],[2.271759,48.97705],[2.271799003965801,48.9770458673589],[2.272001,48.977025],[2.272040593167699,48.97701666459627],[2.272628,48.976893],[2.273111,48.976768],[2.273392,48.976675],[2.273661,48.976592],[2.273843,48.976779],[2.274592,48.976436],[2.274626784839818,48.97641864631599],[2.275041,48.976212],[2.275085681582675,48.97619404328868],[2.275147912103144,48.97616903398005],[2.275785,48.975913],[2.276047562380179,48.97584168676094],[2.276109,48.975825],[2.276332329517831,48.97580113739399],[2.276474,48.975786],[2.276699,48.97581],[2.277163343456402,48.97595534024719],[2.277322,48.976005],[2.278076,48.976202],[2.278390169250586,48.976248729980064],[2.27895,48.976332],[2.280027,48.976507],[2.280517409776794,48.976613865414045],[2.280697,48.976653],[2.281043,48.976742],[2.281455751167403,48.976827725242465],[2.281592483762978,48.976856123550775],[2.281693,48.976877],[2.282349,48.977066],[2.282605,48.977206],[2.282633,48.97751],[2.282997430707311,48.977494655549165],[2.283298,48.977482],[2.283676704031528,48.977452765128206],[2.284353720412108,48.97740050139336],[2.284621867301097,48.97737980121785],[2.285118356943662,48.97734147363261],[2.285640267427392,48.9773011836309],[2.285866439706082,48.977283723775656],[2.286386884223008,48.977243546942404],[2.286561062182205,48.97723010090042],[2.286666,48.977222],[2.28715950196462,48.9771801777996],[2.28777575233753,48.97712795319173],[2.288207185766781,48.97709139103671],[2.288259,48.977087],[2.289454547813173,48.97699658779386],[2.289478926950867,48.97699474414395],[2.289621,48.976984],[2.289872,48.977219],[2.289927,48.977332],[2.291135,48.976966],[2.291439671853613,48.97684707376337],[2.291632,48.976772],[2.29164,48.976255],[2.292243961080701,48.97629867267074],[2.292449184771897,48.976313512479095],[2.293047258041153,48.9763567593998],[2.293341,48.976378],[2.293423,48.976431],[2.293867,48.976517],[2.29409,48.976652],[2.294141340924596,48.976663918428926],[2.294202,48.976678],[2.294561,48.976569],[2.294592,48.976532],[2.294594385773238,48.97653104258558],[2.294862486538286,48.97642345334147],[2.295053,48.976347],[2.2950677911229,48.97633948076695],[2.29526247528814,48.97624051089031],[2.295352,48.976195],[2.295471387346065,48.97616029194492],[2.295571798188521,48.97613110070176],[2.295644714371209,48.97610990265215],[2.295923,48.976029],[2.295980099176904,48.976019918157014],[2.296326786923272,48.97596477614189],[2.296710574439073,48.975903733266215],[2.29714164734796,48.975835169467494],[2.297149,48.975834],[2.297496286789343,48.97524432120667],[2.297639,48.975002],[2.297278152038188,48.97491116066608],[2.29692,48.974821],[2.29686885270326,48.974810384523316],[2.296655,48.974766],[2.296565182651886,48.97474199611651],[2.296201019653965,48.9746446727557],[2.295858,48.974553],[2.295730804354261,48.97443582582938],[2.295693,48.974401],[2.29560799901749,48.97422533130281],[2.295588,48.974184],[2.29561307636525,48.9738852641705],[2.295622253456343,48.97377593708531],[2.295640917563609,48.97355359076396],[2.295647248077592,48.97347817507565],[2.295649093039852,48.973456195960026],[2.295657,48.973362],[2.295649,48.973026],[2.295586,48.972732],[2.295392,48.972432],[2.295389097753504,48.97243007015568],[2.295265094692808,48.97234761451223],[2.295004,48.972174],[2.294330407512263,48.97199067607998],[2.294045,48.971913],[2.294026942640564,48.97190629033049],[2.293745146710303,48.971801581911194],[2.293461,48.971696],[2.293242814338893,48.97158832395945],[2.29323,48.971582],[2.293032,48.97141],[2.292988016256799,48.97124206207142],[2.292966,48.971158],[2.292994398668212,48.97110905761436],[2.293075137930328,48.970969911226454],[2.293154,48.970834],[2.293407,48.970551],[2.293557740394671,48.97041554595521],[2.293762,48.970232],[2.294149,48.96995],[2.294167338628979,48.969939717647335],[2.294322,48.969853],[2.2943923702108,48.96982113020848],[2.294557190063985,48.96974648535096],[2.294661862904799,48.96969908032579],[2.29498,48.969555],[2.294743,48.969563],[2.294588847848855,48.96955012961167],[2.294462410954543,48.969539573210625],[2.294254955136196,48.969522252421235],[2.294216,48.969519],[2.29388560412833,48.969430083263994],[2.293863,48.969424],[2.293490979736662,48.96929851521511],[2.293024,48.969141],[2.292927,48.968988],[2.29304,48.968777],[2.293076037760946,48.96876132160009],[2.293480071463889,48.96858554480914],[2.293679,48.968499],[2.294161531600609,48.968311138403536],[2.294260178224362,48.96827273281061],[2.294316,48.968251],[2.294482123668283,48.968199525060534],[2.294529,48.968185],[2.294679404280968,48.96812748805272],[2.294766326200679,48.96809425064198],[2.294957324780909,48.96802121614984],[2.295188182849353,48.967932940091636],[2.2952735,48.96790031631632],[2.295405592928437,48.96784980630765],[2.295545426969218,48.967796336233995],[2.295582399526503,48.96778219857946],[2.295671639067944,48.967748074951],[2.295676398578822,48.96774625499789],[2.295796009033612,48.967700518067225],[2.29592094926373,48.96765274312438],[2.296075580354717,48.967593614919416],[2.296122,48.96757586486486],[2.296195890632206,48.967547610388884],[2.296405804865434,48.96746734288429],[2.296527,48.967421],[2.296600454856116,48.96738244078002],[2.296667747426002,48.967347116376125],[2.296743438929185,48.967307383055875],[2.296880452436208,48.96723545950668],[2.296999621976195,48.96717290292771],[2.297252173849017,48.9670403289396],[2.297329,48.967],[2.297559943531295,48.96690330640983],[2.297807416996987,48.96679969191267],[2.29806198519398,48.96669310692728],[2.298153,48.966655],[2.298230761846609,48.96661735595254],[2.298415052151243,48.966528142112125],[2.298599514657512,48.966438844909916],[2.298876,48.966305],[2.298561,48.966159],[2.298430408342543,48.966089231854234],[2.298125546342429,48.96592636037472],[2.298114973796508,48.96592071202827],[2.297745558653876,48.96572335325344],[2.297565132305305,48.965626961094614],[2.297073665642453,48.96536439671309],[2.296827942537042,48.96523311998554],[2.296368043758116,48.9649874206379],[2.295808847981001,48.96468867220902],[2.295609118780706,48.964581967567774],[2.294974156882855,48.96424274134837],[2.294911,48.964209],[2.294866866945264,48.96418549062242],[2.294193783183383,48.96382694348817],[2.293960263382179,48.96370254908104],[2.293941001044379,48.96369228816493],[2.293797573112471,48.963615885082774],[2.293140986959356,48.963266126112316],[2.292724,48.963044],[2.292105969025317,48.96273840174553],[2.292091,48.962731],[2.290926918933311,48.962054762106064],[2.290815536217905,48.96199005766662],[2.29033,48.961708],[2.289895091581865,48.96100685336768],[2.289369823924022,48.96016003221175],[2.289229,48.959933],[2.28908823356551,48.959701641305685],[2.288926,48.959435],[2.28833,48.958384],[2.288365,48.959022],[2.288364,48.959379],[2.288429,48.959828],[2.288217121951205,48.95985292682927],[2.288174,48.959858],[2.288099698472289,48.95985215085401],[2.28735303062559,48.95979337185751],[2.28713318709634,48.95977606539106],[2.286865294738471,48.95975497643693],[2.286664130999767,48.95973914047621],[2.286463688179598,48.95972336126745],[2.286247077030014,48.95970630925957],[2.285977352324088,48.959685076059806],[2.285713034498226,48.95966426849908],[2.285448243622244,48.95964342369902],[2.285195493038339,48.959623526731775],[2.284936772648209,48.95960315981097],[2.284683593552134,48.95958322911049],[2.284491657876786,48.95956811959903],[2.284344761681554,48.95955655567408],[2.284152872534114,48.959541449825366],[2.283962766455615,48.95952648434296],[2.283774355210798,48.95951165228082],[2.283606479876268,48.95949843684139],[2.283432712561773,48.95948475757501],[2.283261125014139,48.959471249903686],[2.283090894904679,48.95945784909226],[2.283042,48.959454],[2.282777,48.960088],[2.282723158384231,48.96007933583194],[2.282482258412426,48.96004057031924],[2.282322511596446,48.96001486393506],[2.282118580402562,48.9599820474211],[2.28191435988468,48.959949184349256],[2.28182,48.959934],[2.281709866478764,48.9599171079444],[2.28150577438609,48.95988580471411],[2.281300056714413,48.95985425215583],[2.281095298546771,48.959822846764325],[2.280891074882503,48.95979152335386],[2.280686198094207,48.95976009976856],[2.280480540253666,48.95972855638705],[2.280275605649006,48.95969712393399],[2.280177,48.959682],[2.28007666832271,48.9596726093504],[2.279974,48.959663],[2.279772,48.959701],[2.279914,48.959998],[2.279912420105131,48.960027115205456],[2.279911154544689,48.96005043767645],[2.279900975278651,48.96023802700771],[2.279893,48.960385],[2.279844977956492,48.960623655004106],[2.279763158772533,48.961030271554684],[2.279728,48.961205],[2.2796243352515,48.96119955698218],[2.279309,48.961183],[2.279302217086257,48.961237602455626],[2.279246236615561,48.96168824524474],[2.279229,48.961827],[2.279133343105184,48.96182894473992],[2.278442,48.961843],[2.278397134083312,48.96184737456025],[2.278154403046969,48.96187104155785],[2.277964,48.961889606420925],[2.277803253417344,48.96190527969058],[2.277660938527186,48.96191915581542],[2.277556234811237,48.96192936473898],[2.277467713984482,48.961937995782726],[2.277298479168073,48.961954496680406],[2.277085202458075,48.96197529179362],[2.276916472273645,48.961991743488184],[2.27676,48.962007],[2.27675097746324,48.96200827716274],[2.276541,48.962038],[2.27654047840781,48.96211378734528],[2.276538376121296,48.962419249575724],[2.276536404713062,48.96270569519202],[2.276534032608773,48.96305036194522],[2.276533857711005,48.96307577459096],[2.276533735743379,48.96309349648707],[2.276531781790708,48.96337740581014],[2.276531,48.963491],[2.276462867048897,48.96348894016659],[2.27636630388496,48.963486020815125],[2.276101,48.963478],[2.276235502656959,48.9639074914387],[2.276277,48.96404],[2.276192983056773,48.9640444990393],[2.275809488688426,48.964065034852304],[2.275474,48.964083],[2.275068439527306,48.96407059753906],[2.274842845145238,48.964063698628294],[2.274575459233188,48.96405552168909],[2.274493,48.964053],[2.274193,48.963968],[2.274144575829212,48.96395057853817],[2.273945242881627,48.96387886494387],[2.273709733106944,48.963794136088765],[2.273676,48.963782],[2.273544921467065,48.96375276994387],[2.273329192222902,48.9637046630741],[2.273102,48.963654],[2.273085,48.963692],[2.273082164270495,48.96407978600976],[2.273081,48.964239],[2.272910459583492,48.964244570661165],[2.27290566963962,48.96424472712352],[2.272360889079875,48.96426252224782],[2.271812803645042,48.96428042532506],[2.271530542381705,48.96428964532048],[2.271336,48.964296],[2.271291814141589,48.964200139154634],[2.271277,48.964168],[2.271163,48.964106],[2.271128352176185,48.96410397293339],[2.270841839957073,48.964087210571705],[2.270563015848931,48.96407089800199],[2.270344690887886,48.96405812492735],[2.270128961254461,48.96404550369203],[2.269977639024221,48.9640366506038],[2.269317,48.963998],[2.268825638222492,48.96395115617943],[2.268824,48.963951],[2.268425,48.963855],[2.267815,48.963658],[2.267836,48.963451],[2.267794,48.963177],[2.267732430547917,48.96317161370877],[2.267199823135133,48.963125019520575],[2.267191946153479,48.963124330417195],[2.267051,48.963112],[2.266779,48.963105],[2.265726,48.963134],[2.265632,48.962945],[2.265531,48.962911],[2.265358919150467,48.96293883660801],[2.265055,48.962988],[2.264603,48.962155],[2.26447,48.962026],[2.264046,48.962149],[2.263693,48.962006],[2.263380721689146,48.96223434017719],[2.26330829538397,48.96228729881947],[2.263254,48.962327],[2.263166,48.96233],[2.261716,48.962697],[2.261096,48.962883],[2.260741,48.962949],[2.260275,48.963088],[2.260179681285054,48.96311496752206],[2.259219784401865,48.96338654105711],[2.258946,48.963464],[2.258792,48.963426],[2.258521233494469,48.96347074335781],[2.258205,48.963523],[2.256942,48.963672],[2.256854,48.963422],[2.255693,48.963552],[2.255458904106024,48.96357158051158],[2.255155,48.963597],[2.254712,48.963666],[2.254598,48.96373],[2.254414,48.963467],[2.253701,48.963686],[2.253627,48.96349],[2.252663,48.963524],[2.252407749839581,48.96353575871525],[2.252213392716889,48.96354471224563],[2.251427437239832,48.963580919183336],[2.250897138154651,48.96331301213452],[2.250730651629577,48.96322066103294],[2.250586276187839,48.96313479321689],[2.250457982548276,48.96305238586013],[2.250208195403433,48.962955586522504],[2.250083070956085,48.9628893107123],[2.249954288277344,48.962826017147506],[2.249869020542873,48.96278914766846],[2.249777532213255,48.962747108484606],[2.249736547876249,48.962730084051906],[2.249712871714828,48.96272485236296],[2.249125767240115,48.962284165141114],[2.248845755635347,48.96159186271873],[2.248472441201443,48.96106217016469],[2.248529821093049,48.96065214302261],[2.248442515137714,48.96041071532977],[2.248532770186335,48.960405430124226],[2.248688838221381,48.960300084200576],[2.248623240384598,48.96018677884616],[2.248772948153094,48.96014738206497],[2.248667860116357,48.95996076020664],[2.248810552939458,48.95994757663059],[2.248812205191641,48.95979391717746],[2.249036304902735,48.95973712478492],[2.248916879246959,48.95954164033161],[2.248562763663503,48.959697581139004],[2.248550850808093,48.959698893850344],[2.248556183651679,48.959631913334896],[2.248430483949756,48.959407258548495],[2.248361913540713,48.959461882433665],[2.248318430232558,48.95941754651163],[2.248247239255015,48.95946500716333],[2.248204557744401,48.9593723570549],[2.248226415588963,48.959239388500535],[2.248329002598507,48.959258961022094],[2.248445166882101,48.959246969870236],[2.248658319730274,48.959139069515416],[2.248663713174064,48.95913839662896],[2.248688710353237,48.95920856414943],[2.248925816177103,48.959452500182216],[2.248929874442289,48.95945049983164],[2.249200489918464,48.95926733215125],[2.249180942080732,48.95925461554714],[2.249006347545961,48.959074621181415],[2.249136409690865,48.95897123845085],[2.249431144326461,48.958880103399046],[2.249322150161741,48.95883357753173],[2.249143130102043,48.95861397959184],[2.249169174,48.95850980399999],[2.249169522157796,48.9585096728101],[2.249182574074079,48.95839057407407],[2.249079982758618,48.95828798275862],[2.249290139015508,48.958221114858695],[2.249194725,48.958098],[2.249253837050261,48.95798540561852],[2.249250014076278,48.957983623127596],[2.249194066394206,48.957870215663945],[2.24923780454263,48.957818840695985],[2.249142017278131,48.95770684327903],[2.24911128917379,48.95769108016057],[2.249187612300859,48.95762585857927],[2.249209537463038,48.957522323091254],[2.249104016894645,48.95744516826705],[2.249036344682796,48.95743545294951],[2.249077371222075,48.957373682654406],[2.24910794527,48.9572572660873],[2.249065440357852,48.95722353203004],[2.249060177570088,48.9571773364486],[2.248948866442474,48.9571250336296],[2.249093511900769,48.95693389498827],[2.24890249316629,48.95693507411626],[2.248868898876394,48.95684424511028],[2.24884627249033,48.95683279224819],[2.248834029400311,48.95675745015575],[2.248871953308133,48.95666511368459],[2.248756115060803,48.95665837177602],[2.248732802222212,48.95652515555557],[2.24874603292339,48.956504106712785],[2.248659038098049,48.95640506645008],[2.248587408024892,48.95636624404402],[2.248854875066665,48.955807772860794],[2.248785744733657,48.95484237382395],[2.248273828520444,48.954863988474585],[2.24786170278882,48.95481545054521],[2.247602530906916,48.95474626920621],[2.247550681989229,48.954730314247506],[2.247474485044957,48.954704933697826],[2.247377770877646,48.95467065881498],[2.247340759220438,48.95465503167084],[2.247250497416292,48.95464934702399],[2.247200344075061,48.95464472193199],[2.247149868910525,48.954639138754125],[2.247028923030478,48.9546205646444],[2.246979176017353,48.95462077007998],[2.24681991989508,48.95461299529161],[2.246570464871667,48.95459634371068],[2.246380173219518,48.95453988905853],[2.2460935803296,48.95452545367717],[2.245906073159492,48.95449667691695],[2.245811849003086,48.95448660436379],[2.245765632621462,48.954474294465435],[2.24563755042545,48.9544464059446],[2.245536939470449,48.9544289199942],[2.245501217425251,48.9544213045515],[2.245368793262863,48.954438150857065],[2.245163253422309,48.954442578330806],[2.244933831367928,48.95442641332546],[2.244766632114066,48.95440066541865],[2.244657221827132,48.9543783861337],[2.244561721315759,48.95435418500009],[2.244429464199064,48.95431844993909],[2.24442274958814,48.95431623290267],[2.244419319514438,48.95431539863544],[2.244148912039968,48.954458758094106],[2.243847074392332,48.95455252422724],[2.243697188873947,48.95459064802297],[2.243548484866772,48.95461498564044],[2.243425923888984,48.954621198870704],[2.24296356301411,48.95461382902455],[2.242935725440868,48.954603772642336],[2.24259943946046,48.95455420606054],[2.242459987702648,48.954442889306506],[2.242008566593258,48.95376323573676],[2.241658561624778,48.95376041007769],[2.241632138625532,48.953745301628324],[2.240763776113001,48.95307947264641],[2.240706070173463,48.95307565140298],[2.240615948475579,48.953036239710435],[2.240432888452937,48.952974985685586],[2.240259278412327,48.95293295034431],[2.24022555665072,48.95292760782042],[2.240100126740721,48.9528937947265],[2.240030868214605,48.952879832881436],[2.239979910799717,48.95286539170564],[2.23989960447873,48.952846707884866],[2.239878367403441,48.952840614032546],[2.239813114496361,48.95282556515796],[2.239768581008256,48.95281281384265],[2.239589745713682,48.95277179190778],[2.239465612016928,48.952732229529026],[2.239384625222591,48.952700136674764],[2.239273562476273,48.9526926715519],[2.238967393809588,48.95256868455752],[2.238921953328887,48.95255504771906],[2.238349835238196,48.953410420354665],[2.238142917040357,48.95344680941704],[2.238132227272732,48.953449863636365],[2.238050884615386,48.95340919230769],[2.237960039323,48.95345117135977],[2.237820917110735,48.95342191389882],[2.23747647544856,48.953700652816195],[2.237388674179504,48.95337040675258],[2.237279220328326,48.95327951666032],[2.237068132228338,48.952723110078814],[2.236994714508299,48.95243578393985],[2.236906673817488,48.952506112915195],[2.236681668944746,48.9526301067732],[2.236499772575295,48.95270214730899],[2.236386607973249,48.95272158759677],[2.236308515316749,48.95277499176769],[2.236154970745482,48.95283294731664],[2.236111761189188,48.95283826367567],[2.235932906630037,48.95288530345857],[2.235840124307377,48.952866599329866],[2.235819592916283,48.95285118537257],[2.235667442918039,48.95276309853149],[2.235573847787306,48.952642676770914],[2.235322282018959,48.95225266541195],[2.23509919228184,48.952823229451845],[2.234782055002664,48.953057715123514],[2.23457686892567,48.953172277349836],[2.234233730611027,48.95324312136173],[2.234219502599606,48.95325102880098],[2.234019946348866,48.95333114500631],[2.233852046868876,48.9533835745837],[2.233819919734358,48.953391501195796],[2.232826828444701,48.95321570070118],[2.233204487937878,48.95454357226781],[2.233129685763746,48.95486603028871],[2.233409518031621,48.95530362513618],[2.233514506724676,48.95534241613924],[2.233753555580737,48.955364247084994],[2.23387319085625,48.95540689219517],[2.233993048803962,48.955495789394234]],[[2.248022890372432,48.95995907969105],[2.248081290628633,48.95996893369044],[2.248046673346693,48.960536657114226],[2.247940904991132,48.96051197783125],[2.247863897661976,48.95996076747525],[2.247901736132359,48.95995659794684],[2.248022890372432,48.95995907969105]],[[2.248258410140513,48.96061732493511],[2.248153009891961,48.960509728848045],[2.248230878565701,48.96008652953422],[2.248399083175527,48.96037569831026],[2.248258410140513,48.96061732493511]],[[2.236567504204508,48.957225785401945],[2.23646927439817,48.95739589067635],[2.236300538532118,48.956960369724776],[2.236483482459242,48.95705047643516],[2.236522522882036,48.95710292467991],[2.236549433096081,48.957156281138786],[2.236567504204508,48.957225785401945]],[[2.244076758632779,48.95589550584613],[2.244182914399603,48.955979356510205],[2.244317433694087,48.95612961742424],[2.244477292238338,48.956427830698416],[2.244480678651669,48.956438581738816],[2.2444549997149,48.95645291534651],[2.244204422347146,48.95655670779934],[2.244203756537523,48.95655718047337],[2.244185803402957,48.956565214618884],[2.24383990133101,48.95675824032869],[2.243803108131904,48.95676024339682],[2.243457215472466,48.9567102811238],[2.24327676992674,48.95659776449827],[2.24312525987794,48.956464705930536],[2.243102642490028,48.95643658592231],[2.243003860295431,48.956393509444986],[2.242935825635081,48.956356996370985],[2.242923185830887,48.95634908521934],[2.242847469731308,48.956300183623796],[2.242847819427503,48.956281832899634],[2.242868537205081,48.95610452325317],[2.242892263958312,48.95598317079656],[2.242939269626365,48.955855051689106],[2.242990999819511,48.955749199882696],[2.243031898782935,48.95569043169232],[2.24304470236208,48.955667794291976],[2.243164985209777,48.955627823376446],[2.24317961196912,48.95561913963963],[2.243362388483891,48.95555700369421],[2.24347921994988,48.95554929110356],[2.243723490365543,48.95558612553131],[2.243848152507581,48.95581030787078],[2.243934145614044,48.95582692017544],[2.244007225848563,48.95585924412533],[2.244076758632779,48.95589550584613]],[[2.228657803306318,48.96574369034623],[2.228730596178586,48.96574704955583],[2.22875989346625,48.965849836672824],[2.228768008435373,48.96646077792],[2.228666931231227,48.966786280780795],[2.228297682566434,48.96763373673276],[2.228213273584904,48.96656656603771],[2.228218869652759,48.966226325111286],[2.228569755803151,48.965747925061265],[2.228573925017125,48.965745534207414],[2.228657803306318,48.96574369034623]]]]}},{"type":"Feature","properties":{"code_canton":"03","nom":"Argenteuil-3","method":"Union de contours BV reconstitués, non opposables"},"geometry":{"type":"MultiPolygon","coordinates":[[[[2.203443661098545,48.914363195823604],[2.203862,48.914539],[2.203706556273123,48.914716501210656],[2.203641126630306,48.91479121532775],[2.203217263463111,48.91527522473],[2.202795346120123,48.91575701219536],[2.202713992318472,48.91584991011137],[2.202323376816774,48.91629595400034],[2.202266102524712,48.91636135552142],[2.202239262728845,48.91639200388759],[2.20222,48.916414],[2.202185937939733,48.916453944644495],[2.202125341109589,48.91652500666536],[2.202053531912969,48.91660921745025],[2.2019957413857,48.91667698851427],[2.201760161375762,48.916953253651265],[2.201502,48.917256],[2.201483953740154,48.917276430610244],[2.201321212919034,48.91746067345695],[2.201227433026822,48.917566843956685],[2.201133426178407,48.91767327139906],[2.201116,48.917693],[2.200999795645917,48.917814239876094],[2.200816,48.918006],[2.200762180313499,48.918046919607],[2.200567100850041,48.918195240333084],[2.200489852188719,48.91825397320703],[2.200428,48.918301],[2.200397811738249,48.918321460932965],[2.200299228760888,48.91838827828429],[2.200167629444491,48.91847747337651],[2.200045649704286,48.918560148533764],[2.199866311251585,48.9186817001517],[2.199798,48.918728],[2.199791735383823,48.918730520367106],[2.199448683449578,48.91886853629429],[2.199194,48.918971],[2.199346474108655,48.919063484295414],[2.199470521442492,48.919138726120856],[2.19956,48.919193],[2.199581042992498,48.91920648619492],[2.19970656492421,48.9192869316562],[2.19982885000439,48.919365302659166],[2.200045228736456,48.91950397712565],[2.200257275989428,48.91963987560049],[2.200581070043103,48.919847391224664],[2.200907696977674,48.920056722407345],[2.201047,48.920146],[2.201050100839235,48.92014796327082],[2.201240878097872,48.92026875232059],[2.201482768222203,48.92042190306023],[2.201573642623964,48.92047943943912],[2.201689004918102,48.92055248012535],[2.201804166071887,48.92062539346123],[2.201929760713964,48.92070491267427],[2.202091,48.920807],[2.202150866263147,48.920840750108084],[2.202389,48.920975],[2.202391175174983,48.92097580477983],[2.20250982210757,48.92101970224044],[2.202769789241191,48.92111588590705],[2.203030492748253,48.92121234202002],[2.203119386787759,48.921245231387765],[2.203249518652707,48.921293378089004],[2.2034748,48.92137672857143],[2.203601072832134,48.921423447492465],[2.203635,48.921436],[2.203815045594362,48.92150086936856],[2.204094548312704,48.92160157255384],[2.204240970418943,48.921654327577414],[2.204515407547173,48.92175320566038],[2.204661543658925,48.921805857641814],[2.204723,48.921828],[2.20489221735169,48.92190598383545],[2.205072395707585,48.92198901905092],[2.20517,48.922034],[2.205012,48.922246],[2.205025206428002,48.922246388424355],[2.205114,48.922249],[2.205003491239605,48.92240499254897],[2.204981777192015,48.92243564378078],[2.204786,48.922712],[2.204874880049374,48.9227389333483],[2.204918,48.922752],[2.204864629713909,48.92283721553967],[2.204772136207636,48.9229848985414],[2.204526371032661,48.92337730813018],[2.204375,48.923619],[2.204622,48.923683],[2.204541180646076,48.923809646270186],[2.204456062563029,48.923943028773515],[2.204162837652814,48.9244025207071],[2.20407,48.924548],[2.204322,48.924511],[2.204188846489844,48.92473017303442],[2.204087985954572,48.924896191260615],[2.203983,48.925069],[2.204342339839394,48.92515444931614],[2.204618,48.92522],[2.204521673176531,48.925359750343894],[2.20441810253238,48.92551000997683],[2.204309936513572,48.92566693655015],[2.204186337402438,48.92584625335583],[2.20410574747344,48.92596317271314],[2.20405354318702,48.92603891036042],[2.203994907872704,48.92612397810214],[2.20392939771736,48.92621901981958],[2.203765008002438,48.926457515374246],[2.203673,48.926591],[2.203654356596128,48.92658266996848],[2.203626,48.92657],[2.203427918116541,48.926867654350815],[2.203190443654322,48.92722450327437],[2.203067,48.92741],[2.203149172839496,48.927409209876544],[2.203171,48.927409],[2.203258269370504,48.927436325327484],[2.203441154376356,48.92749358932112],[2.203615099854068,48.9275480542166],[2.203732009785796,48.92758466044113],[2.203781,48.9276],[2.203688699945593,48.92772569504896],[2.203634605041403,48.92779936197879],[2.203480946196518,48.928008615983636],[2.203315496786894,48.928233926486186],[2.20319428681749,48.92839899131889],[2.20308928820802,48.928541979375005],[2.202985,48.928684],[2.202918157686935,48.928770612574674],[2.202726169268794,48.92901938629959],[2.202559,48.929236],[2.202673519264239,48.92926948758269],[2.202836,48.929317],[2.202655824405907,48.929577157388266],[2.20257632007063,48.9296919545134],[2.202262507752048,48.93014507133879],[2.202212,48.930218],[2.202506,48.930319],[2.202342819514962,48.930529113886855],[2.201972729603396,48.93100564776766],[2.201755,48.931286],[2.201931,48.931352],[2.201753,48.931554],[2.201723151410266,48.931591827210376],[2.201629784351054,48.9317101515742],[2.201355270486704,48.932058043846204],[2.201334,48.932085],[2.200884061911804,48.9327431291683],[2.200776379667918,48.932900637117655],[2.200290081686901,48.93361195028315],[2.200128280099496,48.93384861916481],[2.200087,48.933909],[2.199313992152712,48.93521916647592],[2.199284,48.93527],[2.200989990240254,48.936073915999295],[2.201022,48.936089],[2.201460766902369,48.935949992432704],[2.201587,48.93591],[2.201588453666352,48.9359093652112],[2.201693560710331,48.93586346693872],[2.201714312900943,48.93585440484675],[2.201816,48.93581],[2.201941595481805,48.935735677580055],[2.202083,48.935652],[2.202090170859619,48.935765837396445],[2.202099,48.935906],[2.202065575360821,48.93603708882513],[2.202025056579407,48.93619600032221],[2.201996912245811,48.93630638020112],[2.201971167399372,48.93640734947874],[2.20192996036312,48.93656896025755],[2.201860468989281,48.9368415],[2.201842616587327,48.93691151572658],[2.201798722000412,48.937083666869256],[2.201766,48.937212],[2.201644,48.937718],[2.201782567873312,48.93768857805429],[2.202082,48.937625],[2.202149,48.937702],[2.202314496787252,48.93771189813321],[2.202708838936674,48.937735483189996],[2.202985,48.937752],[2.202969417553344,48.937922558364136],[2.202931145491857,48.93834146691834],[2.202926348177927,48.93839397613171],[2.202872384456282,48.938984638451295],[2.202861452840701,48.93910429093669],[2.20282384049628,48.93951597852835],[2.202785700673738,48.93993343965527],[2.202783,48.939963],[2.203246693947831,48.939984390643424],[2.20344443670705,48.939993512705236],[2.203694405469226,48.9400050440023],[2.204332971543626,48.94003450166347],[2.20453153644385,48.94004366165142],[2.204799,48.940056],[2.205067,48.940063],[2.205135221006786,48.940077894613346],[2.20537817537375,48.94013093855869],[2.205438,48.940144],[2.20555667406606,48.94019682024906],[2.205611,48.940221],[2.205627981542925,48.9402343502696],[2.205754050619951,48.94033346117921],[2.205829832557494,48.94039303817413],[2.205929,48.940471],[2.205970600070726,48.94051688613862],[2.206033406887759,48.940586163961044],[2.206084344792963,48.94064235001405],[2.206094,48.940653],[2.205893925865943,48.94107672195762],[2.205763,48.941354],[2.205281,48.9414],[2.205303889168007,48.941616209843744],[2.205351551136088,48.94206642221791],[2.205355,48.942099],[2.205385630466767,48.94219787334493],[2.20541853804303,48.94230409706537],[2.205487175599217,48.942525655059235],[2.205586118721985,48.94284503763935],[2.205627,48.942977],[2.205643552639008,48.94304793988146],[2.205790981503681,48.943679777872916],[2.205886298972056,48.944088281308815],[2.205909849320881,48.9441892113752],[2.205974919804672,48.944468084877165],[2.206012,48.944627],[2.206015972710468,48.94470987515447],[2.206024348372159,48.94488460076366],[2.206033416993915,48.945073782289725],[2.206073616147437,48.94591238129791],[2.206084,48.946129],[2.20627,48.946122],[2.206214726745183,48.94669595119102],[2.206202822020149,48.94681956850168],[2.206182456932191,48.94703103725862],[2.206167165388489,48.9471898229091],[2.206125290891278,48.94762464292517],[2.20606131956928,48.94828891385643],[2.206059,48.948313],[2.206005,48.948793],[2.205948,48.949516],[2.205867,48.949861],[2.205858289187385,48.950178654300046],[2.206322913778718,48.95022632377472],[2.206513980969341,48.950447000479464],[2.206949624490708,48.950481991926964],[2.208589081521066,48.95073160295231],[2.20894284943679,48.95007028383195],[2.207966392936934,48.949962310276675],[2.207869487165907,48.94984018245568],[2.207900866759197,48.94981725121443],[2.207931133809682,48.949747204611896],[2.207899187838323,48.949673224467695],[2.207834255038754,48.949613910852705],[2.208332163507114,48.949397428909954],[2.20957346912224,48.949264431879755],[2.209577121096081,48.94926099972079],[2.209707253304941,48.949269038929074],[2.210130112902081,48.94887655442742],[2.21069665961403,48.94790886788865],[2.210310905584785,48.94688618665396],[2.210840454943305,48.94617626447522],[2.20968774057654,48.94582524995],[2.209667606149347,48.945647090775985],[2.209674955555557,48.94563606666667],[2.209718385027311,48.945448777069714],[2.209717178966788,48.94531321586715],[2.209601,48.9448485],[2.209601,48.94463366465256],[2.210298356227401,48.944572566977044],[2.210466294067833,48.94473208315588],[2.210843526325131,48.94539483524095],[2.210941964372672,48.945538887888794],[2.210943191223477,48.94554086776115],[2.211008566831687,48.94563153836634],[2.211054765479877,48.94570743614551],[2.211165727610049,48.94585201387498],[2.211257257722231,48.94585767873144],[2.211705328471895,48.945949853285654],[2.212266746713972,48.94622897048351],[2.212771407059249,48.94665537490011],[2.213233801420165,48.947175848983996],[2.213303524973798,48.94727229666291],[2.213592408489479,48.947437071635505],[2.213841251400876,48.94734430183272],[2.21402959557676,48.94727970093219],[2.214111646943006,48.947256994756806],[2.215126689195491,48.9473468297007],[2.21552178632087,48.94739598980885],[2.215605822847254,48.947410818264466],[2.216530270558521,48.94786879287118],[2.216550678295428,48.94788162805912],[2.216712640386495,48.94800053839322],[2.217474948322157,48.948726656244574],[2.217927094994704,48.94955738946785],[2.21802193674275,48.94961415706486],[2.21887300580047,48.94942804710512],[2.219719666690707,48.94942166004715],[2.220763691917414,48.94921226306688],[2.220893515963448,48.9492211412022],[2.221048264009128,48.949190662251816],[2.221392390155351,48.949200271202145],[2.222648861400715,48.94950148511278],[2.223183350468938,48.94983888695148],[2.223472933567921,48.94995833234543],[2.223862579704791,48.950139913858166],[2.223909589161986,48.95014627870411],[2.224233695023192,48.95011857734846],[2.224290957355671,48.949526417463154],[2.224096662377075,48.9480746022065],[2.224163811906085,48.94805553856903],[2.224244824686945,48.947909715563505],[2.224187812500008,48.947856875],[2.224226932098774,48.94777863580247],[2.22415483881579,48.94771672039474],[2.224286850788734,48.94744598397565],[2.224309033163995,48.94743687527084],[2.22439923076016,48.9474522867306],[2.224476389830505,48.94730498305085],[2.224335479591829,48.94707013265306],[2.224556669235118,48.94696341835147],[2.2243338886041,48.94681728243297],[2.224172084996483,48.946782174103014],[2.224141480826016,48.94663113685432],[2.224144243863165,48.94661141567667],[2.224202636122996,48.9465036996519],[2.224338161847961,48.94652387332852],[2.224484649147248,48.94670571963105],[2.224733703765905,48.94663235470462],[2.224465954336404,48.946525518725366],[2.224538849164934,48.94633599217119],[2.224736241691848,48.94625012084592],[2.224610424171407,48.94611257839527],[2.224804405405397,48.94580544144144],[2.224856984375016,48.945798984374996],[2.224935241212042,48.94576563257537],[2.225037658989593,48.946405743684934],[2.225041497089132,48.94647278249023],[2.225097635277508,48.94654709758102],[2.225112521892293,48.946570341],[2.225268564900875,48.94646577609734],[2.225504868304327,48.94637761956448],[2.225526620712151,48.94634648979358],[2.22586211577314,48.94619858336883],[2.225885023517384,48.94620794470663],[2.226248555293405,48.94618557352042],[2.226447300133959,48.94637353739085],[2.226463843440102,48.9467742081956],[2.226503091322605,48.94687743188658],[2.22652968531071,48.946890569873226],[2.226760240745444,48.94695768304104],[2.226812886203417,48.9469649701242],[2.227319772255831,48.94561327398444],[2.227436079736233,48.94564247084163],[2.22749492129009,48.945645338287164],[2.227537455175625,48.9456970156035],[2.227717475754339,48.945968340253984],[2.228196366824426,48.94609350496548],[2.228547659614279,48.94636335617428],[2.228794651741042,48.94604886916932],[2.228965703777052,48.945924425317514],[2.229095987103631,48.945851073809735],[2.229141963170334,48.94583024166149],[2.229109319875777,48.945760909937896],[2.22905491811575,48.945621418245516],[2.22904250241882,48.94557580102195],[2.229028698676907,48.94555782678781],[2.228751751748243,48.9451338006993],[2.228894982084694,48.94502041001629],[2.229040340101523,48.94517095939087],[2.229095428747947,48.94484042751234],[2.229178522944426,48.944750268627104],[2.229236523151183,48.94473842614116],[2.229298032416498,48.94471600687623],[2.229494891805377,48.94463124797269],[2.229613504644011,48.9445358123554],[2.229620929996796,48.94453244879821],[2.229636735833043,48.94429470267795],[2.229591742019046,48.94422168351998],[2.229561263737304,48.94418429406322],[2.229392004982006,48.94371936811515],[2.229539459140084,48.94360163339977],[2.229751334547359,48.943551394901135],[2.229824957156767,48.94350667088607],[2.229869101693974,48.943551388728956],[2.229962794851073,48.94361309600463],[2.230004381314072,48.943625060825],[2.230062827252028,48.94368884700095],[2.23016862368816,48.94373840929535],[2.230280834286803,48.943736599446986],[2.230463610410999,48.943677230559935],[2.230603036884735,48.943569603106525],[2.230908648180467,48.94365923878365],[2.230910541362579,48.943660026274166],[2.230728106293362,48.94448543372151],[2.230749976989184,48.94466427957285],[2.230971557142853,48.9446856],[2.231262014893267,48.944616286218654],[2.23162229443661,48.943777426386404],[2.231757480461805,48.943960441385435],[2.23207185608135,48.94408034278451],[2.232195619335351,48.94396983987916],[2.232367857142854,48.944001155844155],[2.232632484119356,48.94409136958614],[2.232727827985733,48.94414007040998],[2.232600275323052,48.94393926115049],[2.232500777010945,48.94372137244169],[2.232503292079201,48.943593103960396],[2.23259213120567,48.943548684397165],[2.232666529790569,48.943553445906595],[2.232653805680636,48.94351553325252],[2.232661415841578,48.9434261138614],[2.232703835506523,48.94338672417251],[2.232844475874538,48.94336155694876],[2.233269966027714,48.94359483005905],[2.233149231554153,48.94338468681316],[2.233072023219601,48.94293822122638],[2.233302726069253,48.94300095621181],[2.233281605579404,48.94293635236052],[2.233307728244933,48.942817349106356],[2.233396870433559,48.942808959253306],[2.233381462620716,48.9426714741541],[2.233497220385957,48.94270312666803],[2.233552221107713,48.94255716321412],[2.233500491869916,48.94243375203253],[2.233559368489932,48.94238208479455],[2.233600125604201,48.94231633511022],[2.2336277476378,48.942294602459135],[2.233750536558887,48.94225819770364],[2.233833166880921,48.94225040955836],[2.233919236572318,48.94225611075586],[2.234109503442946,48.94236472463747],[2.23418341975946,48.9422686931966],[2.234260041363688,48.94206855589155],[2.234385034839445,48.94194689064445],[2.234684539762048,48.94203492955541],[2.234693737440589,48.94214875082728],[2.234823630103917,48.94234324978911],[2.234827850241548,48.94236476728098],[2.234872682791954,48.94247878586595],[2.234962547809548,48.942595839344285],[2.234951769674526,48.94262576832868],[2.234939043168212,48.94264824529676],[2.234878858338913,48.94289727093102],[2.234858464420253,48.94291169589788],[2.234751154799551,48.9432089340508],[2.234933706061175,48.943614749445366],[2.23506279914898,48.943741401056336],[2.2357897240424,48.94435241863406],[2.236272965502852,48.944284764829604],[2.236363209529936,48.94432526231088],[2.236662981951575,48.944515376837145],[2.236810202578707,48.944623689524256],[2.236997318246778,48.94477446620528],[2.237135671690428,48.944894858856436],[2.237285342508474,48.94484696791435],[2.237351805777395,48.94483517112021],[2.237521369550905,48.94479341774611],[2.237872348745067,48.944117877146596],[2.238467230219256,48.94310031673023],[2.238600557090226,48.94324030994475],[2.23884116599142,48.943306305529084],[2.238705469027402,48.943950077172325],[2.239357714903337,48.94315075624591],[2.239404898566815,48.94318919684158],[2.239624019056456,48.943111758972194],[2.239771342656152,48.94309406244371],[2.239984783818144,48.94299170590134],[2.240191583611013,48.942565876220335],[2.240256375314223,48.94256414605514],[2.240419699121878,48.94252946048196],[2.240567743902411,48.94247942682926],[2.240741082585193,48.942395091202755],[2.24078985681215,48.94246712698411],[2.241092322604493,48.942749585311596],[2.241375669817464,48.94284867333498],[2.241501240912475,48.94292712122082],[2.241754033069817,48.94279077730262],[2.241762820926836,48.94278461954057],[2.241823946469264,48.9428431002278],[2.242028403536976,48.942990763665584],[2.242061800690781,48.94304525375865],[2.24244549381843,48.94270626274293],[2.242586532322044,48.94274476779463],[2.242721978790278,48.94281626446407],[2.242766948738911,48.942906688951304],[2.243228858593711,48.942770777203904],[2.243388317868225,48.94299234166954],[2.24353530269468,48.94303044884677],[2.243863941772591,48.942912988491926],[2.243938363607276,48.94286136423191],[2.243948103885486,48.942860314036054],[2.243968072656882,48.94285886134252],[2.244057079364115,48.94285667346815],[2.244136299514171,48.94285787507389],[2.244136865125269,48.94285781789616],[2.244274318555391,48.94285140950599],[2.244347172067447,48.942851475978166],[2.244411573674638,48.94285669624497],[2.244529779659018,48.942844244279236],[2.244734599877085,48.94297643620325],[2.244892723927286,48.9430365798152],[2.244952121414651,48.94307677185685],[2.244984313478266,48.94310357980346],[2.244991146377904,48.943108255414494],[2.244993006244641,48.943110005877315],[2.244988246668081,48.943334181933565],[2.24499775819964,48.94352848893544],[2.245038808054542,48.9437734744695],[2.245173759544713,48.94407791228001],[2.245430206580794,48.94422569531775],[2.245667025435066,48.94425348728247],[2.245650015371332,48.94432367443868],[2.245681087753294,48.944598545509905],[2.245918473047727,48.94492526935601],[2.245917646342837,48.944940915511474],[2.245972801493148,48.94498241948686],[2.245996719946772,48.944995717433095],[2.246180980926437,48.944948166212534],[2.246363691860472,48.94509765697675],[2.246398497609416,48.945186605001844],[2.246431341948314,48.94517648707754],[2.246640248243883,48.945220542146664],[2.246638249469214,48.94526851273886],[2.246767425060152,48.94537049346855],[2.246874591801164,48.945363944389925],[2.246886342749702,48.94543545730533],[2.247097702931632,48.94559623556338],[2.247471207251679,48.94555186902812],[2.247389684212685,48.94592100129785],[2.248060773634829,48.94610531458985],[2.248116714677163,48.94604724126562],[2.248472007225615,48.94605811756813],[2.248631272640135,48.94668402050296],[2.249139203204477,48.94628733697864],[2.249143085444167,48.946210986264724],[2.249144218217566,48.94620987614679],[2.249293664692194,48.945887991432194],[2.249362847583635,48.94587422924411],[2.249585302617802,48.945636943874334],[2.249665791624731,48.945649636371584],[2.249816845304649,48.945593634506295],[2.249858117724636,48.94513161269368],[2.249847617207299,48.94506485014516],[2.250077269230772,48.94506534615384],[2.250276328220858,48.944951598159506],[2.250291162884923,48.944922801458674],[2.250362774968488,48.94484480144278],[2.250811833874613,48.944569932646154],[2.250795562275022,48.94440840003931],[2.250768364982659,48.9442920329983],[2.250849140691561,48.944025948310134],[2.250069398283918,48.94393610144836],[2.250021890282902,48.94390079394565],[2.250026127147097,48.94374355920769],[2.250814292333233,48.94379214473287],[2.250876433884452,48.94397268898398],[2.251638442421902,48.94392128364613],[2.251723474253221,48.943818247936356],[2.251763924648671,48.94375266818021],[2.251786094309967,48.94372591964385],[2.251826024575902,48.943670762287944],[2.251861309518927,48.94361343240825],[2.251953706608853,48.94356495393509],[2.251964390522047,48.94355570682402],[2.252294864645446,48.942353343524054],[2.252269042569517,48.942245851626616],[2.252512930500682,48.94194516787587],[2.2528438514916,48.94133578039154],[2.253605436611778,48.93939598391229],[2.253044978102196,48.93917460948905],[2.252889,48.939113],[2.252386789920491,48.93890442379614],[2.251150877682947,48.940496635057116],[2.250387443620176,48.94107275816024],[2.250007185512369,48.94056574734982],[2.250917557101882,48.9382885848102],[2.250757304178233,48.938218277173505],[2.250599646713181,48.938149108240275],[2.250444567934842,48.938081070652196],[2.250335,48.938033],[2.250304723768617,48.93801846083225],[2.250072988486828,48.93790717755884],[2.249762909445901,48.937758272263004],[2.249645201890627,48.93770174706772],[2.249305771669502,48.93753874682965],[2.249046,48.937414],[2.248636460114162,48.937241251694246],[2.24856,48.937209],[2.248154107562302,48.93701844589261],[2.24783784400571,48.936869969808484],[2.247561,48.93674],[2.247267,48.936597],[2.24654376298365,48.936202554079],[2.245868,48.935834],[2.244872952695277,48.93507380858086],[2.24458,48.93485],[2.244196,48.934594],[2.243496,48.934051],[2.242643,48.933419],[2.241766,48.932853],[2.241138012931371,48.932571210930746],[2.23888,48.931558],[2.238758099323748,48.93151015019098],[2.238112277263358,48.93125664493409],[2.237675,48.931085],[2.236867,48.930723],[2.236722376821109,48.93066213541892],[2.236408808283721,48.930530170281564],[2.236133775221656,48.930414422776686],[2.23609,48.930396],[2.235140566705649,48.92988464000365],[2.234937,48.929775],[2.234076372732831,48.92932704507059],[2.23301,48.928772],[2.231747,48.928082],[2.231544134155901,48.92796536049491],[2.23114,48.927733],[2.230269,48.927133],[2.228364380174556,48.92585148200455],[2.227842,48.9255],[2.227337183582544,48.925147459101524],[2.226748,48.924736],[2.225751115020687,48.924063195631966],[2.22544327685807,48.92385543358844],[2.224604,48.923289],[2.224062,48.922934],[2.222967,48.922236],[2.221437634666869,48.92126980306124],[2.220398,48.920613],[2.220071311117241,48.92040702756353],[2.219099,48.919794],[2.219070030847525,48.9197748372889],[2.216718,48.918219],[2.215471,48.917413],[2.214552587954819,48.916795919379375],[2.214197,48.916557],[2.213859,48.916285],[2.213468044174969,48.9159565745735],[2.213165,48.915702],[2.212572,48.915097],[2.212139,48.914695],[2.211204,48.913984],[2.210995,48.913855],[2.209721,48.912993],[2.20893420970334,48.91248111896143],[2.20829,48.912062],[2.207672,48.911689],[2.206798,48.911235],[2.206717485979325,48.91119631017254],[2.205976,48.91084],[2.205445,48.910636],[2.204468,48.910242],[2.20357,48.909901],[2.203347539847182,48.90980769979003],[2.202199,48.909326],[2.201212,48.908959],[2.200591,48.908679],[2.20022745967638,48.90915835077402],[2.199640025514697,48.90993291965068],[2.198086,48.911982],[2.199085,48.912465],[2.199424,48.91262],[2.200232,48.91296],[2.200644,48.913253],[2.201128,48.913409],[2.201701088643396,48.91364058057713],[2.202007926305632,48.91376457124371],[2.202301,48.913883],[2.203443661098545,48.914363195823604]],[[2.2172,48.935966],[2.21720046205024,48.9359657913857],[2.217335675447405,48.93590474294171],[2.2172,48.935966]],[[2.2172007664993747,48.935967645719245],[2.217200617138034,48.93596732503166],[2.2172,48.935966],[2.2172007664993747,48.935967645719245]],[[2.217367887930071,48.93632646526163],[2.217289614566472,48.936158407745665],[2.21725067426144,48.936074800620155],[2.217367887930071,48.93632646526163]],[[2.217420552124535,48.93656219934456],[2.2174011202549107,48.93666447234258],[2.217417201961992,48.936579831778985],[2.217428,48.936523],[2.217420552124535,48.93656219934456]],[[2.217360584845363,48.93687781660336],[2.217343317661629,48.936968696517745],[2.21735640614042,48.93689980978726],[2.217369559869964,48.936830579631774],[2.217360584845363,48.93687781660336]],[[2.217316702204742,48.93710877786978],[2.217295,48.937223],[2.2173205763305424,48.937088387733986],[2.217316702204742,48.93710877786978]],[[2.225662,48.929208],[2.225651806063772,48.92922129061637],[2.225641497552433,48.92923473061309],[2.225662,48.929208]],[[2.225671964216289,48.929213660344715],[2.225923792068944,48.92935671549463],[2.225662,48.929208],[2.225671964216289,48.929213660344715]],[[2.206644,48.941292],[2.206632028989632,48.9412780918625],[2.206475441895314,48.941096166129284],[2.206644,48.941292]],[[2.206904587108326,48.93964877063562],[2.20690616107771,48.939750029332686],[2.206907028558111,48.939805837238495],[2.206905788513513,48.93972606103603],[2.2069052048,48.9396885088],[2.206901,48.939418],[2.206904587108326,48.93964877063562]],[[2.206913886525161,48.9402470331187],[2.206911774739648,48.94011117491737],[2.206916,48.940383],[2.206913886525161,48.9402470331187]],[[2.208815314713893,48.94803930381472],[2.208901025190429,48.948030037817254],[2.209407866053634,48.94903750825857],[2.208787480674261,48.948866657206],[2.208534858811024,48.94877671443736],[2.208362227781903,48.9487034973861],[2.208211920824268,48.94862317462037],[2.208126831708392,48.94856625293596],[2.20795835637764,48.94839592622794],[2.208815314713893,48.94803930381472]],[[2.237441898851834,48.93714829838709],[2.237583537433157,48.937046387700526],[2.237584847593582,48.937091457219246],[2.237381354545462,48.93770193636366],[2.237327788317159,48.93748492446439],[2.237441898851834,48.93714829838709]],[[2.227859,48.930418],[2.227472278848175,48.93020750009714],[2.227048822372545,48.92997700443749],[2.227713711567807,48.930338916658634],[2.227859,48.930418]],[[2.226257,48.929546],[2.226509743607776,48.92968357329961],[2.226774436548856,48.92982765085556],[2.226591293336923,48.929727962415605],[2.226322021799918,48.92958139264016],[2.226257,48.929546]],[[2.221146469116082,48.94286523695421],[2.221197720111309,48.943047753253545],[2.220597127533761,48.942971621800055],[2.220847561308599,48.94249558173667],[2.221146469116082,48.94286523695421]],[[2.221019978450641,48.943784433717894],[2.221097266718683,48.9439525169416],[2.221188276604381,48.94404474029245],[2.221290948974932,48.94412115546659],[2.221308479622297,48.94414787150107],[2.221316452306477,48.94415681737675],[2.221326635290929,48.94422249762648],[2.221342349525949,48.94429112533083],[2.221354169516125,48.94432705065532],[2.221336953890493,48.94434692763369],[2.220485131268971,48.944378476619676],[2.220455694121787,48.94435447960236],[2.220446812799987,48.94430275567792],[2.220442707967288,48.94428666682094],[2.220453823210761,48.94424397092862],[2.22048658238882,48.94423723539669],[2.220828377192977,48.944143622807026],[2.220923955696207,48.9440480443038],[2.220870013064133,48.94398361282661],[2.220945746932512,48.94394754907975],[2.220827818181803,48.943811],[2.220942942164984,48.943784056089044],[2.220892471153836,48.9436421063702],[2.2209105,48.943634218750006],[2.2209105,48.943520898437505],[2.220601921503053,48.94340759227067],[2.220549303881104,48.9433954877473],[2.220520707212182,48.94335696678454],[2.220736645907464,48.94331662658871],[2.22137257450903,48.94332873951446],[2.221365758868004,48.94333930468156],[2.221264202993098,48.94342317536454],[2.221161992015969,48.94353268712575],[2.221141265593216,48.943572766533606],[2.221088854484447,48.94363236089079],[2.221019978450641,48.943784433717894]],[[2.228022852441038,48.930281917206145],[2.228506121364955,48.92988055250913],[2.229281,48.929237],[2.228459430374888,48.929919330328595],[2.228022852441038,48.930281917206145]],[[2.233748059811155,48.93920648811371],[2.233659952722852,48.9391904230036],[2.23386252377927,48.9386219171356],[2.233934322590067,48.9386862369036],[2.233748059811155,48.93920648811371]],[[2.247583512491564,48.942995410533435],[2.247226757367383,48.94275057858547],[2.24729622153265,48.94267871910415],[2.247570872812558,48.942886632689884],[2.247583512491564,48.942995410533435]],[[2.247562699978993,48.94253174041592],[2.247639085255954,48.94265361355445],[2.247575099266125,48.94283643066822],[2.247331560717435,48.94247255542488],[2.247427982566252,48.94247011436541],[2.247562699978993,48.94253174041592]]],[[[2.244730970490212,48.94557830683238],[2.244454262475458,48.94521975560199],[2.244433710829525,48.94523016384536],[2.244373422264074,48.94528287010655],[2.244650495051549,48.945668362680415],[2.244730970490212,48.94557830683238]]],[[[2.229310164818694,48.95886612359744],[2.229314033576666,48.958890746852596],[2.230120280003186,48.95910993001285],[2.230151452306143,48.95906369200987],[2.230250701698022,48.95886015883666],[2.230332656878759,48.958582404119085],[2.230334835819868,48.95857714292233],[2.230335815565538,48.958568949474056],[2.230362980015725,48.95854557417115],[2.230535061392645,48.95842876741833],[2.230723282152974,48.95822231444759],[2.230750268921474,48.958124862228004],[2.230860412714594,48.95785271081686],[2.230725858836228,48.95764224711775],[2.230515804413046,48.95756544521216],[2.230329141213003,48.95747855403834],[2.230181651316482,48.95766041051267],[2.229848369529089,48.957763115716546],[2.229811393455976,48.95775500318317],[2.229555546174731,48.95779009081031],[2.229320505448839,48.95778328699984],[2.229395185025062,48.95833865060892],[2.229385560278301,48.95835861919273],[2.229330552837669,48.958552706581486],[2.229328901588511,48.95862098214466],[2.229323166825879,48.95864797881025],[2.229310164818694,48.95886612359744]]],[[[2.273261124198209,48.961239932204876],[2.273312979831637,48.960649575762886],[2.273213003329632,48.96029284142615],[2.273119701236708,48.96123363752996],[2.273175500000012,48.961238498222215],[2.273256033647222,48.9612401446879],[2.273261124198209,48.961239932204876]]],[[[2.273498129866379,48.96125369000581],[2.273583003829192,48.961255773275795],[2.273658170640875,48.96126654097335],[2.273711221856697,48.96126289400618],[2.273751139975545,48.9607040403423],[2.273633568532945,48.96066278720454],[2.273569063733905,48.96045384774677],[2.273536659592528,48.96053125764006],[2.273498129866379,48.96125369000581]]]]}},{"type":"Feature","properties":{"code_canton":"11","nom":"Garges-lès-Gonesse","method":"Union de contours BV reconstitués, non opposables"},"geometry":{"type":"Polygon","coordinates":[[[2.393561,48.963428],[2.393334,48.963587],[2.393301,48.963654],[2.392847,48.964026],[2.392495,48.964374],[2.392305480201586,48.96450503517312],[2.392239,48.964551],[2.39178,48.964736],[2.391649133092586,48.96480816777229],[2.391166402345755,48.96507437412884],[2.391129,48.965095],[2.390986,48.965025],[2.390541339434682,48.965345944520934],[2.390400671427119,48.96544747505865],[2.390242,48.965562],[2.38983866974695,48.96586987178304],[2.389427739832346,48.96618354457242],[2.389039929795799,48.966479569397066],[2.3887169725106,48.96672609054069],[2.388381299448386,48.966982317945906],[2.388028,48.967252],[2.387915894496336,48.96731472569848],[2.38786,48.967346],[2.387200019905592,48.96790576533113],[2.387101568918367,48.9679892670154],[2.387070974782126,48.96801521558104],[2.386975568518706,48.968096134867984],[2.386890815388016,48.96816801864852],[2.386821587093603,48.96822673496356],[2.386687407890907,48.96834053970777],[2.386543145252256,48.96846289676729],[2.386412739315042,48.96857350119801],[2.386304426295677,48.96866536741286],[2.386220447743432,48.96873659423092],[2.386207,48.968748],[2.38613481758745,48.968824192546585],[2.386099,48.968862],[2.3860279084146,48.96892321121946],[2.38579975822144,48.969119652914564],[2.385639096204252,48.969257985994886],[2.385319528923288,48.969533139557115],[2.385273583244196,48.96957269966863],[2.385252940763869,48.96959047324037],[2.38487974433891,48.96991180252487],[2.384815055598439,48.96996750077196],[2.384588,48.970163],[2.384556431044204,48.97023386457909],[2.384366601989254,48.9706599843458],[2.384222588309621,48.97098325980847],[2.384159,48.971126],[2.383974267529983,48.97113686029073],[2.383530701323061,48.971162937233046],[2.382441,48.971227],[2.38303,48.971633],[2.38366269628256,48.972082288216214],[2.384058,48.972363],[2.384367594099644,48.97257140867098],[2.38484372703767,48.97289192586732],[2.385157544180029,48.973103177353195],[2.385545,48.973364],[2.385603170669012,48.97340771473735],[2.385733131338977,48.97350537901816],[2.385867370027512,48.973606258191644],[2.386010283940276,48.97371365671854],[2.386310219786678,48.973939055823784],[2.386738672964931,48.97426103455416],[2.387329740823882,48.97470521676228],[2.387375016968738,48.974739241380085],[2.387557,48.974876],[2.387997938713394,48.97517856193161],[2.38836,48.975427],[2.388264,48.975492],[2.388339742849392,48.97554497255647],[2.388743,48.975827],[2.388826,48.975775],[2.38920914384102,48.97603814716204],[2.389326070110027,48.976118453335765],[2.389960628254966,48.97655427444814],[2.390721082968144,48.977076562628746],[2.39143064537781,48.9775638974477],[2.392574794943288,48.978349711230614],[2.393219481113686,48.97879248837587],[2.393405475966131,48.97892023156873],[2.394137660485165,48.97942310348692],[2.394696942078599,48.979807223883334],[2.394872579096305,48.97992785320792],[2.39662,48.981128],[2.396717064922464,48.9812102215276],[2.397238071476701,48.981651554541514],[2.397869,48.982186],[2.398211,48.982451],[2.399811045978853,48.98258753995395],[2.400244615439197,48.982624538612065],[2.401095743289152,48.98269716962328],[2.401375,48.982721],[2.401675562221488,48.984294303793405],[2.401751204130358,48.98469025409474],[2.401763,48.984752],[2.401148,48.984776],[2.401460803895488,48.98526488908155],[2.401609347661457,48.985497051872244],[2.401657407107463,48.985572165190064],[2.401736,48.985695],[2.401748047104173,48.985717829262406],[2.401827156733399,48.98586774200979],[2.401918377690549,48.986040605723595],[2.401936,48.986074],[2.40203680889352,48.98623032283214],[2.402108731648494,48.98634185236452],[2.40216249232717,48.98642521823885],[2.402244185453069,48.98655189853819],[2.402301,48.98664],[2.402305413768812,48.986645940463724],[2.402340170233833,48.98669271897172],[2.402491339627045,48.98689617690867],[2.402661808600105,48.98712561002893],[2.402899567863567,48.98744560872846],[2.403067210006805,48.98767123723621],[2.403130363415764,48.98775623501272],[2.403279155348156,48.98795649314008],[2.403336,48.988033],[2.403527,48.98796],[2.403661371157347,48.98809261138541],[2.403741740001324,48.988171927690736],[2.403853983142469,48.988282700856224],[2.404418362305917,48.98883968871164],[2.404596,48.989015],[2.404740623726425,48.98894642255226],[2.404809,48.988914],[2.405079580249072,48.98918072751825],[2.405229584323569,48.989328595718746],[2.405338268341276,48.989435732209365],[2.405411253428805,48.98950767807878],[2.405515603207351,48.98961054204449],[2.405722,48.989814],[2.405829739130437,48.98976013043478],[2.405872244897964,48.98973887755102],[2.406146778920307,48.98960161053985],[2.406294,48.989528],[2.406529973078179,48.989814680378295],[2.40661732150821,48.98992079875907],[2.406677588798316,48.98999401664334],[2.406828906434051,48.99017785031364],[2.406945614021419,48.990319636722305],[2.407023224864303,48.99041392504523],[2.407127,48.99054],[2.407211992405665,48.99065143788441],[2.407256005560455,48.99070914577981],[2.407539966439567,48.99108146139289],[2.407683,48.991269],[2.407891313057139,48.99152772481697],[2.407926997724817,48.99157204517422],[2.40805005440944,48.99172488157652],[2.408149385511428,48.99184825080519],[2.408183,48.99189],[2.408211,48.991926],[2.408268692869894,48.99201654066889],[2.408334684746422,48.992120105436136],[2.408430482870533,48.99227044682583],[2.408543947581212,48.992448513384474],[2.408661691786914,48.9926332959956],[2.408750630681238,48.99277287280981],[2.408777390755479,48.992814868900936],[2.409314,48.993657],[2.409368560534774,48.99364533669728],[2.409485753115375,48.99362028466012],[2.409866,48.993539],[2.410053,48.993837],[2.410056988779323,48.99383634524569],[2.410206391324778,48.99381182096079],[2.410405687399109,48.99377910670085],[2.410573445147403,48.99375156942696],[2.410816385528165,48.99371169099588],[2.411024878849076,48.99367746701672],[2.411046,48.993674],[2.411206091902931,48.99365672947956],[2.411385591649329,48.9936373652645],[2.411468185269333,48.99362845516489],[2.41173038798367,48.993600169053884],[2.411838002076642,48.99358855977598],[2.411871,48.993585],[2.411930268038033,48.993744952295415],[2.411954,48.993809],[2.412714327235053,48.99379544002383],[2.412739,48.993795],[2.4130704881306,48.99378598203022],[2.413688122578193,48.99376917959215],[2.413805,48.993766],[2.413869727799055,48.99412047498539],[2.413879372495792,48.99417329315292],[2.413898474583515,48.99427790372775],[2.413917193986149,48.99438041856792],[2.413929995748652,48.99445052607416],[2.413955059566879,48.994587785439215],[2.413962053468493,48.994626086805994],[2.413982247540384,48.994736677517295],[2.414038,48.995042],[2.41403,48.995156],[2.414302278315644,48.99516671529194],[2.414754180951463,48.99518449955309],[2.414780350875974,48.99518552944921],[2.415021,48.995195],[2.415032323654649,48.99519567208742],[2.415220333090687,48.99520683092085],[2.41533703738159,48.99521375761437],[2.415577,48.995228],[2.415562528422729,48.99526236658934],[2.415462112281981,48.99550083128516],[2.415342559896645,48.99578474005712],[2.415259224986695,48.9959826408508],[2.415195420141029,48.99613416233929],[2.415152585326059,48.99623588494131],[2.415082849361559,48.996401491440814],[2.415046,48.996489],[2.41499867871434,48.99661795257528],[2.414861508316955,48.99699174791387],[2.414720366755192,48.997376364849245],[2.414698122310381,48.99743698193528],[2.414586340809359,48.997741591419675],[2.414582593466216,48.99775180309381],[2.414475,48.998045],[2.414565,48.998059],[2.414845496104854,48.99807439860209],[2.414892504974795,48.99807697928279],[2.415036279973599,48.998084872205226],[2.415193882885254,48.998093524248816],[2.415382114001425,48.9981038577116],[2.415656673537188,48.99811893040947],[2.415905173856454,48.99813257251527],[2.41605089366969,48.99814057220361],[2.41621732817082,48.9981497090815],[2.416366921025474,48.99815792139107],[2.416423,48.998161],[2.416428973823065,48.998215232942734],[2.416474,48.998624],[2.41684534189633,48.998444780938065],[2.416988557499822,48.99837566143831],[2.416992,48.998374],[2.417343564292372,48.998159160827434],[2.417654984704754,48.99796885337822],[2.417775780936155,48.99789503540817],[2.417983879079853,48.997767867678185],[2.418332870487635,48.997554600782465],[2.418647328951661,48.99736243679515],[2.418939434712027,48.99718393243273],[2.419261945695054,48.99698684759152],[2.419904749723972,48.996594033279344],[2.420435,48.99627],[2.421109729826369,48.99559603909651],[2.421117519579163,48.99558825822093],[2.421371069505292,48.99533499724058],[2.421490850552573,48.99521535269592],[2.421618099713709,48.99508824854807],[2.421782771892047,48.99492376403034],[2.421842208840657,48.99486439481614],[2.42191588049379,48.99479080711931],[2.422024296847539,48.99468251431696],[2.42204535685204,48.994661478312466],[2.42219,48.994517],[2.421958225104489,48.99447105443681],[2.421919514525171,48.99446338070077],[2.421860090042347,48.99445160077385],[2.421804264947391,48.99444053436641],[2.421725839705959,48.99442498785143],[2.421462583004572,48.99437280153771],[2.421410780086722,48.99436253246076],[2.421171,48.994315],[2.421220788531921,48.99421941541277],[2.421426461035545,48.99382456301195],[2.421611219732506,48.993469861173914],[2.421807,48.993094],[2.42258,48.993185],[2.422866482280797,48.99285788193469],[2.422995950641419,48.9927100492676],[2.423144,48.992541],[2.423263393447611,48.99219897288832],[2.423314,48.992054],[2.423369957980666,48.991888093330765],[2.423445534133981,48.991664021844954],[2.423563131731827,48.99131536334197],[2.423872051717528,48.99039946385311],[2.424082,48.989777],[2.424172882001492,48.98955975466766],[2.424309342110981,48.989233558926486],[2.424435026150541,48.98893312242097],[2.424512143136566,48.98874878113245],[2.42452,48.98873],[2.42468226990255,48.98850501709163],[2.424880980892749,48.98822950958348],[2.424934,48.988156],[2.425102153837439,48.98793659524485],[2.425331,48.987638],[2.425352359242527,48.98760274262021],[2.425477,48.987397],[2.42555258035035,48.98730283179926],[2.42583711270357,48.986948322993314],[2.425969,48.986784],[2.425986717142858,48.98676138],[2.426143039232593,48.98656179896719],[2.426278603640334,48.98638871988058],[2.426392793074857,48.98624293085411],[2.426527169963993,48.986071367907606],[2.426605,48.985972],[2.426643243866509,48.985891593284194],[2.426701942850564,48.98576818022585],[2.426750274323317,48.98566656458525],[2.426888,48.985377],[2.426960402499022,48.985375358633526],[2.427285,48.985368],[2.427424954095232,48.985268388112544],[2.427441179193918,48.98525683994954],[2.427590171925601,48.98515079484099],[2.4277944147927,48.98500542562219],[2.428000571623026,48.98485869414608],[2.428367078992162,48.98459783367788],[2.428554299898257,48.98446457978633],[2.428700083776687,48.984360818568994],[2.428747654890073,48.984326959978546],[2.42887771323773,48.98423439135832],[2.428951657962187,48.984181761433064],[2.429240436972023,48.98397622388033],[2.429455057885864,48.983823468119375],[2.429592,48.983726],[2.429679566545521,48.98365672266968],[2.429827326463272,48.98353982400057],[2.429836459290996,48.98353259866219],[2.430197031760475,48.983247335632534],[2.430224,48.983226],[2.430238956347195,48.98321296016966],[2.430589066064838,48.98290771375754],[2.430622,48.982879],[2.430627897077506,48.98287021219822],[2.430637155471557,48.982856415375714],[2.430826,48.982575],[2.430836554438929,48.98255689441777],[2.430855093201255,48.98252509215069],[2.430887209783436,48.982469997851176],[2.431072,48.982153],[2.431102630548296,48.9821168002611],[2.431182,48.982023],[2.431325738567196,48.98179817813849],[2.431506057724349,48.98151614048243],[2.431884,48.980925],[2.432256,48.98033],[2.432363,48.980093],[2.432354,48.979882],[2.432172,48.979751],[2.432017902110323,48.979675756889804],[2.43166,48.979501],[2.431658033840555,48.97949950935194],[2.430924,48.978943],[2.430472,48.978811],[2.430418081699512,48.9787910948229],[2.429992604388716,48.97863402011644],[2.42958260357239,48.97848265891281],[2.429417836645096,48.97842183142311],[2.429142,48.97832],[2.428902849748394,48.9782293693997],[2.428471045724195,48.9780657289366],[2.427873522042515,48.97783928581309],[2.427496405202001,48.977696370112994],[2.427221,48.977592],[2.426997078118906,48.97751399877602],[2.426799,48.977445],[2.426589200257728,48.97736151567349],[2.426232409272001,48.97721954002173],[2.425932,48.9771],[2.42530471781749,48.97682906552878],[2.425270641935901,48.97681434754186],[2.425249,48.976805],[2.425234922999778,48.976329197392474],[2.425224,48.97596],[2.424989,48.975532],[2.424799209866638,48.97522234241399],[2.424799,48.975222],[2.424812,48.974942],[2.424463,48.974855],[2.424471,48.974741],[2.424309,48.974528],[2.423923,48.974258],[2.423747,48.974096],[2.423464,48.973898],[2.423222,48.973774],[2.422137,48.973415],[2.422647,48.973132],[2.422961548382448,48.97298150179434],[2.423088,48.972921],[2.422895,48.972868],[2.422583,48.972732],[2.422258,48.972537],[2.421094,48.972005],[2.420824,48.971907],[2.420543,48.971708],[2.420525722939565,48.971673218549384],[2.420391,48.971402],[2.420171,48.971263],[2.420152,48.971014],[2.42007,48.970893],[2.41973,48.970806],[2.419296,48.970782],[2.418887,48.970512],[2.418750294815259,48.97042855954443],[2.418289,48.970147],[2.418131294459686,48.970085705538985],[2.418042,48.970051],[2.41787,48.969924],[2.417761219844359,48.96980765758755],[2.417683,48.969724],[2.417556060355835,48.96961029184969],[2.417376,48.969449],[2.417293,48.969342],[2.41709004621225,48.969205344449584],[2.416993,48.96914],[2.416809,48.968763],[2.417411,48.968523],[2.417982,48.968281],[2.419047,48.967858],[2.418974,48.967652],[2.418679,48.967207],[2.418458,48.96692],[2.418362,48.966714],[2.418227659913788,48.96660294552873],[2.418137,48.966528],[2.417899412252283,48.96608157716193],[2.417823,48.965938],[2.417732,48.965611],[2.417693,48.964743],[2.417722022041029,48.964669383115435],[2.417857,48.964327],[2.417959,48.96398],[2.418016367386017,48.9638204715156],[2.418105,48.963574],[2.418241,48.96346],[2.418663,48.963013],[2.418915077170419,48.96278148231511],[2.418945,48.962754],[2.419059,48.962594],[2.419158629337339,48.9624063802666],[2.419273,48.962191],[2.419258,48.962117],[2.418935,48.962123],[2.418480435638954,48.96205767338524],[2.417432,48.961907],[2.417297546002426,48.96187408678184],[2.417048,48.961813],[2.417108467289726,48.961768018235695],[2.417212,48.961691],[2.417259,48.961601],[2.41719326014301,48.96139584630836],[2.417085,48.961058],[2.417081646332079,48.9609104386115],[2.417079,48.960794],[2.41713,48.960381],[2.417182,48.960328],[2.417518,48.960208],[2.417672,48.960027],[2.417648,48.959817],[2.417961,48.959647],[2.418018,48.959356],[2.418121,48.959059],[2.418381,48.958406],[2.418447,48.958206],[2.418812,48.957713],[2.418391,48.95759],[2.418407,48.957926],[2.418303,48.958253],[2.417795,48.959418],[2.417436,48.959524],[2.416997,48.959329],[2.416095,48.958877],[2.415789,48.958746],[2.415363,48.958486],[2.414938,48.958261],[2.414527161539212,48.958176576724135],[2.413663,48.957999],[2.413685,48.957738],[2.412679848143994,48.95772124746907],[2.412485,48.957718],[2.411493233749982,48.957876180439875],[2.411087630859211,48.95794087153385],[2.410905,48.95797],[2.410561681515142,48.957943334486615],[2.410061086604075,48.95790445332847],[2.409797713340947,48.95788399715269],[2.409669,48.957874],[2.409823309670392,48.957140152306145],[2.409845,48.957037],[2.409827118556771,48.95702946375956],[2.409584,48.956927],[2.409392800531652,48.95698200048809],[2.408765656199308,48.95716240498754],[2.408336,48.957286],[2.407921,48.956802],[2.407356,48.956092],[2.405881455476155,48.95686847342591],[2.405275467600659,48.95718757771481],[2.405052500144272,48.95730498909299],[2.404817,48.957429],[2.404273329668034,48.957664091042496],[2.403293,48.958088],[2.402537,48.957964],[2.400640643814582,48.95882346577804],[2.399406092405328,48.95938298866495],[2.39936632646811,48.95940101136682],[2.398903,48.959611],[2.398545328930979,48.95985012286768],[2.398343378095503,48.959985138157116],[2.398244438979004,48.96005128442197],[2.398100722861943,48.96014736658522],[2.397806886718658,48.960343812278744],[2.397491,48.960555],[2.397433666958104,48.96060620584658],[2.39736,48.960672],[2.397259650279381,48.96073700091074],[2.396996658637141,48.960907352120046],[2.39679734879189,48.96103645383931],[2.396673,48.961117],[2.396541,48.961087],[2.396117,48.961423],[2.395414,48.961827],[2.394975489418151,48.96211159096263],[2.39432,48.962537],[2.394564,48.962709],[2.394154023774188,48.96298116909109],[2.393969,48.963104],[2.393561,48.963428]]]}},{"type":"Feature","properties":{"code_canton":"14","nom":"L'Isle-Adam","method":"Union de contours BV reconstitués, non opposables"},"geometry":{"type":"Polygon","coordinates":[[[2.207974,49.093577],[2.207945,49.093778],[2.20791276803143,49.0938099220458],[2.207841,49.093881],[2.207727419384663,49.09391958480234],[2.20764385051552,49.093947974226786],[2.207632,49.093952],[2.207479600175437,49.09394861333723],[2.207452,49.093948],[2.207344495526883,49.09390382007954],[2.207220353455809,49.09385280279005],[2.207014,49.093768],[2.206856,49.093732],[2.206653,49.093835],[2.206528,49.09365],[2.206274,49.093638],[2.206146,49.093483],[2.205967,49.093451],[2.205848,49.093493],[2.205862,49.093635],[2.205757264073961,49.09364254853521],[2.20564,49.093651],[2.205352,49.093764],[2.205282366181193,49.09373458571447],[2.205236,49.093715],[2.205294,49.093514],[2.205214,49.093475],[2.205018623972437,49.09351244707195],[2.204974,49.093521],[2.204763,49.093501],[2.20448,49.093328],[2.204328,49.093333],[2.20419,49.093401],[2.204172,49.093489],[2.20426,49.09366],[2.203682,49.093637],[2.203655,49.093855],[2.203506,49.093889],[2.203198,49.093842],[2.203309,49.094384],[2.203001,49.094403],[2.202885588335826,49.09441916185279],[2.201453984821801,49.09461963868857],[2.200266,49.094786],[2.20071,49.0953],[2.200517,49.095365],[2.200383,49.095135],[2.2003,49.095093],[2.200092,49.094831],[2.199955,49.094795],[2.199115,49.094701],[2.19866,49.094622],[2.198478,49.09467],[2.198450563165923,49.0946966472849],[2.198339,49.094805],[2.197977,49.09532],[2.197472,49.095714],[2.197194,49.095899],[2.196251,49.096589],[2.19599880376239,49.09676599242127],[2.195198,49.097328],[2.194763,49.097597],[2.194184,49.097979],[2.193599,49.098407],[2.19337,49.098512],[2.192821,49.098887],[2.192634,49.09904],[2.191718,49.099645],[2.191231,49.100047],[2.191023,49.100177],[2.19053,49.100435],[2.190055,49.100727],[2.189791,49.100865],[2.189053849210505,49.10115290327019],[2.188795,49.101254],[2.18867,49.101392],[2.188605910216122,49.10151856385892],[2.188551,49.101627],[2.188560027451332,49.10170747328045],[2.188584012954737,49.1019212869108],[2.188586,49.101939],[2.188777,49.10329],[2.188896,49.103703],[2.189015,49.103972],[2.18901,49.104246],[2.188942,49.104482],[2.188552,49.104098],[2.187976,49.103732],[2.187445,49.103488],[2.18733,49.1034],[2.187247317303082,49.10335641847995],[2.187047318553222,49.10325100041968],[2.186924,49.103186],[2.186692371067252,49.10301762029612],[2.186653,49.102989],[2.186489761613082,49.10289962926303],[2.186474,49.102891],[2.18623,49.10289],[2.186072397328786,49.1029125525708],[2.185636,49.102975],[2.185749584696436,49.10314157504645],[2.185863364300482,49.1033084359302],[2.185997461984937,49.103505093831465],[2.186114,49.103676],[2.186209445227002,49.103804814252385],[2.186503,49.104201],[2.186542296670902,49.104288261725095],[2.186639,49.104503],[2.186684919043467,49.10475602330074],[2.186688,49.104773],[2.186581,49.105061],[2.18655336824567,49.10511028907529],[2.186390056114897,49.10540160260586],[2.186359,49.105457],[2.186316707797688,49.10558208961247],[2.186288,49.105667],[2.18628946383851,49.105780301100665],[2.186292539502835,49.106018357519396],[2.186293,49.106054],[2.186270819606196,49.10623965811109],[2.186266,49.10628],[2.186109130605129,49.10643178173882],[2.186081,49.106459],[2.185752816866434,49.106659012108764],[2.185679,49.106704],[2.185629022194818,49.106766472256474],[2.185615,49.106784],[2.185608,49.106941],[2.1853,49.106942],[2.184843665488327,49.10692729534334],[2.184369,49.106912],[2.183818344602194,49.10695355889795],[2.183627,49.106968],[2.183506,49.107132],[2.183307,49.107308],[2.183041594042846,49.10743566362496],[2.18228,49.107802],[2.181888,49.107951],[2.181704701516691,49.10800800135761],[2.18156,49.108053],[2.181345,49.108161],[2.181136,49.10834],[2.180905,49.108598],[2.181151,49.108727],[2.181488,49.108856],[2.182177,49.109159],[2.182273365878638,49.10911561757493],[2.182448,49.109037],[2.183500238679373,49.10936502885521],[2.183853,49.109475],[2.183398138216513,49.10962332449461],[2.183347,49.10964],[2.183380541308406,49.10966784147822],[2.1835,49.109767],[2.184185,49.11018],[2.183744,49.11035],[2.184295,49.110384],[2.185129,49.110685],[2.184748,49.110971],[2.185279,49.111384],[2.185477,49.111728],[2.185673,49.111978],[2.185449,49.112096],[2.185848,49.112244],[2.186272,49.112441],[2.188094,49.113126],[2.188431,49.113236],[2.188503179496749,49.11323951643702],[2.188821,49.113255],[2.189164,49.113303],[2.189412,49.113366],[2.190876,49.114028],[2.192945,49.114927],[2.193259,49.114729],[2.193578500854802,49.114961832734366],[2.194623,49.115723],[2.194925,49.11556],[2.195167,49.115719],[2.195716,49.115366],[2.195916,49.115261],[2.196391,49.115649],[2.197649,49.116652],[2.198818,49.117631],[2.199225,49.11794],[2.199277249716618,49.11800274965967],[2.199434,49.118191],[2.198522244358541,49.11869628234444],[2.197644025343605,49.1191829791551],[2.197081,49.119495],[2.197786,49.119858],[2.196374,49.121228],[2.197568,49.121911],[2.196445206331259,49.123109980490675],[2.196109,49.123469],[2.195199,49.12395],[2.195067,49.123844],[2.194565887797729,49.12410271112575],[2.194176,49.124304],[2.195747,49.125723],[2.194587,49.1262],[2.1934,49.126736],[2.19349,49.12682],[2.192597,49.127214],[2.192525,49.127133],[2.192193,49.127255],[2.19281,49.127752],[2.193279,49.128171],[2.193320360727519,49.12821170071591],[2.193655,49.128541],[2.193196,49.128895],[2.193157,49.129023],[2.193179,49.129468],[2.193096,49.129497],[2.192496,49.129923],[2.192865,49.130165],[2.193485,49.13049],[2.193317,49.130609],[2.193388,49.130752],[2.193628,49.130911],[2.194089,49.131278],[2.191734696702977,49.1327302781723],[2.191432,49.132917],[2.193069,49.134693],[2.190799,49.135415],[2.191135,49.135559],[2.190785,49.135797],[2.190586,49.135992],[2.190069,49.136739],[2.18976,49.137705],[2.189828,49.137823],[2.19004,49.137865],[2.190032,49.137966],[2.189908,49.138311],[2.18971,49.138756],[2.189624,49.139163],[2.189607,49.139373],[2.189793,49.139733],[2.190073,49.141375],[2.190153,49.141715],[2.189928,49.14189],[2.190518,49.142247],[2.192701,49.142653],[2.194686,49.14298],[2.197285293689502,49.143496959897355],[2.197376,49.143515],[2.197647,49.143552],[2.197445,49.143941],[2.197069,49.144767],[2.197030022225051,49.14485835235551],[2.196394,49.146349],[2.195723,49.148027],[2.195690556144342,49.1480958232086],[2.195385,49.148744],[2.194825,49.14997],[2.19412,49.151647],[2.19388,49.152145],[2.192696,49.154859],[2.192331,49.155741],[2.193247,49.155872],[2.195374,49.156194],[2.198089,49.156612],[2.198455,49.156646],[2.196489,49.15874],[2.195857,49.159443],[2.19516,49.160152],[2.194386,49.160995],[2.193876,49.16152],[2.192303,49.164971],[2.193656,49.165476],[2.194222,49.165722],[2.195074,49.166211],[2.195477,49.166412],[2.196696,49.166933],[2.196897,49.167059],[2.197451,49.16748],[2.19806,49.167987],[2.198103,49.168261],[2.198037,49.168518],[2.197938,49.168562],[2.197371,49.168703],[2.196209,49.167998],[2.194868,49.167455],[2.193039,49.168424],[2.190624,49.168591],[2.18909,49.169382],[2.188679,49.169925],[2.18851,49.170208],[2.188149,49.171188],[2.187848,49.171772],[2.187044,49.173187],[2.186825,49.173415],[2.186983,49.1734],[2.188305,49.173211],[2.188893,49.173134],[2.189055,49.173128],[2.189667,49.17321],[2.190034,49.173302],[2.19066,49.173381],[2.191647,49.173616],[2.192105,49.173646],[2.192639,49.173593],[2.193531,49.17339],[2.19433,49.173141],[2.194854,49.173089],[2.195306,49.173125],[2.195632,49.173221],[2.196011,49.173415],[2.196761,49.174037],[2.196963,49.17423],[2.197158,49.174305],[2.197649,49.174557],[2.198241,49.174832],[2.199054,49.175297],[2.199713,49.174811],[2.200788,49.174293],[2.201253,49.17415],[2.202031,49.17423],[2.202264,49.174366],[2.202355,49.174324],[2.202435,49.174082],[2.202947,49.174061],[2.203278,49.174087],[2.203786,49.174157],[2.203947,49.17421],[2.204363,49.17427],[2.20487,49.174369],[2.20632,49.174594],[2.206482,49.174645],[2.206906,49.174835],[2.207458,49.175005],[2.207731,49.175048],[2.209264,49.175462],[2.209673,49.175528],[2.210359,49.175489],[2.210707,49.175511],[2.211402,49.175613],[2.212204,49.175744],[2.213169,49.175876],[2.212079,49.176525],[2.212225,49.176616],[2.213963,49.177216],[2.213687,49.177531],[2.214484,49.177823],[2.215568,49.17824],[2.215415,49.178419],[2.216823,49.179317],[2.217488,49.179733],[2.21826,49.180384],[2.218646,49.180685],[2.218904,49.180472],[2.219253,49.180146],[2.219823,49.17959],[2.219849,49.179486],[2.220048,49.17919],[2.220817,49.178193],[2.221192,49.177644],[2.221877,49.176709],[2.222506,49.175961],[2.223773,49.173993],[2.224482,49.173713],[2.224876,49.17351],[2.225743,49.172807],[2.226005,49.172643],[2.22626,49.172537],[2.226914,49.172341],[2.227063,49.172312],[2.227767,49.172099],[2.229286,49.171577],[2.230081,49.171219],[2.231505,49.170485],[2.23177,49.17029],[2.23209,49.169918],[2.232463,49.169357],[2.233272,49.168606],[2.233682,49.168316],[2.233993,49.168038],[2.234476,49.167575],[2.234747,49.167258],[2.235385,49.166994],[2.233817,49.166523],[2.234333,49.166027],[2.23291,49.165467],[2.232999,49.165379],[2.232176,49.165022],[2.231469,49.164727],[2.231441,49.164684],[2.23001,49.164259],[2.230449,49.163768],[2.229588,49.1638],[2.229215,49.163796],[2.228669,49.163708],[2.227986,49.163534],[2.227393,49.163302],[2.226318,49.162901],[2.225007,49.162529],[2.224248,49.162382],[2.223726,49.161179],[2.223071,49.159696],[2.220083,49.157001],[2.217189,49.154425],[2.216849,49.154133],[2.216843,49.153893],[2.217209,49.153795],[2.217408,49.153768],[2.217533,49.153698],[2.218311,49.153473],[2.221128,49.152621],[2.221322651046809,49.15256075086646],[2.222304,49.152257],[2.223288,49.1521],[2.225392,49.151905],[2.228653069317952,49.15159489831639],[2.229304,49.151533],[2.229436,49.151536],[2.23211,49.151432],[2.232128,49.151621],[2.232002,49.151881],[2.231793,49.152431],[2.232417,49.152495],[2.232906,49.152517],[2.233179,49.15255],[2.233563,49.152662],[2.233555,49.151552],[2.23695,49.151884],[2.237516308309391,49.151859557513696],[2.238595,49.151813],[2.238806,49.151984],[2.241315,49.151589],[2.241581,49.152179],[2.241727,49.152633],[2.241865,49.153415],[2.243544,49.153388],[2.244492,49.153397],[2.245528,49.153389],[2.246524,49.153449],[2.24727,49.153432],[2.248131,49.153451],[2.248506,49.153483],[2.24951,49.153509],[2.25036,49.153494],[2.251454,49.153242],[2.253676188706328,49.15266018017105],[2.25378,49.152633],[2.2538,49.152665],[2.256302,49.154218],[2.256973795209134,49.15464977642273],[2.257346,49.154889],[2.258759,49.155779],[2.259713,49.155139],[2.260081,49.155328],[2.259875,49.155411],[2.259811,49.15572],[2.259894,49.155999],[2.259857,49.156146],[2.259837337183439,49.15616676634198],[2.259661,49.156353],[2.25946,49.156612],[2.25975,49.156751],[2.260785,49.157298],[2.26215,49.158381],[2.263637,49.157698],[2.263781520179203,49.15763493388605],[2.264588,49.157283],[2.264774700446372,49.15720991318333],[2.265215579384107,49.157037324211416],[2.265666,49.156861],[2.265876096786044,49.15676438237412],[2.266497822683932,49.1564784680518],[2.266727618885612,49.15637279121656],[2.266875088977034,49.156304973853004],[2.267401045157965,49.15606310134045],[2.267697,49.155927],[2.267782968181705,49.15589492232026],[2.268166,49.155752],[2.268701,49.155832],[2.268704680772411,49.15583309158531],[2.269254,49.155996],[2.269342390068084,49.155996920729876],[2.26935,49.155997],[2.2695241069232,49.15623974522946],[2.269558,49.156287],[2.269759,49.15652],[2.269798645123087,49.156558795584736],[2.270039,49.156794],[2.270205852528375,49.156903365522794],[2.270396,49.157028],[2.270702298741436,49.15714432948717],[2.27097,49.157246],[2.271004647567901,49.15726490976417],[2.271254,49.157401],[2.271574,49.157499],[2.271602458388815,49.157506161375785],[2.271856256741875,49.15757002814604],[2.272385103284613,49.15770310907521],[2.272571865272497,49.157750106562894],[2.272910290442901,49.15783526914313],[2.273191564923519,49.15790605010926],[2.273247,49.15792],[2.273410784334736,49.15796517450278],[2.273553154799264,49.15800444269627],[2.27390973410559,49.15810279332847],[2.274012,49.158131],[2.274489366722899,49.15834475756738],[2.274644,49.158414],[2.274727084726211,49.15844499699401],[2.274742654611954,49.158450805759074],[2.275230920947659,49.15863296666124],[2.275424,49.158705],[2.275510616504053,49.15872518438895],[2.275732213583571,49.15877682352739],[2.275866,49.158808],[2.275977534727428,49.15882999090848],[2.276219184541558,49.15887763614928],[2.276374355150729,49.15890823059052],[2.27658248391138,49.15894926660354],[2.276713,49.158975],[2.276968969116333,49.15896376168652],[2.277430495351922,49.15894349839622],[2.27758375480951,49.15893676954607],[2.277688381042639,49.158932175935625],[2.27793881413768,49.158921180680935],[2.278271353481931,49.15890658055477],[2.278446861148915,49.1588988748979],[2.278649,49.15889],[2.278725,49.15876],[2.27875436595685,49.15876112945988],[2.279066636057287,49.15877313984836],[2.279234355704699,49.15877959060403],[2.279569226544629,49.15879247025172],[2.279705044077951,49.158797694003],[2.279902782058647,49.15880529930995],[2.280227293142739,49.158817780505494],[2.280665694605016,49.158834642100196],[2.280991541276945,49.1588471746645],[2.281195,49.158855],[2.281395325340367,49.15890107327176],[2.281933094927706,49.15902475609837],[2.282482,49.159151],[2.28280130730743,49.159496251026155],[2.282962,49.15967],[2.283225129553375,49.159684927146024],[2.283451828588484,49.15969778761554],[2.283697734496291,49.15971173767682],[2.284063626919705,49.15973249448488],[2.284431963336648,49.15975338993889],[2.284680186306076,49.15976747144538],[2.284927683387811,49.159781511772785],[2.285180672448478,49.159795863656115],[2.285518,49.159815],[2.285564460568519,49.15981780407178],[2.286085316721712,49.159849239718895],[2.286479,49.159873],[2.286453460768255,49.15990739557824],[2.286231,49.160207],[2.286092070176164,49.160447340438886],[2.285894900342718,49.16078843267522],[2.28572,49.161091],[2.285701900637919,49.16112824148576],[2.285695779706976,49.161140835993876],[2.285545695945268,49.16144965031838],[2.285477,49.161591],[2.28545003924209,49.16169621853308],[2.285364,49.162032],[2.285353109242581,49.162109036092914],[2.285303001617251,49.162463473854444],[2.285296,49.162513],[2.285290582576119,49.16274250177533],[2.285282866934676,49.16306936440374],[2.285276957602825,49.163319705189416],[2.285274,49.163445],[2.285199,49.163445],[2.285182308252427,49.16356740614887],[2.285145254877695,49.16383913089691],[2.285109798310455,49.164099145723334],[2.285088685279188,49.16425397461929],[2.285013,49.164809],[2.285018151597805,49.164873538072506],[2.285085,49.165711],[2.285520386314875,49.16569390774638],[2.286486,49.165656],[2.286415,49.165824],[2.287561,49.165885],[2.28697,49.167175],[2.288131,49.167367],[2.287871,49.167947],[2.289488,49.168037],[2.289293,49.169027],[2.289059,49.169887],[2.288806,49.17071],[2.29026,49.170744],[2.290184,49.171544],[2.290877751348128,49.171579904675035],[2.292464,49.171662],[2.292452,49.17185],[2.294154,49.171713],[2.294365,49.172415],[2.294544,49.172363],[2.294819,49.173411],[2.295678,49.173327],[2.296168,49.174799],[2.296626,49.17621],[2.297825859237845,49.17610786665311],[2.299516,49.175964],[2.299575,49.176557],[2.299575,49.176968],[2.299544,49.178221],[2.299638,49.178824],[2.299973,49.179795],[2.300033,49.179996],[2.300078,49.1803],[2.300104,49.181244],[2.300484,49.182427],[2.300766,49.18323],[2.301273,49.184041],[2.302394,49.184001],[2.303027,49.183993],[2.304446,49.183941],[2.30433,49.183653],[2.304792,49.183614],[2.305746,49.183429],[2.30621,49.184825],[2.306636,49.184774],[2.308228,49.184606],[2.308461,49.185405],[2.310412,49.184958],[2.310425,49.184989],[2.310451,49.185097],[2.310761,49.185936],[2.310801,49.186746],[2.313279,49.186344],[2.313205,49.185837],[2.314524,49.185685],[2.317399,49.185391],[2.317977464470819,49.185293209768844],[2.319286,49.185072],[2.320918,49.184582],[2.321595,49.184372],[2.320545,49.183516],[2.319553,49.182423],[2.321255,49.181894],[2.32063,49.181287],[2.321765470438861,49.180953306996635],[2.321872,49.180922],[2.321761107306175,49.180777223427505],[2.321728,49.180734],[2.321759706814721,49.18072070359383],[2.321945,49.180643],[2.322715123986245,49.18033722189996],[2.323708,49.179943],[2.323199,49.179501],[2.323655,49.179283],[2.324298,49.179001],[2.324549,49.178928],[2.324724205066688,49.178901215301075],[2.324885723844587,49.17887652291107],[2.325818,49.178734],[2.325584,49.178173],[2.326037,49.177665],[2.326359,49.177587],[2.327624,49.177078],[2.327305,49.176476],[2.327683,49.176272],[2.32777,49.176339],[2.329428332405574,49.1752036271912],[2.329698,49.175019],[2.331455,49.173834],[2.331361,49.173756],[2.331466,49.173669],[2.331473146046654,49.173663763257586],[2.332142436845932,49.173173295774966],[2.334434,49.171494],[2.335541,49.170655],[2.336012,49.170169],[2.336338,49.169883],[2.336482951506505,49.169730896281],[2.336946,49.169245],[2.338132,49.168065],[2.338419,49.167766],[2.338741,49.167469],[2.338829,49.16743],[2.339606,49.166668],[2.340347,49.165963],[2.340467,49.165864],[2.340353,49.165776],[2.340828657209639,49.16532953656619],[2.341298,49.164889],[2.341625900138206,49.16470975450313],[2.342907432229186,49.164009209338175],[2.34319329297338,49.163852944533254],[2.34595,49.162346],[2.346350256485776,49.16191787357009],[2.346512727589476,49.16174408956893],[2.347060800707232,49.161157854003555],[2.34748727788493,49.160701681129375],[2.348492,49.159627],[2.348532,49.159507],[2.348783476669286,49.159215287063624],[2.350507,49.157216],[2.352667,49.155205],[2.353598,49.154487],[2.354233,49.154263],[2.353769,49.153942],[2.355354,49.153284],[2.355168,49.15282],[2.354981,49.152172],[2.35488,49.151749],[2.353424,49.151163],[2.353793,49.150852],[2.354865,49.149498],[2.355092,49.149264],[2.355462,49.149037],[2.355981,49.148686],[2.356361,49.148954],[2.357467,49.148345],[2.357569,49.148329],[2.357652,49.148455],[2.35834,49.148257],[2.357992,49.148062],[2.359343,49.147329],[2.359541,49.147461],[2.359792,49.147672],[2.360105,49.14797],[2.360369,49.148252],[2.361058,49.149122],[2.361307,49.149482],[2.361431928397346,49.14967290789724],[2.361769,49.150188],[2.362007,49.15067],[2.362188,49.151185],[2.362246,49.151476],[2.362267,49.151808],[2.36226,49.152174],[2.362214,49.152539],[2.363082,49.152507],[2.363406146415775,49.15241557408786],[2.363511,49.152386],[2.363839,49.152479],[2.364017,49.152481],[2.364058043519611,49.15246275843573],[2.364359,49.152329],[2.364868,49.152286],[2.365037,49.152351],[2.364925,49.152448],[2.365017,49.15286],[2.365001,49.152972],[2.364884,49.153143],[2.364930849607636,49.15321747886342],[2.365001,49.153329],[2.364871,49.153548],[2.365115,49.153716],[2.365187,49.154031],[2.365304,49.154103],[2.365654,49.154021],[2.365955,49.154],[2.366303,49.153899],[2.366535,49.153968],[2.366543,49.154234],[2.366644,49.154429],[2.36651,49.154523],[2.366336,49.154465],[2.366193,49.154508],[2.366046,49.154803],[2.366208,49.154951],[2.366494,49.154847],[2.366607,49.155276],[2.366718692576782,49.15531234440991],[2.366985,49.155399],[2.367043,49.155462],[2.36708,49.155796],[2.367164,49.15587],[2.367369,49.155803],[2.367516,49.155698],[2.367622,49.155759],[2.367727,49.156026],[2.367928,49.156077],[2.368268,49.155934],[2.368394,49.156062],[2.368712,49.156283],[2.368885,49.156319],[2.369276,49.156164],[2.369496,49.156186],[2.369619,49.156244],[2.369809,49.156434],[2.369798,49.156581],[2.369699,49.156791],[2.369708,49.156887],[2.369847,49.156915],[2.370055,49.156806],[2.370274,49.156849],[2.370299,49.156926],[2.3702,49.157123],[2.370245,49.157251],[2.370391,49.157384],[2.370498,49.157659],[2.370412,49.157852],[2.370162,49.158066],[2.370191,49.158359],[2.370049,49.15853],[2.370008,49.158713],[2.370103,49.158798],[2.370227,49.158799],[2.370405,49.158674],[2.370708,49.15866],[2.370902,49.158803],[2.370936,49.158972],[2.370925,49.159197],[2.371093,49.159262],[2.372288,49.159375],[2.372763,49.159461],[2.373072,49.159451],[2.373311,49.159373],[2.373805,49.159208],[2.374032,49.159165],[2.374349,49.159168],[2.374707,49.159221],[2.375032,49.159236],[2.375819,49.159131],[2.376364,49.159044],[2.377988,49.158529],[2.378723,49.158262],[2.378976,49.158202],[2.379627,49.158184],[2.37998,49.158147],[2.380456,49.158043],[2.380817,49.15787],[2.381024,49.157721],[2.381428,49.157327],[2.382153,49.156678],[2.382699545606866,49.15621530678758],[2.383424,49.155602],[2.3835,49.155506],[2.385111,49.154216],[2.386443,49.153138],[2.389708,49.150517],[2.390069559223004,49.15022253424106],[2.390969,49.14949],[2.3912,49.149314],[2.391299,49.149313],[2.392274,49.149481],[2.395009,49.149941],[2.395050101470148,49.14994801683658],[2.395753778141033,49.150068148408316],[2.396595033930175,49.150211767465706],[2.397065,49.150292],[2.397305311262644,49.150334252529696],[2.397424114590776,49.15035514102695],[2.397457230407908,49.150360963588206],[2.397884,49.150436],[2.399408246637018,49.15069636683092],[2.399892,49.150779],[2.400024,49.150747],[2.400335,49.150784],[2.400722,49.150932],[2.401128486394926,49.151046165230774],[2.401281,49.151089],[2.401764,49.151265],[2.402038286857145,49.15134116994802],[2.402287023332956,49.1514102445097],[2.402495,49.151468],[2.40275,49.151523],[2.404282,49.151898],[2.40475,49.151962],[2.405481,49.152043],[2.406678,49.15211],[2.40846,49.152194],[2.410059,49.152275],[2.411602,49.152339],[2.413122,49.152418],[2.414757,49.152009],[2.415114355679777,49.151911197392906],[2.415612,49.151775],[2.41561097421931,49.15174778069269],[2.415541,49.149891],[2.415816,49.149881],[2.416995,49.149697],[2.417181,49.149702],[2.417497,49.149808],[2.417932,49.149636],[2.418122,49.149596],[2.41852,49.149602],[2.419069,49.149583],[2.419543,49.14945],[2.419845,49.149467],[2.4204,49.149579],[2.420869,49.149543],[2.421218,49.149585],[2.421705,49.149505],[2.422074,49.149384],[2.422227,49.149408],[2.422528,49.149573],[2.422723,49.149598],[2.42303,49.149587],[2.42388,49.149476],[2.424058,49.149473],[2.424544,49.149546],[2.4247,49.149546],[2.424922793865616,49.149522318092714],[2.425669,49.149443],[2.426216,49.149349],[2.426691,49.149214],[2.427059,49.149165],[2.427665,49.149133],[2.428511,49.148947],[2.429096,49.148853],[2.429665,49.148683],[2.429825,49.148663],[2.430196,49.148555],[2.430723,49.148509],[2.431213,49.148433],[2.431593,49.148311],[2.431976,49.148326],[2.432474,49.148156],[2.432722,49.1482],[2.433434,49.148103],[2.433836,49.14799],[2.434144,49.147768],[2.435099,49.147721],[2.435263,49.147693],[2.435538,49.147384],[2.435728,49.147258],[2.436203,49.14708],[2.43669,49.146983],[2.436826,49.146916],[2.437113,49.146668],[2.437586,49.146513],[2.438084,49.146409],[2.438441,49.146364],[2.439682,49.146373],[2.440304,49.146137],[2.440781,49.14591],[2.440394,49.144813],[2.4389,49.141639],[2.438624,49.141669],[2.43764,49.141694],[2.434596,49.141746],[2.433233,49.141776],[2.432016,49.14179],[2.428296,49.141865],[2.426282,49.139979],[2.423562,49.137254],[2.421879,49.135571],[2.420743,49.134334],[2.419411,49.134731],[2.418122,49.135071],[2.417656,49.135145],[2.416869,49.13523],[2.416016,49.135255],[2.414816,49.135273],[2.413892,49.135303],[2.412748,49.135773],[2.411972,49.136008],[2.411727,49.135434],[2.411275,49.134091],[2.410193,49.134474],[2.408954,49.134878],[2.408107,49.135178],[2.407938,49.1353],[2.40755,49.135353],[2.40717,49.13548],[2.406868,49.135507],[2.406608,49.135599],[2.405823,49.135753],[2.405497,49.135926],[2.405249,49.135965],[2.405107689600466,49.136017138664656],[2.404959,49.136072],[2.404581,49.136091],[2.404345,49.136141],[2.404021,49.136127],[2.403782,49.136177],[2.403151,49.136198],[2.40277,49.136167],[2.402257,49.136332],[2.401927,49.136358],[2.401601,49.136487],[2.401049,49.136589],[2.400899049059109,49.13660197652373],[2.400737,49.136616],[2.399497,49.136951],[2.399111,49.137022],[2.398992,49.136663],[2.398787,49.136685],[2.39861,49.13635],[2.398513,49.136258],[2.398255,49.136106],[2.397901,49.136096],[2.397574,49.13612],[2.397269,49.136183],[2.396961,49.136282],[2.396456,49.136271],[2.396457,49.136327],[2.395627,49.136408],[2.395343,49.13647],[2.393671,49.136678],[2.393659521533609,49.136682095840435],[2.393444,49.136759],[2.392663,49.1369],[2.392041,49.137084],[2.391715,49.137096],[2.391554,49.137144],[2.39132,49.137131],[2.39123,49.137211],[2.390943,49.137344],[2.390862,49.137534],[2.39068,49.137735],[2.390575,49.137903],[2.390321,49.138107],[2.390117,49.13821],[2.389756,49.138439],[2.389547,49.138669],[2.389329,49.138977],[2.389182,49.139264],[2.389208,49.139392],[2.388543,49.139249],[2.387482,49.138941],[2.386855,49.138695],[2.386722,49.138609],[2.385639,49.138139],[2.384988,49.137728],[2.384540531840735,49.13746130699054],[2.384087,49.137191],[2.383857,49.137079],[2.383106,49.136551],[2.382882,49.136381],[2.382732,49.136219],[2.382386,49.135932],[2.382125,49.135537],[2.380987105796647,49.13607364695082],[2.37943,49.136808],[2.378401,49.137254],[2.378224,49.137342],[2.377408992235774,49.13760670337641],[2.377054,49.137722],[2.377137,49.137811],[2.377096709885637,49.13783887192843],[2.376991,49.137912],[2.376943970778385,49.1379409061346],[2.376748857547815,49.138060830919926],[2.376500229959089,49.138213647877116],[2.376206455477635,49.138394214010525],[2.37604179152801,49.13849542338906],[2.375748,49.138676],[2.375738835365833,49.13867485442073],[2.37551894586556,49.138647368233194],[2.375022179614325,49.13858527245179],[2.374654796943735,49.138539349617965],[2.374120536764723,49.13847256709559],[2.373916,49.138447],[2.37349,49.138359],[2.373399160794801,49.13810889725322],[2.373336,49.137935],[2.373245,49.13756],[2.373197,49.137497],[2.372691,49.136113],[2.37107915547794,49.13562607241169],[2.36965410646961,49.13519557451481],[2.369586,49.135175],[2.369555713184958,49.135214978595855],[2.369536,49.135241],[2.36919395374011,49.135105217128114],[2.369103152673872,49.13506917162495],[2.369013301066563,49.13503350303063],[2.368347,49.134769],[2.368365,49.134716],[2.368047928961387,49.13454166763538],[2.367346841767949,49.13415619506505],[2.367248844627909,49.134102314164345],[2.367078689962005,49.13400875952944],[2.36703358787253,49.13398396144652],[2.366408,49.13364],[2.36636432539182,49.133616090542965],[2.366342113893543,49.133603930963616],[2.366083947615853,49.133462599059776],[2.366060968948581,49.133450019497396],[2.365829732558136,49.13332343023256],[2.365723926825892,49.13326550738644],[2.365629020770688,49.1332135515168],[2.365626477567038,49.133212159252025],[2.365608463562761,49.133202297570854],[2.365582618117116,49.13318814860426],[2.365470758343271,49.13312691150179],[2.365410329034914,49.13309382976364],[2.364901,49.132815],[2.364717112797896,49.13272499362231],[2.364284,49.132513],[2.364138,49.132403],[2.363985,49.132361],[2.363875176724376,49.13229089436532],[2.363203777222277,49.13186230681908],[2.363161,49.131835],[2.363065,49.131734],[2.362595009826233,49.131143714722235],[2.362393,49.13089],[2.362171,49.130577],[2.362079,49.130496],[2.361885237914581,49.13024219101207],[2.361839001794415,49.13018162631057],[2.361679616110911,49.12997284697723],[2.360916308522873,49.128972990240655],[2.359675,49.127347],[2.359504613973503,49.12710553934914],[2.359287781629366,49.126798257818955],[2.358263,49.125346],[2.35747,49.124445],[2.356451,49.123253],[2.35574,49.122496],[2.35525,49.122014],[2.354895,49.121804],[2.354587,49.121569],[2.353989,49.121163],[2.353512,49.120887],[2.353007,49.120636],[2.352861,49.120539],[2.352393,49.120292],[2.352291,49.120132],[2.351797,49.11988],[2.350996565708749,49.11934066160706],[2.35077,49.119188],[2.350549,49.11901],[2.350429,49.118664],[2.350121,49.118418],[2.349885,49.118287],[2.349726,49.118241],[2.349386,49.118013],[2.349153,49.117935],[2.34898,49.117823],[2.348944,49.117671],[2.349014,49.117434],[2.348912,49.117246],[2.348835,49.117002],[2.348826,49.116776],[2.346877,49.117015],[2.34453,49.117244],[2.344323,49.117278],[2.343385928835841,49.11738775285553],[2.343099895319622,49.11742125404133],[2.342940201590558,49.117439957895904],[2.342863,49.117449],[2.342017,49.117573],[2.341336,49.117657],[2.340544,49.118478],[2.339056,49.119879],[2.338415,49.12081],[2.337803,49.121801],[2.337294,49.122592],[2.336786,49.123312],[2.335575,49.122801],[2.334381,49.122267],[2.33406,49.122094],[2.333302,49.122234],[2.333164,49.122246],[2.322876,49.124302],[2.321383,49.124597],[2.320345,49.124792],[2.320062,49.124856],[2.319902,49.123721],[2.31972,49.122694],[2.319586,49.122195],[2.319540430842175,49.12193466142008],[2.319471,49.121538],[2.319451,49.121338],[2.318849,49.118247],[2.318789,49.117685],[2.31876,49.117593],[2.318628,49.117539],[2.317344,49.116924],[2.315478,49.116069],[2.314185411966987,49.115465511101064],[2.312413,49.114638],[2.310893,49.113921],[2.310504,49.113726],[2.311123,49.113324],[2.311481,49.113041],[2.311796,49.112882],[2.311959294154471,49.11277624126044],[2.312287,49.112564],[2.312955,49.112085],[2.313468,49.111752],[2.313773,49.111482],[2.313946,49.111292],[2.315006,49.110054],[2.31548,49.109541],[2.315247,49.109455],[2.314494,49.109234],[2.313288,49.108965],[2.31321,49.108891],[2.312764,49.108719],[2.312448,49.108627],[2.312017,49.108393],[2.311901,49.108215],[2.311853,49.107924],[2.311763,49.107673],[2.311634,49.107423],[2.311202,49.107059],[2.310636,49.106548],[2.310502,49.106314],[2.310235,49.1061],[2.30991,49.105759],[2.309498,49.105181],[2.309224,49.104839],[2.308453,49.104163],[2.308949,49.103633],[2.308779,49.102419],[2.308982,49.102318],[2.309368,49.102013],[2.309692,49.101523],[2.309751734967342,49.10136444422249],[2.309773,49.101308],[2.310115,49.100906],[2.310267,49.100644],[2.309743,49.100385],[2.308503,49.099805],[2.308826,49.099623],[2.309285,49.099438],[2.309487,49.099336],[2.309612,49.099319],[2.309826,49.099167],[2.309998,49.0991],[2.310751,49.098974],[2.310915,49.098927],[2.310994,49.098812],[2.311583,49.098454],[2.311759,49.09833],[2.31196,49.098105],[2.312222,49.097951],[2.312414,49.097886],[2.312201,49.09757],[2.312054,49.097351],[2.308052,49.098562],[2.307771,49.09899],[2.30753,49.099258],[2.307366,49.099573],[2.307312,49.100016],[2.307374,49.100156],[2.306108,49.100377],[2.306035,49.100468],[2.305915,49.100762],[2.305739,49.100896],[2.305404,49.100557],[2.303955,49.09867],[2.303272,49.098407],[2.302708,49.098016],[2.301734,49.097135],[2.301531,49.096447],[2.301425,49.096193],[2.301155,49.095872],[2.301154,49.095832],[2.301554,49.09521],[2.30217,49.094494],[2.302361,49.094552],[2.302694,49.093828],[2.302904,49.092177],[2.301177,49.091504],[2.301624,49.091262],[2.300699,49.090637],[2.298605,49.090066],[2.297846,49.08997],[2.297064,49.089781],[2.296105,49.089526],[2.293404,49.088341],[2.293728,49.087959],[2.291453,49.087738],[2.291451,49.087515],[2.291645,49.087041],[2.292012,49.086497],[2.292232,49.086133],[2.292264,49.086001],[2.291609,49.085575],[2.291175,49.085856],[2.290592,49.085355],[2.290892,49.085223],[2.290075,49.08469],[2.290345,49.084583],[2.289581,49.083687],[2.289864,49.08354],[2.288084,49.083461],[2.287499,49.083578],[2.287297,49.083651],[2.286734,49.082834],[2.286039,49.081874],[2.285282,49.080777],[2.284055,49.079082],[2.283714,49.078601],[2.283439,49.078216],[2.282513,49.076882],[2.282389,49.076757],[2.281138,49.074851],[2.28032,49.073747],[2.280172,49.073876],[2.279945,49.074006],[2.278906,49.074446],[2.278645,49.075377],[2.278443,49.075445],[2.278081,49.075488],[2.27706,49.075795],[2.275602,49.076605],[2.275334,49.076707],[2.27472,49.077023],[2.274024,49.076668],[2.273911,49.076588],[2.273706,49.076565],[2.273373,49.076445],[2.273092,49.076095],[2.27278,49.075973],[2.272193,49.075878],[2.271829,49.075763],[2.271483,49.075598],[2.270804,49.075407],[2.270386,49.075243],[2.270027,49.075082],[2.269848,49.074743],[2.26971,49.074329],[2.269392,49.073007],[2.269853,49.07093],[2.270251,49.070442],[2.270963,49.069829],[2.271814,49.069249],[2.270522,49.068702],[2.26978,49.068184],[2.269281,49.067523],[2.268643,49.066568],[2.268634,49.0665],[2.266669,49.066851],[2.266089,49.066987],[2.265701,49.067137],[2.265552,49.067356],[2.265518,49.067555],[2.265624,49.068742],[2.265592,49.068981],[2.265283,49.06995],[2.265188,49.070158],[2.264701,49.070848],[2.26438,49.071408],[2.263754,49.072607],[2.263429,49.073127],[2.260095,49.074178],[2.258353,49.074804],[2.257063,49.075256],[2.256558,49.075125],[2.255486,49.073387],[2.255879,49.073163],[2.256609,49.072807],[2.256707,49.072735],[2.257065,49.072356],[2.255481,49.071786],[2.255402,49.071451],[2.255286,49.071104],[2.253861,49.070895],[2.253837,49.070784],[2.253175,49.070739],[2.25247,49.070737],[2.251659,49.070689],[2.251734,49.070357],[2.251207,49.07028],[2.251251,49.06981],[2.251214,49.069308],[2.251225,49.06864],[2.251294,49.068483],[2.251457,49.068341],[2.251775,49.067924],[2.251879,49.067669],[2.25195,49.066693],[2.251922,49.066306],[2.251523,49.065914],[2.250933,49.065356],[2.250161,49.064608],[2.249453,49.063904],[2.249444,49.063852],[2.248779,49.063222],[2.248425,49.062803],[2.248352,49.062647],[2.248179,49.062078],[2.248172,49.061939],[2.247672,49.061958],[2.247607,49.0609],[2.247046,49.060144],[2.246399,49.059237],[2.246124,49.058799],[2.246361,49.058744],[2.243883,49.057557],[2.2438,49.057514],[2.243743,49.057124],[2.242526,49.057092],[2.242601,49.056549],[2.241056,49.056344],[2.240563,49.056322],[2.240112,49.056263],[2.239287,49.056173],[2.238906,49.05612],[2.239469,49.054877],[2.239736,49.054833],[2.240331,49.053199],[2.238308,49.052183],[2.237992,49.052552],[2.23699,49.052065],[2.236589,49.051904],[2.236099,49.052438],[2.234571,49.051437],[2.235773,49.050257],[2.235858,49.050119],[2.23536,49.049861],[2.234448,49.049541],[2.234366,49.049647],[2.23413,49.05014],[2.234091,49.05033],[2.233966,49.050454],[2.233762,49.051004],[2.232077,49.051601],[2.231984,49.051509],[2.231455,49.051736],[2.231104,49.051906],[2.230879,49.051957],[2.230707,49.052076],[2.23035,49.052263],[2.229737,49.052479],[2.229268,49.052565],[2.228912,49.052582],[2.228025,49.05276],[2.227855,49.052814],[2.227151,49.052842],[2.226878,49.052823],[2.226593,49.052753],[2.226362,49.052754],[2.226104,49.052797],[2.225077,49.053047],[2.224501,49.053226],[2.224023,49.053391],[2.223654,49.053439],[2.223128,49.053582],[2.222627,49.053662],[2.221732,49.053847],[2.221559,49.053928],[2.220916,49.053881],[2.219926,49.053865],[2.219474,49.053843],[2.218759,49.053774],[2.218322,49.054372],[2.218145,49.054369],[2.217773,49.05446],[2.21733,49.054633],[2.216962,49.054846],[2.216867,49.054935],[2.216718,49.05532],[2.216543,49.055589],[2.216387,49.055775],[2.215969,49.056129],[2.215303,49.056651],[2.214562,49.057308],[2.214075,49.057725],[2.213402,49.058268],[2.213079,49.05859],[2.212906,49.058848],[2.212695,49.059251],[2.212166,49.05894],[2.211678,49.058722],[2.211275,49.058575],[2.210859,49.058369],[2.210292,49.05801],[2.208016,49.058723],[2.207819,49.058819],[2.207446,49.059058],[2.207152,49.059195],[2.206866,49.05956],[2.206672,49.059858],[2.206507,49.060257],[2.206445,49.06069],[2.206221,49.060863],[2.205623,49.060874],[2.204752,49.060835],[2.204555,49.060814],[2.20418,49.060821],[2.203796,49.060956],[2.203731,49.061004],[2.204013,49.061218],[2.204494,49.061531],[2.204515,49.06165],[2.204425,49.062457],[2.203263,49.063455],[2.202824,49.064835],[2.202724,49.064938],[2.206209,49.065696],[2.210088,49.065875],[2.210077,49.065724],[2.214468,49.065272],[2.214556,49.065348],[2.214663,49.065775],[2.215901,49.065564],[2.216471,49.065652],[2.216927,49.066053],[2.217311,49.066361],[2.217993,49.066853],[2.218417,49.067193],[2.220491,49.070364],[2.220949,49.070999],[2.221741,49.072174],[2.222015,49.072514],[2.222475,49.073276],[2.223068,49.074091],[2.223885,49.075306],[2.22403,49.075475],[2.2245,49.075481],[2.224665,49.075395],[2.224853,49.075534],[2.225057,49.076021],[2.226926,49.076795],[2.229358,49.077418],[2.229595,49.077419],[2.229974,49.07735],[2.230486,49.077179],[2.231873,49.076675],[2.232823,49.076384],[2.233408,49.076185],[2.233677,49.076379],[2.233839,49.076457],[2.233938,49.076635],[2.233782,49.076796],[2.233814,49.077053],[2.233903,49.077143],[2.234569,49.080744],[2.234601,49.081102],[2.235853,49.087554],[2.235751,49.087712],[2.234865,49.088551],[2.23465,49.088709],[2.232074,49.087981],[2.231136,49.08776],[2.230542,49.087763],[2.230443891021297,49.08776068610899],[2.229906,49.087748],[2.228389,49.086858],[2.227236588504714,49.08659151587169],[2.227083,49.086556],[2.226732413242843,49.08659728773894],[2.226556614919544,49.086617991074505],[2.22513,49.086786],[2.224308728793405,49.087027591787184],[2.222798,49.087472],[2.220701,49.087908],[2.220776,49.088208],[2.220362,49.088227],[2.220164,49.088264],[2.218973,49.088395],[2.218384,49.088488],[2.217738,49.088547],[2.217218,49.088646],[2.216784,49.088711],[2.215340725360008,49.089182126474356],[2.214177,49.089562],[2.213977,49.089205],[2.21369,49.088802],[2.213704,49.088681],[2.213792,49.088564],[2.214298,49.088342],[2.214079,49.087913],[2.213699,49.087979],[2.213681076398653,49.087933659254475],[2.213128129599142,49.08653488790058],[2.213008,49.086231],[2.212644,49.086176],[2.212198,49.086165],[2.209223,49.086564],[2.208843,49.086764],[2.207526,49.086785],[2.20635,49.087078],[2.207126,49.088663],[2.208319,49.091054],[2.208893,49.092218],[2.208998,49.092683],[2.209246,49.093511],[2.208595,49.093626],[2.208233,49.0935],[2.208215312653672,49.093505258400256],[2.208051272669433,49.09355402704423],[2.207974,49.093577]],[[2.267919,49.139404],[2.267504804615794,49.139190282746966],[2.267481,49.139178],[2.267919,49.139404]],[[2.272093,49.136863],[2.271509149834824,49.1372655302381],[2.271449,49.137307],[2.272093,49.136863]],[[2.2773466879019395,49.13505296179199],[2.277202045226634,49.13502015983427],[2.275755,49.134692],[2.2773466879019395,49.13505296179199]],[[2.2692492093152383,49.12435481591657],[2.270640100479693,49.12443655085691],[2.270903,49.124452],[2.2692492093152383,49.12435481591657]],[[2.255412076018999,49.111695687931146],[2.255357547302756,49.11153656882414],[2.255613,49.112282],[2.255412076018999,49.111695687931146]],[[2.255285005298472,49.11132488551786],[2.255259,49.111249],[2.255357547302756,49.11153656882414],[2.255285005298472,49.11132488551786]],[[2.26011931751759,49.09921750495017],[2.260059,49.098951],[2.260157,49.099384],[2.26011931751759,49.09921750495017]],[[2.216666,49.154217],[2.21613,49.154363],[2.216507971236465,49.15426004514828],[2.216666,49.154217]],[[2.226398132220856,49.12848532733359],[2.226817647609895,49.12859224023811],[2.226980391097138,49.128633715186034],[2.227851338919193,49.12885567500867],[2.226389,49.128483],[2.226398132220856,49.12848532733359]],[[2.226048473627102,49.12842765315374],[2.2258772535910136,49.12839982421077],[2.226024308999103,49.128423725599056],[2.226201537355089,49.128452531093586],[2.226389,49.128483],[2.226048473627102,49.12842765315374]],[[2.2258460430540232,49.12839475146184],[2.225863414258809,49.128397574859605],[2.2258772535910136,49.12839982421077],[2.2258460430540232,49.12839475146184]],[[2.2251075340158892,49.12827471921339],[2.225482906068323,49.12833572963998],[2.225639542393826,49.128361188245584],[2.2258460430540232,49.12839475146184],[2.2251075340158892,49.12827471921339]],[[2.222238762080592,49.127593753214384],[2.222366634172539,49.12762904517651],[2.2225510691167862,49.12767994816065],[2.222044,49.12754],[2.222238762080592,49.127593753214384]],[[2.2871778446904885,49.15883794563552],[2.287153,49.158967],[2.287177409656626,49.158840205394746],[2.2871778446904885,49.15883794563552]],[[2.287178185219099,49.158836176778564],[2.287405,49.157658],[2.2871778446904885,49.15883794563552],[2.287178185219099,49.158836176778564]],[[2.287641595478485,49.15769531353924],[2.288261,49.157793],[2.288021178950764,49.157755177755085],[2.287405,49.157658],[2.287641595478485,49.15769531353924]],[[2.289418,49.15653],[2.288851,49.157186],[2.289203779349403,49.15677784611427],[2.289418,49.15653]],[[2.303231463582599,49.13478221360312],[2.302647,49.135282],[2.303565,49.134497],[2.303231463582599,49.13478221360312]],[[2.305636243365225,49.132743709949814],[2.305366,49.133052],[2.305849,49.132501],[2.305636243365225,49.132743709949814]],[[2.304122086882401,49.132133493873326],[2.3051619113948925,49.13235477997922],[2.30396,49.132099],[2.304122086882401,49.132133493873326]],[[2.313055,49.175794],[2.312852091464306,49.17569544442552],[2.31274,49.175641],[2.313055,49.175794]],[[2.31436,49.169609],[2.313228,49.169549],[2.314035885891413,49.169591820806964],[2.31436,49.169609]],[[2.313227,49.16267],[2.3127994516286408,49.15913090321044],[2.312802965613342,49.159159990754226],[2.313227,49.16267]],[[2.313907,49.158878],[2.313938,49.158712],[2.313907104037249,49.158877442897314],[2.313907,49.158878]]]}},{"type":"Feature","properties":{"code_canton":"09","nom":"Fosses","method":"Union de contours BV reconstitués, non opposables"},"geometry":{"type":"Polygon","coordinates":[[[2.358139057893969,49.0256435265923],[2.358082,49.02566],[2.358077918274203,49.025660508862366],[2.357705,49.025707],[2.357255,49.025831],[2.357020957678833,49.02592554689795],[2.356953,49.025953],[2.356936998764923,49.025962528456205],[2.356683432461284,49.02611352276433],[2.356594214397432,49.02616665056416],[2.356528821750713,49.02620559074393],[2.356466,49.026243],[2.356290304471717,49.02638595723109],[2.355983,49.026636],[2.355881533186404,49.02665813499424],[2.355521806517713,49.026736609398405],[2.35541,49.026761],[2.355373490346438,49.0267622637957],[2.355240255402747,49.02676687577452],[2.354915582038216,49.02677811446791],[2.35489,49.026779],[2.354729288299058,49.02697539419398],[2.354395510318914,49.02738328022217],[2.354283930852648,49.02751963345105],[2.354166514486037,49.02766311953542],[2.354039850970854,49.027817905894004],[2.353884360948614,49.02800791905056],[2.353746,49.028177],[2.353745344494434,49.0281773873442],[2.353724,49.02819],[2.353542681509643,49.02852921946351],[2.353182,49.029204],[2.353058,49.0294],[2.352873997774407,49.0295773877665],[2.35283806352672,49.02961203026019],[2.352752,49.029695],[2.352653846553964,49.029781846553966],[2.352449499641358,49.0299626535036],[2.352344,49.030056],[2.352287735279889,49.03010106084416],[2.352149945111239,49.030211413144926],[2.351990663547876,49.030338977303956],[2.351824953460028,49.03047168988885],[2.35169724476036,49.03057396822245],[2.351656,49.030607],[2.351530210894104,49.0306876635425],[2.351374428690997,49.030787560463395],[2.351230201754054,49.030880047452435],[2.350672,49.031238],[2.350433,49.031401],[2.350052691194685,49.031632114908795],[2.34987288243765,49.0317413852804],[2.349732,49.031827],[2.349227,49.032148],[2.349223904793675,49.03214952061008],[2.348848549485461,49.03233392481673],[2.348197384301558,49.032653828642545],[2.348195,49.032655],[2.346663,49.033339],[2.346511715334077,49.03284230432693],[2.346437,49.032597],[2.346185,49.032674],[2.345654,49.032879],[2.345939,49.033871],[2.345149,49.033723],[2.34482026697668,49.03369434530548],[2.344736,49.033687],[2.344632,49.033706],[2.344565811213903,49.03372355734515],[2.344441494360664,49.03375653383602],[2.344094987330946,49.0338484488548],[2.343995874428052,49.03387473970477],[2.343662361857129,49.033963207792254],[2.343256,49.034071],[2.343096685236953,49.03406125597779],[2.342602,49.034031],[2.342206817076505,49.03397158438563],[2.34203,49.033945],[2.341989,49.03401],[2.341862336794148,49.03434236943531],[2.341598,49.035036],[2.341539992252351,49.03518101936912],[2.341511860851306,49.035251347871736],[2.341101461732287,49.03627734566928],[2.34109,49.036306],[2.340960531813008,49.03663615896636],[2.340885903478371,49.03682646991763],[2.340756171227289,49.037157302278196],[2.340661,49.0374],[2.340242,49.038416],[2.340641096581736,49.038576806836545],[2.341223504427805,49.03881147475302],[2.342392241016482,49.03928239042152],[2.342631888753762,49.039378950994276],[2.342693396607057,49.0394037341765],[2.342901956676017,49.03948776868457],[2.343065451209073,49.03955364506602],[2.34359,49.039765],[2.344418,49.040151],[2.346203599557207,49.04139251291247],[2.347073,49.041997],[2.348027,49.041579],[2.348569,49.041267],[2.348943118608987,49.04101491149523],[2.349692079604161,49.040510246790326],[2.349734,49.040482],[2.350149,49.040748],[2.350178009394554,49.040765005507154],[2.350845,49.041156],[2.350973762927346,49.04126602869036],[2.351289478870687,49.04153580984933],[2.352439179396455,49.04251823581434],[2.352687,49.04273],[2.352543775945168,49.04303017610702],[2.351985531900455,49.0442001717778],[2.351941113331692,49.044293266426365],[2.351675,49.044851],[2.348576,49.046384],[2.347966,49.046667],[2.347147,49.04709],[2.344662,49.04797],[2.344435,49.047656],[2.339784,49.049297],[2.339455,49.048873],[2.339204,49.048967],[2.337867,49.049432],[2.338372,49.050035],[2.338794,49.05062],[2.337785,49.051006],[2.33735,49.050782],[2.33682,49.050529],[2.336659,49.050473],[2.335755,49.050288],[2.335967,49.050592],[2.336156,49.050816],[2.336523,49.051312],[2.335854,49.051506],[2.335066,49.051408],[2.33413,49.053843],[2.33291,49.0568],[2.332175,49.05857],[2.331956,49.058891],[2.331768,49.059123],[2.331639,49.059557],[2.331168,49.060803],[2.330961,49.061313],[2.330629,49.062235],[2.330351,49.062909],[2.330084,49.063638],[2.329867,49.064112],[2.329624,49.064747],[2.329438,49.065193],[2.329216,49.065636],[2.328819,49.066374],[2.331479,49.066612],[2.331427,49.066824],[2.331127,49.068227],[2.333729,49.067451],[2.334407,49.068648],[2.335581,49.071409],[2.334111,49.071451],[2.33453,49.071636],[2.335061,49.071894],[2.33542,49.072045],[2.335392,49.072202],[2.334965,49.07393],[2.334527,49.075491],[2.332665,49.075042],[2.332399,49.07492],[2.331684,49.074779],[2.331128,49.074616],[2.33036,49.074423],[2.329615,49.076379],[2.325388,49.075514],[2.325399,49.074694],[2.32436,49.074501],[2.324559,49.074046],[2.325078,49.07306],[2.32491,49.073073],[2.324299,49.072782],[2.324075,49.073066],[2.323311,49.072955],[2.323256,49.072996],[2.319271,49.072522],[2.316656,49.072298],[2.315366,49.072156],[2.314903,49.073419],[2.314043,49.073221],[2.314008,49.073408],[2.312055,49.072932],[2.311402,49.073427],[2.31127,49.073504],[2.311076,49.073545],[2.309556,49.073517],[2.309605,49.073136],[2.309655,49.072951],[2.310034,49.072477],[2.309185,49.072509],[2.308641,49.072136],[2.30804,49.07183],[2.307922,49.071973],[2.30822,49.072118],[2.30826,49.072239],[2.30783,49.072793],[2.304996,49.07237],[2.302381,49.073576],[2.301014,49.074254],[2.300776,49.07502],[2.298903,49.075518],[2.296551,49.079062],[2.296401,49.078937],[2.296314,49.078792],[2.296493,49.077364],[2.295844,49.07763],[2.291242,49.079605],[2.289715,49.076597],[2.289399,49.076716],[2.288743,49.077091],[2.288522,49.077044],[2.288458,49.076871],[2.287095,49.076919],[2.286432,49.077237],[2.28577,49.077043],[2.285063,49.077471],[2.284717,49.07854],[2.284267,49.078298],[2.283714,49.078601],[2.284055,49.079082],[2.285282,49.080777],[2.286039,49.081874],[2.286734,49.082834],[2.287297,49.083651],[2.287499,49.083578],[2.288084,49.083461],[2.289864,49.08354],[2.289581,49.083687],[2.290345,49.084583],[2.290075,49.08469],[2.290892,49.085223],[2.290592,49.085355],[2.291175,49.085856],[2.291609,49.085575],[2.292264,49.086001],[2.292232,49.086133],[2.292012,49.086497],[2.291645,49.087041],[2.291451,49.087515],[2.291453,49.087738],[2.293728,49.087959],[2.293404,49.088341],[2.296105,49.089526],[2.297064,49.089781],[2.297846,49.08997],[2.298605,49.090066],[2.300699,49.090637],[2.301624,49.091262],[2.301177,49.091504],[2.302904,49.092177],[2.302694,49.093828],[2.302361,49.094552],[2.30217,49.094494],[2.301554,49.09521],[2.301154,49.095832],[2.301155,49.095872],[2.301425,49.096193],[2.301531,49.096447],[2.301734,49.097135],[2.302708,49.098016],[2.303272,49.098407],[2.303955,49.09867],[2.305404,49.100557],[2.305739,49.100896],[2.305915,49.100762],[2.306035,49.100468],[2.306108,49.100377],[2.307374,49.100156],[2.307312,49.100016],[2.307366,49.099573],[2.30753,49.099258],[2.307771,49.09899],[2.308052,49.098562],[2.312054,49.097351],[2.312201,49.09757],[2.312414,49.097886],[2.312222,49.097951],[2.31196,49.098105],[2.311759,49.09833],[2.311583,49.098454],[2.310994,49.098812],[2.310915,49.098927],[2.310751,49.098974],[2.309998,49.0991],[2.309826,49.099167],[2.309612,49.099319],[2.309487,49.099336],[2.309285,49.099438],[2.308826,49.099623],[2.308503,49.099805],[2.309743,49.100385],[2.310267,49.100644],[2.310115,49.100906],[2.309773,49.101308],[2.309692,49.101523],[2.309368,49.102013],[2.308982,49.102318],[2.308779,49.102419],[2.308949,49.103633],[2.308453,49.104163],[2.309224,49.104839],[2.309498,49.105181],[2.30991,49.105759],[2.310235,49.1061],[2.310502,49.106314],[2.310636,49.106548],[2.311202,49.107059],[2.311634,49.107423],[2.311763,49.107673],[2.311853,49.107924],[2.311901,49.108215],[2.312017,49.108393],[2.312448,49.108627],[2.312764,49.108719],[2.31321,49.108891],[2.313288,49.108965],[2.314494,49.109234],[2.315247,49.109455],[2.31548,49.109541],[2.315370719436549,49.10965927200222],[2.315006,49.110054],[2.313946,49.111292],[2.313773,49.111482],[2.313468,49.111752],[2.312955,49.112085],[2.312287,49.112564],[2.311796,49.112882],[2.311481,49.113041],[2.311123,49.113324],[2.310504,49.113726],[2.310893,49.113921],[2.312413,49.114638],[2.315478,49.116069],[2.317344,49.116924],[2.318628,49.117539],[2.31876,49.117593],[2.318789,49.117685],[2.318849,49.118247],[2.319451,49.121338],[2.319471,49.121538],[2.319586,49.122195],[2.31972,49.122694],[2.319902,49.123721],[2.320062,49.124856],[2.320345,49.124792],[2.321383,49.124597],[2.322876,49.124302],[2.333164,49.122246],[2.333302,49.122234],[2.33406,49.122094],[2.334381,49.122267],[2.335575,49.122801],[2.336786,49.123312],[2.337294,49.122592],[2.337803,49.121801],[2.338415,49.12081],[2.339056,49.119879],[2.340544,49.118478],[2.340755617950115,49.11825863341283],[2.341336,49.117657],[2.342017,49.117573],[2.342863,49.117449],[2.343213546772291,49.11740794280955],[2.344323,49.117278],[2.34453,49.117244],[2.34655876177499,49.117046050938875],[2.346877,49.117015],[2.348826,49.116776],[2.348835,49.117002],[2.348912,49.117246],[2.349014,49.117434],[2.348944,49.117671],[2.34898,49.117823],[2.349153,49.117935],[2.349386,49.118013],[2.349726,49.118241],[2.349885,49.118287],[2.350121,49.118418],[2.350429,49.118664],[2.350549,49.11901],[2.35077,49.119188],[2.351644208338814,49.11977704787776],[2.351797,49.11988],[2.352291,49.120132],[2.352393,49.120292],[2.352861,49.120539],[2.353007,49.120636],[2.353512,49.120887],[2.353989,49.121163],[2.354587,49.121569],[2.354895,49.121804],[2.35525,49.122014],[2.35574,49.122496],[2.356451,49.123253],[2.35747,49.124445],[2.35788354029704,49.12491486104367],[2.358263,49.125346],[2.359516961406003,49.127123037374936],[2.359675,49.127347],[2.360005198180678,49.127779526651814],[2.360759863933397,49.12876806344687],[2.361108222595985,49.12922437851695],[2.361452567711404,49.12967543624094],[2.361689583877117,49.129985903755845],[2.361772343341769,49.13009431039236],[2.362079,49.130496],[2.362171,49.130577],[2.362393,49.13089],[2.36283041407311,49.131439371246586],[2.363049967857069,49.131715120344296],[2.363065,49.131734],[2.363161,49.131835],[2.36337333950108,49.13197054681744],[2.363985,49.132361],[2.364138,49.132403],[2.364284,49.132513],[2.364346481636467,49.132543582583814],[2.364807719666738,49.13276934252732],[2.364901,49.132815],[2.365254456317218,49.13300849798388],[2.365395906789943,49.13308593437406],[2.365411659159644,49.133094557934115],[2.365708791137905,49.13325722142586],[2.366106,49.13347467153285],[2.3661195,49.1334820620438],[2.366121684270826,49.13348325781249],[2.366408,49.13364],[2.366586216414932,49.133737987155065],[2.366744183438128,49.13382484076619],[2.366924815719131,49.13392415621553],[2.367215919680266,49.13408421133161],[2.367603,49.13429703628002],[2.367847630471305,49.13443153928826],[2.368295176175518,49.134677609384184],[2.368365,49.134716],[2.368347,49.134769],[2.368585858409168,49.13486382015906],[2.369265091732434,49.13513345693668],[2.369536,49.135241],[2.369586,49.135175],[2.370100715522624,49.1353304921611],[2.371767029833614,49.13583387471302],[2.372033400052306,49.135914343397445],[2.372641580503032,49.13609807069625],[2.372691,49.136113],[2.373032728508733,49.13704768825314],[2.373197,49.137497],[2.373245,49.13756],[2.37326269815639,49.13763293196315],[2.373336,49.137935],[2.37349,49.138359],[2.373916,49.138447],[2.375748,49.138676],[2.376991,49.137912],[2.377137,49.137811],[2.377054,49.137722],[2.378192137459064,49.13735234851757],[2.378224,49.137342],[2.378401,49.137254],[2.37869634896987,49.13712598674387],[2.37943,49.136808],[2.382125,49.135537],[2.382386,49.135932],[2.382732,49.136219],[2.382882,49.136381],[2.383106,49.136551],[2.383857,49.137079],[2.384087,49.137191],[2.384988,49.137728],[2.385639,49.138139],[2.386722,49.138609],[2.386855,49.138695],[2.387482,49.138941],[2.388543,49.139249],[2.389208,49.139392],[2.389182,49.139264],[2.389329,49.138977],[2.389547,49.138669],[2.389756,49.138439],[2.390117,49.13821],[2.390255268847592,49.138140187787734],[2.390321,49.138107],[2.390575,49.137903],[2.39068,49.137735],[2.390862,49.137534],[2.390943,49.137344],[2.39123,49.137211],[2.39132,49.137131],[2.391554,49.137144],[2.391715,49.137096],[2.392041,49.137084],[2.392663,49.1369],[2.393444,49.136759],[2.393671,49.136678],[2.395039542205326,49.13650775073044],[2.395343,49.13647],[2.395627,49.136408],[2.396457,49.136327],[2.396456,49.136271],[2.396961,49.136282],[2.397269,49.136183],[2.397574,49.13612],[2.397901,49.136096],[2.398255,49.136106],[2.398513,49.136258],[2.39861,49.13635],[2.398787,49.136685],[2.398992,49.136663],[2.399111,49.137022],[2.399497,49.136951],[2.400737,49.136616],[2.401049,49.136589],[2.401601,49.136487],[2.401927,49.136358],[2.402257,49.136332],[2.40277,49.136167],[2.403151,49.136198],[2.403782,49.136177],[2.404021,49.136127],[2.404345,49.136141],[2.404581,49.136091],[2.404959,49.136072],[2.405249,49.135965],[2.405497,49.135926],[2.405823,49.135753],[2.406608,49.135599],[2.406868,49.135507],[2.40717,49.13548],[2.40755,49.135353],[2.407938,49.1353],[2.408107,49.135178],[2.408954,49.134878],[2.410193,49.134474],[2.411275,49.134091],[2.411727,49.135434],[2.411972,49.136008],[2.412748,49.135773],[2.413892,49.135303],[2.414816,49.135273],[2.416016,49.135255],[2.416869,49.13523],[2.417656,49.135145],[2.418122,49.135071],[2.419411,49.134731],[2.420743,49.134334],[2.421879,49.135571],[2.423562,49.137254],[2.426282,49.139979],[2.428296,49.141865],[2.432016,49.14179],[2.433233,49.141776],[2.434596,49.141746],[2.43764,49.141694],[2.438624,49.141669],[2.4389,49.141639],[2.438041,49.139633],[2.437561,49.138608],[2.436735,49.136629],[2.435923441997762,49.13492749936897],[2.43571,49.13448],[2.435477,49.134049],[2.435764,49.134118],[2.436567,49.134269],[2.437219,49.134376],[2.437555,49.134413],[2.438415,49.134281],[2.438948,49.134285],[2.440003,49.134161],[2.440305,49.134178],[2.440954,49.134443],[2.441996570863353,49.134889675840704],[2.442016,49.134898],[2.443132,49.135139],[2.444396,49.135351],[2.445036,49.135441],[2.446267,49.135671],[2.446886,49.135827],[2.447703,49.136006],[2.448579,49.136379],[2.448961,49.136579],[2.450227,49.137212],[2.451219,49.13757],[2.45155,49.137661],[2.451946,49.137806],[2.453744,49.138614],[2.453577,49.138814],[2.453859,49.139009],[2.45435,49.139297],[2.454799,49.139498],[2.45528,49.13974],[2.455923,49.139996],[2.456434,49.140284],[2.456961,49.140541],[2.45745,49.140617],[2.457942,49.140819],[2.458536,49.140806],[2.458584,49.140776],[2.458873,49.140902],[2.458933,49.14085],[2.462465,49.139257],[2.461138,49.136744],[2.461191,49.136755],[2.461286,49.136142],[2.464842,49.136248],[2.464797,49.136105],[2.465223,49.136113],[2.46662,49.136097],[2.467595,49.136102],[2.467628,49.136055],[2.467557,49.135013],[2.468843,49.134908],[2.46883,49.134731],[2.469503,49.134681],[2.469713,49.135288],[2.470105,49.1352],[2.470628,49.135044],[2.470812,49.1353],[2.471189,49.135264],[2.47154,49.135404],[2.471745,49.135083],[2.472502,49.134222],[2.472912688366497,49.13374044063221],[2.472954,49.133692],[2.474440828791009,49.131981776110095],[2.474558,49.131847],[2.474861,49.13151],[2.475304,49.130983],[2.477511,49.13098],[2.476158,49.129443],[2.475313,49.128462],[2.475346,49.128446],[2.47676,49.128121],[2.481410815516342,49.12703537948015],[2.483246,49.126607],[2.487289,49.125646],[2.487312,49.12565],[2.489568,49.12501],[2.494386,49.123596],[2.496531,49.122973],[2.497826,49.122588],[2.499083,49.12224],[2.49913,49.122164],[2.499816,49.121383],[2.502305,49.118519],[2.50297,49.117769],[2.503013,49.117666],[2.498272,49.115142],[2.491838,49.111726],[2.491218,49.11142],[2.491423,49.111083],[2.491366,49.110421],[2.491257,49.110113],[2.490953,49.108823],[2.490769,49.108221],[2.4904,49.107212],[2.490068,49.106246],[2.490277548215541,49.10622358011677],[2.491012,49.106145],[2.491652,49.106026],[2.493842,49.105515],[2.493908153659558,49.10550947183903],[2.494363875247158,49.10547138925511],[2.494919,49.105425],[2.495583,49.105382],[2.496651,49.105203],[2.497736666050498,49.10510277290161],[2.498009250492209,49.105077608305514],[2.49807,49.105072],[2.498297911641595,49.10503170759482],[2.498992,49.104909],[2.499061,49.104838],[2.499085,49.104479],[2.500067,49.104483],[2.502656,49.104092],[2.503784769577968,49.10391729869403],[2.503903,49.103899],[2.504651,49.103813],[2.505049,49.103755],[2.50537695793276,49.10374800275282],[2.505991446632256,49.1037348921405],[2.506127,49.103732],[2.506719969890267,49.10380094998724],[2.507073,49.103842],[2.507107151406343,49.103832151263326],[2.507267656720823,49.10378586401642],[2.507822,49.103626],[2.50786491507483,49.10361892608657],[2.508095,49.103581],[2.508295418642198,49.10356769659806],[2.508480251149303,49.10355542777364],[2.508788,49.103535],[2.509239444375667,49.10355719490539],[2.509805,49.103585],[2.510046,49.103723],[2.510387,49.104295],[2.511549958759501,49.104067078765205],[2.511564580048057,49.10406421322753],[2.511632,49.104051],[2.511811507203619,49.10400972061066],[2.512288904914386,49.10389993846503],[2.512867,49.103767],[2.51295627309639,49.10374784093365],[2.513330941793366,49.10366743258316],[2.513610558297054,49.10360742356182],[2.514106796801977,49.10350092488724],[2.514181,49.103485],[2.514563792011904,49.103406328022096],[2.514622922778561,49.10339417537987],[2.514833,49.103351],[2.515007291026162,49.10330554797713],[2.515465736638771,49.10318599345428],[2.515668821976719,49.103133032383205],[2.51583,49.103091],[2.516036690389612,49.103011198674515],[2.516247,49.10293],[2.516275699838356,49.10292366670234],[2.516492987576801,49.10287571702719],[2.516760078934532,49.10281677700632],[2.517108,49.10274],[2.517143999602723,49.10273146032151],[2.517234368460993,49.10271002339064],[2.517241142435003,49.10270841649624],[2.517812,49.102573],[2.517996389127587,49.10252794993454],[2.518566672136414,49.10238861803783],[2.518646071016645,49.1023692192544],[2.518791067082988,49.102333793725975],[2.519174217607945,49.102240182153224],[2.519198668891379,49.102234208200564],[2.519206674696636,49.102232252217284],[2.519284504245992,49.10221323685374],[2.519643712422594,49.10212547489032],[2.519972377611869,49.10204517520842],[2.520145,49.102003],[2.52022431169501,49.10198620064519],[2.520532782392017,49.10192086212625],[2.520683973837952,49.10188883760901],[2.520827051146175,49.10185853178254],[2.521030362533578,49.10181546751399],[2.52133,49.101752],[2.521660877242901,49.10168959196557],[2.521749642659611,49.10167284957757],[2.521984698100033,49.10162851486331],[2.522463369892558,49.10153823072819],[2.522808377288927,49.10147315755095],[2.52335,49.101371],[2.523776041762064,49.10128665915344],[2.524118987836729,49.10121876824499],[2.525118,49.101021],[2.525210561899682,49.10099587995643],[2.525457,49.100929],[2.525583001563525,49.10092395231832],[2.52678,49.100876],[2.526986,49.100848],[2.527163050399583,49.100794657892436],[2.527298,49.100754],[2.528213,49.100401],[2.529788,49.099919],[2.531263,49.099458],[2.531102,49.097546],[2.530926,49.095842],[2.529878,49.096179],[2.528307,49.09649],[2.527231518037577,49.09708939778457],[2.52624,49.097642],[2.524739,49.098022],[2.524567,49.098067],[2.524513532391995,49.09805993824045],[2.524355,49.098039],[2.5239765407821,49.098060381876714],[2.523631010404274,49.09807990336699],[2.523341001362424,49.09809628805862],[2.523018277461239,49.098114521047385],[2.522939,49.098119],[2.522376482376604,49.09816202176188],[2.522248795838668,49.098171787322286],[2.521472324680377,49.098231172408],[2.5212,49.098252],[2.521161500253228,49.09825849784756],[2.520963,49.098292],[2.520774,49.098402],[2.520407027891263,49.098225447520036],[2.52034799655279,49.09819704718945],[2.520131419746944,49.0980928507907],[2.519690723590152,49.09788082922955],[2.519689,49.09788],[2.519510280525386,49.09780257807456],[2.519262112517581,49.09769507079231],[2.519101277527439,49.097625396490486],[2.518986794490028,49.09757580202292],[2.518918,49.097546],[2.518872100062104,49.09753039738375],[2.518749414031677,49.09748869312139],[2.518561271806415,49.09742473854811],[2.518390651832286,49.09736674025655],[2.517654702535401,49.0971165714113],[2.517553,49.097082],[2.516808,49.096814],[2.516730098696633,49.09678832757774],[2.516472415573241,49.096703407946514],[2.516106397236569,49.09658278637937],[2.515844012595873,49.09649631736024],[2.51560423394683,49.09641729815951],[2.515366952905574,49.09633910204696],[2.515066726910826,49.09624016238641],[2.514803921938733,49.09615355484681],[2.514605,49.096088],[2.514554268606122,49.096072396899025],[2.514214236875024,49.09596781571114],[2.514050024647355,49.095917310101626],[2.51401,49.095905],[2.513887586696205,49.095880309663514],[2.513717400043373,49.095845983609124],[2.513498213000169,49.09580177434688],[2.513365978674371,49.095775103144504],[2.513233975281245,49.09574847852044],[2.513098417707721,49.09572113703059],[2.512953809528938,49.09569197006522],[2.512782735827555,49.09565746509623],[2.512617644363163,49.09562416672358],[2.512461277237595,49.09559262801965],[2.512262593343303,49.095552554171036],[2.51209070139721,49.09551788416494],[2.511974137186835,49.095494373570205],[2.511888,49.095477],[2.511745039634217,49.095449843773316],[2.511556737969982,49.09541407467989],[2.511120332636483,49.095331176723526],[2.510848645051768,49.09527956794651],[2.510571417329535,49.09522690678531],[2.510514,49.095216],[2.510225985384616,49.09517627384615],[2.509992,49.095144],[2.509888797337747,49.09513471431944],[2.509590218347528,49.09510784961398],[2.50934414063428,49.09508570872161],[2.509042542408123,49.09505857235978],[2.50873702585049,49.09503108344528],[2.508390071444055,49.09499986615189],[2.508105266379883,49.09497424075823],[2.507937188210924,49.094959117890745],[2.507776486771169,49.09494465874597],[2.507592782679641,49.09492812993292],[2.507316243032879,49.094903248221875],[2.507169,49.09489],[2.507007427977837,49.09487950831025],[2.506834218889888,49.09486826096688],[2.506784,49.094865],[2.506760658156266,49.09486308106136],[2.506679601438851,49.09485641736896],[2.506549498436985,49.09484572156962],[2.506356127146824,49.094829824468945],[2.506101292981721,49.09480887449041],[2.505906687434207,49.09479287592114],[2.505698889144003,49.09477579277329],[2.505496189844895,49.094759128814744],[2.505119894215765,49.09472819345979],[2.504730733296153,49.09469620044618],[2.50459828908683,49.0946853121756],[2.504558,49.094682],[2.504480471602432,49.09467452738337],[2.504138535098974,49.09464156964809],[2.503836234353851,49.094612432226874],[2.503399870325241,49.094570373043396],[2.503396,49.09457],[2.50306202908452,49.09453109076713],[2.502881,49.09451],[2.502597263942258,49.094473052971864],[2.502175606703358,49.09441814637314],[2.501962824390842,49.094390438671304],[2.501751047891295,49.09436286194261],[2.501460741053367,49.09432505929252],[2.500892,49.094251],[2.500885799676729,49.094250125107756],[2.500736691524213,49.0942290853071],[2.500403,49.094182],[2.500294421195408,49.094175984553765],[2.500042,49.094162],[2.499868189094008,49.09416902683805],[2.499771025750628,49.0941729549637],[2.499623557244955,49.09417891682957],[2.499493596658267,49.094184170884205],[2.499201,49.094196],[2.499357,49.093588],[2.49896,49.093566],[2.498739102126848,49.0935902228437],[2.498349,49.093633],[2.497242,49.094141],[2.497093,49.093864],[2.497063474344046,49.0938706874349],[2.496859,49.093917],[2.496569,49.094085],[2.496301,49.094162],[2.496019,49.094281],[2.495706,49.094491],[2.49555,49.094514],[2.495339,49.094424],[2.495136,49.094399],[2.495053501954335,49.0943981892084],[2.49460574484154,49.094393788647096],[2.494322,49.094391],[2.49385680715433,49.09444734536683],[2.493645,49.094473],[2.493499,49.094638],[2.493382903369431,49.09466063255614],[2.493035788614345,49.094728301136556],[2.492945,49.094746],[2.492782888831977,49.09483794364753],[2.492677,49.094898],[2.492505088381264,49.0949169185035],[2.492468,49.094921],[2.49237078381122,49.09499156013702],[2.492282,49.095056],[2.492133,49.095087],[2.49191,49.095203],[2.491908921291503,49.095203166629766],[2.491664,49.095241],[2.49136132774517,49.09521127326069],[2.490969003661018,49.09517274143099],[2.490854833161606,49.095161528256945],[2.490656,49.095142],[2.490400246822028,49.0950880912419],[2.490280365123453,49.095062822060335],[2.490044,49.095013],[2.489963,49.094933],[2.489898953216083,49.09494077266795],[2.489757,49.094958],[2.489623296569337,49.094935957785836],[2.48949750885739,49.094915220549154],[2.489296,49.094882],[2.488543,49.094613],[2.488431331195208,49.09458402931951],[2.487965433940958,49.094463159748834],[2.487907,49.094448],[2.487666,49.094308],[2.487811,49.094046],[2.488052,49.093783],[2.488173,49.093711],[2.488507,49.093603],[2.488953,49.093569],[2.48797,49.091411],[2.488174,49.091355],[2.487716,49.090634],[2.487592,49.090375],[2.487075,49.089919],[2.486736,49.089584],[2.486496,49.0894],[2.486751,49.089385],[2.48711,49.089401],[2.487213751608178,49.08940136404073],[2.48768,49.089403],[2.488408,49.089484],[2.488556,49.089105],[2.489706,49.089017],[2.490059,49.088223],[2.489844,49.087535],[2.489591,49.087082],[2.489315,49.086691],[2.488931,49.086414],[2.486898,49.085151],[2.486694,49.085262],[2.485354986286543,49.084008696101534],[2.485038,49.083712],[2.484741,49.083581],[2.484318,49.082456],[2.484801263227642,49.08240222940444],[2.485756,49.082296],[2.486542,49.082219],[2.487289,49.082101],[2.486414,49.079983],[2.485908,49.078822],[2.485711,49.078423],[2.48847,49.07772],[2.490541,49.077205],[2.491501,49.076948],[2.491541,49.076917],[2.490765,49.073747],[2.493525142419827,49.073742694965034],[2.495253,49.07374],[2.495833,49.074042],[2.496247,49.074102],[2.496359,49.073976],[2.497376,49.072996],[2.498964,49.073045],[2.499038,49.072865],[2.499058,49.072236],[2.498993,49.071759],[2.498921,49.071533],[2.498937,49.07118],[2.499001,49.070939],[2.49925,49.069122],[2.499415800867126,49.06821659722559],[2.499556,49.067451],[2.499583,49.0672],[2.499844,49.067104],[2.501189,49.066806],[2.502541,49.066457],[2.502664724271834,49.06642665697516],[2.502702276615928,49.06641744736986],[2.503258966514191,49.06628092075983],[2.503334944798693,49.06626228730222],[2.503435298000796,49.06623767596559],[2.503619,49.066192623574146],[2.504119,49.06607],[2.504620979613314,49.06594380623882],[2.505173891333158,49.065804808543135],[2.505376,49.065754],[2.506199668791965,49.06556452156991],[2.506328,49.065535],[2.507171,49.065325],[2.507118,49.065139],[2.507042,49.064665],[2.507003,49.064424],[2.506931,49.063627],[2.506854,49.063096],[2.506755,49.062204],[2.506725489737065,49.06188406556403],[2.506673300130546,49.06131825385433],[2.506673,49.061315],[2.506662330367638,49.06108478216326],[2.506647,49.060754],[2.506337483533615,49.06074840070714],[2.506287604774841,49.060747498377836],[2.505652,49.060736],[2.505645564954631,49.06056531042158],[2.5056380566335,49.06036615220358],[2.50563215974523,49.06020973724222],[2.505623229735642,49.05997286873791],[2.505619537631646,49.05987493567941],[2.505614725499169,49.059747293865456],[2.505612,49.059675],[2.505595,49.059658],[2.505224587553409,49.0596297609327],[2.504825992057887,49.059599373279354],[2.504438914481815,49.059569863715566],[2.504362,49.059564],[2.503972582793305,49.059527292640354],[2.503874,49.059518],[2.50387044532636,49.059439235915654],[2.503862076677902,49.05925380428403],[2.503855,49.059097],[2.503857173913044,49.05903341304348],[2.503862291653443,49.05888371913678],[2.503867072461733,49.05874388049431],[2.503869427310574,49.0586750011657],[2.503873322908972,49.05856105491259],[2.503878560784313,49.058407847058824],[2.503879,49.058395],[2.503905347054862,49.05826451934735],[2.503921,49.058187],[2.503958295574644,49.058125367482575],[2.504132356424752,49.057837724552314],[2.504157,49.057797],[2.503593955826786,49.05746019721275],[2.503424359339658,49.057358747677725],[2.50323076497171,49.05724294304672],[2.503057,49.057139],[2.502989151810865,49.05709748605019],[2.502620768633566,49.05687208518203],[2.502395230888684,49.05673408647136],[2.501796376884739,49.05636766851118],[2.501167596261501,49.05598293949233],[2.501068,49.055922],[2.500968069629792,49.055857915620656],[2.50074587150036,49.05571542211055],[2.500623652845381,49.055637044469876],[2.500478782304138,49.05554414039375],[2.500293,49.055425],[2.500288473433954,49.05542182877204],[2.500077577668451,49.05527407912238],[2.499902853658534,49.0551516707317],[2.499727471404498,49.055028801187454],[2.499605,49.054943],[2.49953,49.055006],[2.499433453157252,49.054969109468004],[2.498949,49.054784],[2.499021,49.054542],[2.498914618625911,49.054511968271],[2.498312542020774,49.05434200053372],[2.498138318542095,49.05429281680827],[2.497957703084849,49.05424182861121],[2.497782208034798,49.05419228591796],[2.4976013538738,49.05414123033424],[2.497447627736092,49.0540978330596],[2.497388,49.054081],[2.497064861670043,49.05405433842162],[2.496782,49.054031],[2.496617930160358,49.05402284022112],[2.496368103306188,49.05401041543974],[2.496219,49.054003],[2.495758326719375,49.053935758868974],[2.495736541676672,49.05393257906461],[2.495575,49.053909],[2.495121,49.053787],[2.495004251252219,49.053781682730296],[2.494616,49.053764],[2.494527789700477,49.053773022714154],[2.494282977410661,49.05379806368242],[2.49395815134136,49.053831288972304],[2.493785,49.053849],[2.493727,49.05362],[2.493673190111758,49.05353039097123],[2.493485,49.053217],[2.493009,49.052681],[2.492708,49.052364],[2.492536,49.052132],[2.492325,49.051631],[2.492119,49.051204],[2.491977,49.051258],[2.49066,49.051571],[2.490152,49.0517],[2.489903,49.05171],[2.489343285244695,49.05246613830529],[2.488994,49.052938],[2.488648,49.053385],[2.484444329094514,49.05379026296472],[2.481885,49.054037],[2.482153,49.052279],[2.482316,49.05225],[2.482344,49.050564],[2.482159,49.050606],[2.478606,49.04531],[2.475217,49.043597],[2.474118,49.042216],[2.474277,49.04188],[2.474127,49.041688],[2.474002,49.041629],[2.473909,49.041596],[2.473672,49.041669],[2.473057,49.042024],[2.472708,49.042307],[2.472014,49.042744],[2.471641,49.042352],[2.471216,49.042001],[2.470989,49.041963],[2.470617,49.042015],[2.470163,49.042141],[2.469921,49.042082],[2.469235,49.042289],[2.468714,49.042564],[2.468961,49.04274],[2.468705,49.042904],[2.46825,49.043306],[2.467966,49.04347],[2.467734,49.043546],[2.4674,49.043419],[2.467103,49.043498],[2.465992,49.043878],[2.465609,49.044072],[2.465085,49.04431],[2.46457,49.044517],[2.464476,49.04448],[2.464038,49.044785],[2.463861,49.044846],[2.463209,49.044876],[2.462652,49.044853],[2.461199,49.044752],[2.460801,49.044796],[2.460304,49.044759],[2.460058,49.044702],[2.459673,49.044534],[2.459816,49.044424],[2.459901,49.044292],[2.461197,49.043346],[2.461507,49.043082],[2.46124,49.042909],[2.460809,49.042597],[2.460273,49.04223],[2.459105,49.041446],[2.458358,49.040918],[2.45798,49.040668],[2.458552,49.040307],[2.459347,49.039836],[2.459583,49.039672],[2.459706,49.039538],[2.45774,49.038821],[2.45737,49.038698],[2.456417,49.038412],[2.455998,49.038271],[2.45567,49.038595],[2.45464,49.038126],[2.453851,49.038831],[2.453665,49.039015],[2.453299,49.038894],[2.452468,49.038584],[2.452209,49.038515],[2.450598,49.038407],[2.449817,49.038371],[2.449485,49.038338],[2.448856,49.038313],[2.448344,49.038272],[2.447186,49.037996],[2.446759,49.037876],[2.447092,49.037412],[2.446439,49.037129],[2.444068,49.036015],[2.441944,49.034991],[2.441056,49.034549],[2.441019,49.032108],[2.441019,49.031113],[2.440991,49.028937],[2.440452,49.028902],[2.438787,49.028866],[2.438073,49.02889],[2.437518,49.028894],[2.436987,49.028879],[2.436191,49.028816],[2.435125,49.028719],[2.43496,49.028731],[2.434842,49.028856],[2.434731,49.029165],[2.434569,49.02947],[2.434422,49.029644],[2.434251,49.029772],[2.435038,49.030723],[2.436062,49.033536],[2.435829,49.0337],[2.434927,49.03424],[2.434482,49.034519],[2.434153,49.033943],[2.433584,49.034229],[2.432559,49.032598],[2.429948,49.029746],[2.428342,49.02803],[2.423694,49.029244],[2.42361,49.028838],[2.423598,49.028655],[2.423446,49.02809],[2.423306,49.027803],[2.423077,49.027469],[2.422927,49.027309],[2.422548,49.026977],[2.421984,49.026617],[2.421744,49.026446],[2.421326,49.026097],[2.421079,49.025787],[2.420717,49.025254],[2.420506,49.025508],[2.420152,49.025886],[2.419644,49.026351],[2.419242,49.02667],[2.41895,49.026974],[2.418662,49.027224],[2.418363,49.027405],[2.418008,49.027567],[2.41777,49.027706],[2.417573,49.027886],[2.417192,49.028321],[2.416918,49.028601],[2.416474,49.028018],[2.416174,49.027724],[2.415336,49.027016],[2.415,49.026744],[2.414726,49.026553],[2.414484,49.02643],[2.414008,49.026143],[2.413559,49.025807],[2.413284,49.025522],[2.412925,49.024983],[2.412806,49.024728],[2.412642,49.02408],[2.41237,49.024202],[2.411258,49.024603],[2.410756,49.024118],[2.41002,49.024148],[2.409781,49.024154],[2.409296,49.023914],[2.409077,49.023776],[2.408846,49.023558],[2.408285,49.023351],[2.407582587582934,49.023027192857384],[2.407439,49.022961],[2.406772,49.022591],[2.405925,49.022031],[2.405693,49.02186],[2.405363,49.021656],[2.404882,49.021406],[2.404369,49.021175],[2.403336,49.020746],[2.402569461676527,49.02035391600014],[2.402249,49.02019],[2.401831,49.019958],[2.401196,49.019585],[2.400429704160552,49.01909584979646],[2.399902,49.018759],[2.398647,49.017873],[2.397442,49.017204],[2.396831,49.016749],[2.396299,49.016208],[2.394417,49.016563],[2.394234,49.016354],[2.393824,49.015954],[2.393379,49.015473],[2.393327,49.015243],[2.393271,49.015196],[2.393142,49.014895],[2.393096,49.014663],[2.393094,49.01439],[2.393133,49.014285],[2.393314,49.01415],[2.392928475003203,49.01411056216108],[2.392356,49.014052],[2.391968,49.01405],[2.390953,49.014105],[2.390544,49.014158],[2.389944,49.014161],[2.388408,49.014101],[2.38774,49.01404],[2.387262,49.014017],[2.385479032303923,49.01410859080631],[2.385218,49.014122],[2.384982,49.013388],[2.384199,49.013498],[2.384069,49.01353],[2.383778596854462,49.01357444471218],[2.382821,49.013721],[2.382867,49.013886],[2.382799,49.014118],[2.382792206310195,49.01411926540326],[2.382042,49.014259],[2.381997,49.014361],[2.381092,49.014297],[2.381045,49.014206],[2.380360501371283,49.0139306999613],[2.379859,49.013729],[2.379757015225977,49.01368696047483],[2.379728,49.013675],[2.378551,49.013437],[2.378435961370633,49.0133826762028],[2.378119,49.013233],[2.377814,49.013035],[2.377044,49.012679],[2.376883,49.01265],[2.376401,49.012647],[2.375382337225388,49.01268572602284],[2.374586,49.012716],[2.374285,49.012611],[2.374242419415111,49.01261341501825],[2.37395,49.01263],[2.37328,49.012544],[2.372717,49.012232],[2.372524,49.012174],[2.37175,49.012173],[2.371353,49.012246],[2.370451,49.011961],[2.370108,49.011895],[2.369785,49.011923],[2.369436,49.012066],[2.369258,49.01219],[2.369018,49.012234],[2.368016,49.012259],[2.36788,49.012505],[2.367788,49.012587],[2.367452573372292,49.0124457261968],[2.367363,49.012408],[2.367135521826532,49.01226919273568],[2.366814,49.012073],[2.366636907732886,49.01198047832575],[2.366569,49.011945],[2.366515904102527,49.011912286404815],[2.366211961248964,49.011725020270475],[2.366048,49.011624],[2.365921659333084,49.01157883993182],[2.365866911009431,49.01155927031826],[2.365813,49.01154],[2.365468835836349,49.01147209021292],[2.365291,49.011437],[2.365129980537371,49.01138042559421],[2.365106,49.011372],[2.36445,49.010789],[2.364092,49.01043],[2.363374,49.009561],[2.363048,49.009857],[2.362633,49.010131],[2.362242,49.010429],[2.362084,49.010603],[2.361739,49.011123],[2.361725272566372,49.01117173238938],[2.361699,49.011265],[2.361662,49.011844],[2.361705,49.012247],[2.36192,49.012951],[2.362111,49.013348],[2.362307,49.013646],[2.362501,49.014055],[2.362586,49.014402],[2.36258,49.014841],[2.362367,49.015337],[2.362074,49.016266],[2.362289,49.01712],[2.362295819231324,49.01714255351277],[2.362507,49.017841],[2.362757,49.018401],[2.362987,49.019118],[2.363265,49.019657],[2.363392627136113,49.01982189053352],[2.363402,49.019834],[2.363578301208105,49.019975562053794],[2.363605,49.019997],[2.363539,49.020058],[2.363696739756127,49.020315630390606],[2.363792928709069,49.02047273217728],[2.363925854227872,49.020689834410554],[2.364008,49.020824],[2.36402821221391,49.020990434948914],[2.364063611120003,49.02128192281628],[2.364072,49.021351],[2.364066122943163,49.021376276122496],[2.364029693700219,49.02153295148443],[2.363949,49.02188],[2.362981902015003,49.02225379494271],[2.362598959197226,49.02240180692377],[2.36257,49.022413],[2.362409,49.022493],[2.362149386542104,49.02268870860672],[2.362149,49.022689],[2.36182443559726,49.02287216621548],[2.361599374197696,49.022999178433885],[2.361485666796764,49.023063348608204],[2.361302,49.023167],[2.361294812459116,49.02317132284775],[2.361143996466494,49.02326202905516],[2.360845387544171,49.02344162329031],[2.360745,49.023502],[2.360537673833583,49.02360406826654],[2.360244453094509,49.02374842309194],[2.360225,49.023758],[2.360117305458291,49.02378839051451],[2.35986,49.023861],[2.359646,49.023894],[2.35956962604087,49.02399804568345],[2.359508,49.024082],[2.359189,49.024271],[2.359128615066485,49.02443596463721],[2.35905594338677,49.02463449524049],[2.359051,49.024648],[2.358966,49.024786],[2.358834,49.024892],[2.358508519167218,49.024952300349305],[2.357972492462509,49.02505160757195],[2.357911,49.025063],[2.357979633911977,49.025086669507594],[2.358598402090159,49.02530006165832],[2.358807,49.025372],[2.358639408829845,49.025458718686885],[2.358463,49.02555],[2.358139057893969,49.0256435265923]]]}},{"type":"Feature","properties":{"code_canton":"17","nom":"Saint-Ouen-l'Aumône","method":"Union de contours BV reconstitués, non opposables"},"geometry":{"type":"Polygon","coordinates":[[[2.12384840628898,49.02769426691807],[2.122822732676595,49.02885238772538],[2.12239,49.029341],[2.122132595656141,49.02915117216329],[2.121773217747193,49.02888614193887],[2.121387290950755,49.028601532721325],[2.119118,49.026928],[2.116082,49.024614],[2.116116,49.023945],[2.11606,49.023163],[2.11435010741107,49.024896192224205],[2.113785,49.025469],[2.11033,49.027521],[2.109163,49.028259],[2.108872,49.028408],[2.108654,49.028449],[2.108359,49.02842],[2.107637,49.02884],[2.107277,49.028998],[2.107139,49.030117],[2.107277,49.030395],[2.107234,49.030613],[2.105681638629098,49.031237487741215],[2.105183491641319,49.031437883533734],[2.104635624736975,49.03165828077628],[2.10443,49.031741],[2.104156952733111,49.03231960016079],[2.104112417167614,49.03241397314482],[2.103716,49.033254],[2.102963193572899,49.03354249614831],[2.100723,49.034401],[2.100627,49.034431],[2.098911167009661,49.03511364323271],[2.098674,49.035208],[2.097701,49.035622],[2.096549,49.035833],[2.096076,49.035886],[2.095569,49.036032],[2.096448,49.037493],[2.096639,49.037722],[2.096825144386248,49.037896920974724],[2.097319,49.038361],[2.097482861126681,49.03860639967776],[2.097528,49.038674],[2.097853,49.039079],[2.098065755787533,49.039313179113364],[2.098141,49.039396],[2.0983,49.039666],[2.098302762446487,49.03972286035685],[2.09830575267426,49.03978440921185],[2.098315648205481,49.03998809222948],[2.098319057293279,49.04005826262001],[2.098324,49.04016],[2.098324922297417,49.04017092815196],[2.098337954970423,49.04032535017281],[2.098356874557848,49.04054952528427],[2.098397207816414,49.04102742749914],[2.09841,49.041179],[2.098353,49.041579],[2.098352750456395,49.04159807226118],[2.098346,49.042114],[2.098371632565535,49.04231449582083],[2.098419,49.042685],[2.098537073037789,49.04292770568879],[2.098635,49.043129],[2.099123008913586,49.0438883988313],[2.099895752664246,49.04509087830412],[2.100166683236691,49.04551247789862],[2.100282658467409,49.04569294889457],[2.100417,49.045902],[2.100654107744546,49.046251564560535],[2.100767,49.046418],[2.101505558416458,49.046869719769475],[2.10187570090798,49.04709610765867],[2.101904407618167,49.04711366536056],[2.102431526066837,49.047436063452324],[2.102851047039617,49.04769265238678],[2.102935,49.047744],[2.103004844594217,49.047869908720436],[2.103145741906298,49.048123904043564],[2.103261994903728,49.04833347310638],[2.103504033502764,49.04876979563989],[2.103528,49.048813],[2.103575107846587,49.04883293969916],[2.1037885787803,49.04892329717684],[2.104004818891151,49.049014826785346],[2.104245519078447,49.04911670979782],[2.104635021240446,49.049281577362216],[2.104970169029039,49.04942343793453],[2.105163019968903,49.04950506742943],[2.105356429348297,49.04958693329931],[2.105565598256696,49.04967546982577],[2.105802227816606,49.0497756298326],[2.106158563146593,49.0499264586179],[2.106254125645308,49.049966908088905],[2.106606277121964,49.050115965942545],[2.10736,49.050435],[2.107456632133758,49.05048315842881],[2.108586,49.051046],[2.108779783748189,49.051156456736464],[2.10890161405105,49.0512259000091],[2.109286,49.051445],[2.109868,49.051822],[2.110003,49.051932],[2.110295,49.052386],[2.11045,49.052574],[2.110897,49.052938],[2.111362,49.053252],[2.111893,49.053577],[2.111937474176032,49.053606819849826],[2.112415,49.053927],[2.112473719332001,49.05396534418454],[2.113562,49.054676],[2.113591053864569,49.054698242012904],[2.114334,49.055267],[2.114609040512579,49.05547215031912],[2.115125,49.055857],[2.115748,49.056388],[2.116474,49.057027],[2.117112,49.057723],[2.117473970535204,49.05813589181389],[2.117641367319595,49.05832683763744],[2.117702,49.058396],[2.117721684260491,49.05841414955544],[2.11784327294981,49.05852625844864],[2.117997,49.058668],[2.118094536279368,49.05875041553613],[2.118478469007542,49.05907482837859],[2.118622442166851,49.05919648183093],[2.118951208600694,49.05947428063651],[2.1193,49.059769],[2.11969,49.060083],[2.12042865288148,49.06056173880158],[2.120463,49.060584],[2.12098,49.060861],[2.121503,49.061179],[2.122491,49.061741],[2.123115,49.062038],[2.123724,49.062373],[2.124413,49.062724],[2.124708744554928,49.0628809407901],[2.124884540621657,49.062974229316126],[2.125212,49.063148],[2.126002,49.063529],[2.126588962116132,49.06380287664043],[2.127005,49.063997],[2.126932913461575,49.064061346153814],[2.126444915510155,49.06449694469869],[2.126031174792077,49.064866259475984],[2.125934,49.064953],[2.125845,49.064898],[2.125581908572829,49.06509833924973],[2.125490002228419,49.06516832422903],[2.12517,49.065412],[2.125034,49.065344],[2.124828,49.065541],[2.124224174359086,49.06524398806147],[2.121563,49.063935],[2.120383,49.064699],[2.120669,49.06494],[2.1208,49.065321],[2.120992,49.065621],[2.121441,49.065964],[2.122143,49.066414],[2.122529,49.066678],[2.122899,49.067025],[2.121858,49.067543],[2.122313,49.067964],[2.122153,49.06805],[2.122896851139711,49.06868440892657],[2.122989,49.068763],[2.123673813452536,49.069682297426624],[2.124128,49.070292],[2.123923,49.070449],[2.124269,49.070698],[2.123917,49.071112],[2.123567,49.071591],[2.123951,49.07162],[2.124586912479274,49.07203108894416],[2.125023,49.072313],[2.125367069902057,49.07241879521624],[2.126119,49.07265],[2.126004,49.072778],[2.125930931171029,49.072904795909096],[2.125834,49.073073],[2.125757,49.073136],[2.125412,49.07321],[2.125121,49.073339],[2.124966,49.073451],[2.124817,49.073758],[2.12481426175121,49.073818104560935],[2.124797,49.074197],[2.124866,49.074436],[2.125062,49.074904],[2.12515,49.075494],[2.125306,49.075917],[2.125451,49.076219],[2.125729,49.076993],[2.125864,49.077262],[2.126014,49.077494],[2.126688927082167,49.07781762434224],[2.126965,49.07795],[2.128322,49.078653],[2.12923,49.07905],[2.129384,49.079127],[2.130056,49.079384],[2.130147,49.079288],[2.131020066472229,49.07962703948694],[2.131244,49.079714],[2.131276,49.079865],[2.131549,49.079975],[2.13364,49.080758],[2.132609,49.081648],[2.132537,49.081671],[2.130677517079693,49.083127466091945],[2.130613,49.083178],[2.130668929201837,49.083215223468784],[2.131208,49.083574],[2.130609539120671,49.083822115860706],[2.129001,49.084489],[2.130382,49.086063],[2.129074,49.086781],[2.128523,49.086287],[2.126563,49.086961],[2.126464,49.086827],[2.12176,49.089007],[2.119681,49.089947],[2.118346,49.090566],[2.119891,49.092318],[2.119026,49.092842],[2.117135,49.093726],[2.113186,49.095928],[2.113344,49.095993],[2.112584,49.096689],[2.111936,49.097246],[2.11059,49.099136],[2.109664,49.100077],[2.110281,49.100545],[2.11004,49.100759],[2.111629,49.101786],[2.110543,49.102636],[2.111356,49.103072],[2.108537,49.104473],[2.108612,49.104544],[2.109431,49.105188],[2.109663,49.105421],[2.10969,49.105528],[2.10982,49.106457],[2.109956,49.107652],[2.110039,49.108306],[2.110232,49.109045],[2.110483,49.109358],[2.110707,49.109714],[2.110362,49.110639],[2.109587,49.111434],[2.108222,49.112262],[2.107698,49.112621],[2.107232,49.11289],[2.10572,49.113507],[2.104707,49.113976],[2.107649,49.116489],[2.109541,49.117796],[2.106869,49.11886],[2.105144,49.119663],[2.108491,49.123642],[2.11144,49.123235],[2.114261,49.122828],[2.115233,49.124244],[2.117694,49.127936],[2.11784,49.127986],[2.118813,49.128159],[2.121414,49.133149],[2.120563,49.133242],[2.120893,49.134218],[2.120699,49.134219],[2.120653,49.1343],[2.120874,49.134802],[2.121221,49.135489],[2.121431,49.13546],[2.121642,49.135958],[2.121785,49.136152],[2.122,49.136187],[2.123499,49.135972],[2.123957,49.135555],[2.124548,49.135428],[2.124883,49.135565],[2.125357,49.136452],[2.12646,49.137211],[2.126827,49.137174],[2.127776,49.137103],[2.127795,49.13733],[2.127907,49.137917],[2.128086,49.138763],[2.129211,49.138614],[2.129531,49.138598],[2.130116,49.138636],[2.130457,49.139978],[2.130862,49.141834],[2.130398,49.141866],[2.125505,49.142312],[2.126066,49.142807],[2.123002,49.144853],[2.121918,49.144158],[2.121969,49.144026],[2.12095,49.143153],[2.120852,49.142961],[2.12104,49.142689],[2.120476,49.142564],[2.120771,49.142017],[2.119637,49.141711],[2.119694,49.141495],[2.118131,49.141135],[2.117384,49.141065],[2.116091,49.140867],[2.115919,49.140916],[2.115822,49.141089],[2.115474,49.142465],[2.11516,49.142269],[2.114884,49.142196],[2.114638,49.142098],[2.113514,49.141939],[2.112521,49.142273],[2.111558,49.142526],[2.111287,49.142735],[2.112686,49.143236],[2.112003,49.143724],[2.113185,49.143642],[2.114225,49.143773],[2.115579,49.144137],[2.115378,49.144868],[2.115227,49.145199],[2.115092,49.145408],[2.114248,49.14647],[2.112305,49.14874],[2.112228,49.148851],[2.112215,49.149016],[2.112272,49.149548],[2.112763,49.149431],[2.113041,49.149621],[2.113602,49.150143],[2.114257,49.150348],[2.114733,49.150065],[2.114799,49.149909],[2.114924,49.149778],[2.115242,49.149585],[2.115433,49.149531],[2.115852,49.149472],[2.116674,49.149477],[2.117172,49.149449],[2.118204,49.14917],[2.118663,49.14907],[2.119157,49.148988],[2.120452,49.14883],[2.121104,49.148722],[2.121104,49.148804],[2.121638,49.150336],[2.121955,49.152367],[2.12203,49.152797],[2.122177,49.153483],[2.122444,49.153482],[2.125053,49.153534],[2.12561,49.153556],[2.127016,49.153655],[2.128672,49.15382],[2.129071,49.153873],[2.129481,49.153925],[2.130633,49.154051],[2.132687,49.154299],[2.133376,49.154369],[2.132934,49.154844],[2.130283,49.157535],[2.129892,49.157939],[2.128657,49.157298],[2.12692,49.160085],[2.128222,49.160326],[2.127837,49.160751],[2.125903,49.162814],[2.126428,49.165347],[2.126907,49.167877],[2.126832,49.16815],[2.126818,49.168804],[2.126864,49.169082],[2.126915,49.1692],[2.127186,49.169504],[2.127251,49.169701],[2.127279,49.170064],[2.127176,49.170435],[2.127105,49.17079],[2.126974,49.171183],[2.126935,49.171782],[2.127414,49.173051],[2.129011,49.175918],[2.134344,49.175073],[2.137502,49.174549],[2.138831,49.172664],[2.139069,49.17237],[2.139294,49.171926],[2.139386,49.171442],[2.139452,49.170839],[2.141107,49.169489],[2.142102,49.168666],[2.14294,49.168229],[2.145913,49.166897],[2.146323,49.166818],[2.14649,49.166916],[2.146978,49.166842],[2.148366,49.166454],[2.148919,49.166344],[2.150238,49.16742],[2.152783,49.169113],[2.153429,49.169518],[2.153895,49.170008],[2.154403,49.170446],[2.154694,49.170741],[2.155154,49.171096],[2.156316,49.171829],[2.158034,49.17263],[2.158118,49.172526],[2.158772,49.172147],[2.15913,49.171675],[2.159647,49.170871],[2.160438,49.16996],[2.161304,49.169226],[2.162032,49.16868],[2.162912,49.167403],[2.162472,49.167148],[2.162567,49.167065],[2.163829,49.166298],[2.164926,49.16596],[2.166294,49.165481],[2.168035,49.164851],[2.167889,49.16464],[2.16879,49.163947],[2.169216,49.164018],[2.169362,49.163918],[2.169821,49.164067],[2.1702,49.164254],[2.170553,49.164358],[2.170904,49.164624],[2.171052,49.164779],[2.171135,49.164969],[2.171068,49.165158],[2.171049,49.165688],[2.170836,49.16588],[2.170551,49.166258],[2.170429,49.166356],[2.170667,49.166558],[2.170894,49.166701],[2.171127,49.166961],[2.171163,49.167097],[2.171099,49.167188],[2.171244,49.167684],[2.171465,49.167858],[2.172238,49.168104],[2.173235,49.168473],[2.173637,49.168634],[2.173857,49.168766],[2.174271,49.168955],[2.174758,49.16928],[2.1751,49.169466],[2.175321,49.169535],[2.17593,49.169627],[2.176605,49.169699],[2.176815,49.169752],[2.17737,49.169969],[2.177894,49.170213],[2.178412,49.170385],[2.178734,49.170515],[2.179279,49.170824],[2.179502,49.170833],[2.179971,49.170779],[2.180904,49.170559],[2.18225,49.170381],[2.181876,49.170972],[2.181092,49.17159],[2.180867,49.172001],[2.180539,49.172259],[2.180188,49.172489],[2.179715,49.17271],[2.179867,49.173005],[2.179835,49.173214],[2.179367,49.173558],[2.178013,49.174283],[2.177247,49.174234],[2.176961,49.174326],[2.176201,49.174636],[2.175686,49.17478],[2.175379,49.174887],[2.174946,49.175004],[2.175224,49.175224],[2.175224,49.175268],[2.175758,49.175758],[2.176093,49.176032],[2.178097,49.17522],[2.178149,49.175203],[2.181953,49.173676],[2.182442,49.174414],[2.183317,49.174145],[2.183419,49.174189],[2.185616,49.173633],[2.185693,49.173655],[2.186106,49.173508],[2.186675,49.173448],[2.186825,49.173415],[2.187044,49.173187],[2.187848,49.171772],[2.188149,49.171188],[2.18851,49.170208],[2.188679,49.169925],[2.18909,49.169382],[2.190624,49.168591],[2.193039,49.168424],[2.194868,49.167455],[2.196209,49.167998],[2.197371,49.168703],[2.197938,49.168562],[2.198037,49.168518],[2.198103,49.168261],[2.19806,49.167987],[2.197451,49.16748],[2.196897,49.167059],[2.196696,49.166933],[2.195477,49.166412],[2.195074,49.166211],[2.194222,49.165722],[2.193656,49.165476],[2.192303,49.164971],[2.193876,49.16152],[2.194386,49.160995],[2.19516,49.160152],[2.195857,49.159443],[2.196489,49.15874],[2.198455,49.156646],[2.198089,49.156612],[2.195374,49.156194],[2.193247,49.155872],[2.192331,49.155741],[2.192696,49.154859],[2.19388,49.152145],[2.19412,49.151647],[2.194825,49.14997],[2.195385,49.148744],[2.195723,49.148027],[2.196394,49.146349],[2.197069,49.144767],[2.197445,49.143941],[2.197647,49.143552],[2.197376,49.143515],[2.194686,49.14298],[2.192701,49.142653],[2.190518,49.142247],[2.189928,49.14189],[2.190153,49.141715],[2.190073,49.141375],[2.189793,49.139733],[2.189607,49.139373],[2.189624,49.139163],[2.18971,49.138756],[2.189908,49.138311],[2.190032,49.137966],[2.19004,49.137865],[2.189828,49.137823],[2.18976,49.137705],[2.190069,49.136739],[2.190586,49.135992],[2.190785,49.135797],[2.191135,49.135559],[2.190799,49.135415],[2.193069,49.134693],[2.191432,49.132917],[2.194089,49.131278],[2.193628,49.130911],[2.193388,49.130752],[2.193317,49.130609],[2.193485,49.13049],[2.192865,49.130165],[2.192496,49.129923],[2.193096,49.129497],[2.193179,49.129468],[2.193157,49.129023],[2.193196,49.128895],[2.193655,49.128541],[2.193279,49.128171],[2.19281,49.127752],[2.192193,49.127255],[2.192525,49.127133],[2.192597,49.127214],[2.19349,49.12682],[2.1934,49.126736],[2.194587,49.1262],[2.195747,49.125723],[2.194176,49.124304],[2.195067,49.123844],[2.195199,49.12395],[2.196109,49.123469],[2.197568,49.121911],[2.196374,49.121228],[2.197786,49.119858],[2.197081,49.119495],[2.199434,49.118191],[2.199225,49.11794],[2.198818,49.117631],[2.197649,49.116652],[2.196391,49.115649],[2.195916,49.115261],[2.195716,49.115366],[2.195167,49.115719],[2.194925,49.11556],[2.194623,49.115723],[2.193259,49.114729],[2.192945,49.114927],[2.190876,49.114028],[2.189412,49.113366],[2.189164,49.113303],[2.188821,49.113255],[2.188431,49.113236],[2.188094,49.113126],[2.186272,49.112441],[2.185848,49.112244],[2.185449,49.112096],[2.185673,49.111978],[2.185477,49.111728],[2.185279,49.111384],[2.184748,49.110971],[2.185129,49.110685],[2.184295,49.110384],[2.183744,49.11035],[2.184185,49.11018],[2.1835,49.109767],[2.183347,49.10964],[2.183853,49.109475],[2.182448,49.109037],[2.182177,49.109159],[2.181488,49.108856],[2.181151,49.108727],[2.180905,49.108598],[2.181136,49.10834],[2.181345,49.108161],[2.18156,49.108053],[2.181888,49.107951],[2.18228,49.107802],[2.183307,49.107308],[2.183506,49.107132],[2.183627,49.106968],[2.184369,49.106912],[2.1853,49.106942],[2.185608,49.106941],[2.185615,49.106784],[2.185679,49.106704],[2.186081,49.106459],[2.186266,49.10628],[2.186293,49.106054],[2.186288,49.105667],[2.186359,49.105457],[2.186581,49.105061],[2.186688,49.104773],[2.186639,49.104503],[2.186503,49.104201],[2.186114,49.103676],[2.185636,49.102975],[2.18623,49.10289],[2.186474,49.102891],[2.186653,49.102989],[2.186924,49.103186],[2.18733,49.1034],[2.187445,49.103488],[2.187976,49.103732],[2.188552,49.104098],[2.188942,49.104482],[2.18901,49.104246],[2.189015,49.103972],[2.188896,49.103703],[2.188777,49.10329],[2.188586,49.101939],[2.188551,49.101627],[2.18867,49.101392],[2.188795,49.101254],[2.189791,49.100865],[2.190055,49.100727],[2.19053,49.100435],[2.191023,49.100177],[2.191231,49.100047],[2.191718,49.099645],[2.192634,49.09904],[2.192821,49.098887],[2.19337,49.098512],[2.193599,49.098407],[2.194184,49.097979],[2.194763,49.097597],[2.195198,49.097328],[2.196251,49.096589],[2.197194,49.095899],[2.197472,49.095714],[2.197977,49.09532],[2.198339,49.094805],[2.198478,49.09467],[2.19866,49.094622],[2.199115,49.094701],[2.199955,49.094795],[2.200092,49.094831],[2.2003,49.095093],[2.200383,49.095135],[2.200517,49.095365],[2.20071,49.0953],[2.200266,49.094786],[2.203001,49.094403],[2.203309,49.094384],[2.203198,49.093842],[2.203506,49.093889],[2.203655,49.093855],[2.203682,49.093637],[2.20426,49.09366],[2.204172,49.093489],[2.20419,49.093401],[2.204328,49.093333],[2.20448,49.093328],[2.204763,49.093501],[2.204974,49.093521],[2.205214,49.093475],[2.205294,49.093514],[2.205236,49.093715],[2.205352,49.093764],[2.20564,49.093651],[2.205862,49.093635],[2.205848,49.093493],[2.205967,49.093451],[2.206146,49.093483],[2.206274,49.093638],[2.206528,49.09365],[2.206653,49.093835],[2.206856,49.093732],[2.207014,49.093768],[2.207452,49.093948],[2.207632,49.093952],[2.207841,49.093881],[2.207945,49.093778],[2.207974,49.093577],[2.208233,49.0935],[2.208595,49.093626],[2.209246,49.093511],[2.208998,49.092683],[2.208893,49.092218],[2.208319,49.091054],[2.20792758737374,49.09026953429221],[2.207702504347395,49.08981842489071],[2.207126,49.088663],[2.206892918950495,49.08818692594914],[2.20662784994208,49.087645515667774],[2.20635,49.087078],[2.207526,49.086785],[2.207741021060037,49.08678157141818],[2.208132309145206,49.08677533220042],[2.208843,49.086764],[2.209223,49.086564],[2.210328329392902,49.0864157558226],[2.212198,49.086165],[2.21230457436697,49.08616762851578],[2.212644,49.086176],[2.213008,49.086231],[2.213699,49.087979],[2.214079,49.087913],[2.214298,49.088342],[2.213792,49.088564],[2.213704,49.088681],[2.21369,49.088802],[2.213977,49.089205],[2.214177,49.089562],[2.216784,49.088711],[2.217218,49.088646],[2.217738,49.088547],[2.218384,49.088488],[2.218973,49.088395],[2.220164,49.088264],[2.220362,49.088227],[2.220776,49.088208],[2.220701,49.087908],[2.222798,49.087472],[2.22513,49.086786],[2.225763349797613,49.0867114119542],[2.227083,49.086556],[2.228263888984401,49.086829069275105],[2.228389,49.086858],[2.229906,49.087748],[2.230542,49.087763],[2.231136,49.08776],[2.232074,49.087981],[2.23465,49.088709],[2.234865,49.088551],[2.235751,49.087712],[2.235853,49.087554],[2.235358772645063,49.085007071170885],[2.234601,49.081102],[2.234569,49.080744],[2.233903,49.077143],[2.233814,49.077053],[2.233782,49.076796],[2.233938,49.076635],[2.233839,49.076457],[2.233677,49.076379],[2.233408,49.076185],[2.232823,49.076384],[2.231873,49.076675],[2.230486,49.077179],[2.229974,49.07735],[2.229595,49.077419],[2.229358,49.077418],[2.226926,49.076795],[2.225057,49.076021],[2.224853,49.075534],[2.224665,49.075395],[2.2245,49.075481],[2.224308418731912,49.07547855428169],[2.22403,49.075475],[2.223885,49.075306],[2.223576851137036,49.074847737003054],[2.223068,49.074091],[2.222475,49.073276],[2.222049364039408,49.072570924778326],[2.222015,49.072514],[2.221983530757811,49.07247495057538],[2.221834596545961,49.07229014169936],[2.221741,49.072174],[2.221660353697339,49.072054354285825],[2.221538670860988,49.07187382735058],[2.221440970431602,49.07172888037516],[2.221330500274723,49.071564988412625],[2.221223768876082,49.071406643218936],[2.221028515953452,49.07111696874407],[2.220949,49.070999],[2.22094580465116,49.070994569767436],[2.220860389414939,49.070876144712855],[2.220572760131858,49.07047735738806],[2.220491,49.070364],[2.219206669435543,49.068400348977875],[2.219111498332814,49.0682548390614],[2.218538793144496,49.067379213144264],[2.218417,49.067193],[2.217993,49.066853],[2.217311,49.066361],[2.216927,49.066053],[2.216471,49.065652],[2.215901,49.065564],[2.214663,49.065775],[2.214556,49.065348],[2.214468,49.065272],[2.214356362180798,49.06528349175456],[2.210077,49.065724],[2.210088,49.065875],[2.209842290003016,49.06586366148763],[2.209243154733193,49.06583601384306],[2.209101756618205,49.065829488897826],[2.206209,49.065696],[2.205474963801026,49.065536344493886],[2.20345468719036,49.06509692708473],[2.202724,49.064938],[2.202824,49.064835],[2.202830505873514,49.064814548734745],[2.203263,49.063455],[2.204425,49.062457],[2.204515,49.06165],[2.204494,49.061531],[2.204013,49.061218],[2.203731,49.061004],[2.203796,49.060956],[2.20418,49.060821],[2.204555,49.060814],[2.204752,49.060835],[2.205623,49.060874],[2.206184437009389,49.06086367256337],[2.206221,49.060863],[2.206445,49.06069],[2.206507,49.060257],[2.206672,49.059858],[2.206866,49.05956],[2.207152,49.059195],[2.207446,49.059058],[2.207819,49.058819],[2.208016,49.058723],[2.209563022467605,49.05823836598445],[2.210292,49.05801],[2.210456171242389,49.05811394616582],[2.210859,49.058369],[2.211275,49.058575],[2.211678,49.058722],[2.211927539582693,49.058833474649646],[2.212166,49.05894],[2.212695,49.059251],[2.212906,49.058848],[2.213079,49.05859],[2.213402,49.058268],[2.214075,49.057725],[2.214562,49.057308],[2.215303,49.056651],[2.215969,49.056129],[2.216156158636368,49.0559704972314],[2.216387,49.055775],[2.216543,49.055589],[2.216718,49.05532],[2.216867,49.054935],[2.216962,49.054846],[2.217007983050569,49.0548193848104],[2.217189086427412,49.05471456138848],[2.21733,49.054633],[2.217773,49.05446],[2.218145,49.054369],[2.218322,49.054372],[2.218759,49.053774],[2.219474,49.053843],[2.219926,49.053865],[2.220916,49.053881],[2.221559,49.053928],[2.221732,49.053847],[2.222627,49.053662],[2.223128,49.053582],[2.223654,49.053439],[2.224023,49.053391],[2.224501,49.053226],[2.225077,49.053047],[2.226104,49.052797],[2.226362,49.052754],[2.226593,49.052753],[2.226878,49.052823],[2.227151,49.052842],[2.227855,49.052814],[2.228025,49.05276],[2.228912,49.052582],[2.229268,49.052565],[2.229737,49.052479],[2.23035,49.052263],[2.230707,49.052076],[2.230879,49.051957],[2.231104,49.051906],[2.229296167173981,49.05037396530353],[2.228836,49.049984],[2.225134,49.046753],[2.224985217888481,49.046623388430824],[2.223543,49.045367],[2.222674,49.045695],[2.221789,49.045991],[2.221655,49.04608],[2.221451,49.046082],[2.220824,49.046295],[2.219982,49.046342],[2.219559,49.046322],[2.218193,49.046295],[2.217842,49.046245],[2.217576,49.046285],[2.217152,49.046458],[2.21693,49.046607],[2.216582,49.0468],[2.216398,49.046855],[2.215266401345549,49.047007694006815],[2.214901,49.047057],[2.214686,49.047099],[2.214206,49.047278],[2.213929,49.047403],[2.213356,49.047016],[2.212655,49.047274],[2.212167,49.046798],[2.211399,49.047149],[2.210979,49.046897],[2.210965,49.046768],[2.209363,49.046783],[2.209405,49.046244],[2.2089360698017,49.046218339656534],[2.208854439800988,49.046213872778814],[2.208473,49.046193],[2.20836972606788,49.04617999901768],[2.207488,49.046069],[2.20747795710361,49.04606803433689],[2.206344,49.045959],[2.205961,49.045614],[2.205672,49.045499],[2.20562678522771,49.04548720734311],[2.205410813253963,49.04543087877489],[2.204886,49.045294],[2.204582,49.045239],[2.20413,49.045083],[2.203935,49.044986],[2.203243,49.045493],[2.20305,49.045687],[2.202843,49.04595],[2.202697647098242,49.04614516868499],[2.202514608172035,49.04639093926196],[2.202204,49.046808],[2.202109,49.046752],[2.201921577483274,49.046531471511656],[2.201779892164847,49.04636475915693],[2.201758,49.046339],[2.20138074972699,49.04598971945791],[2.201205,49.045827],[2.201190086524652,49.04581737620126],[2.201110769747852,49.045766192377336],[2.200837948243277,49.045590138225634],[2.200768,49.045545],[2.2006837962655,49.04548420307978],[2.2004130067381,49.04528868717552],[2.200214,49.045145],[2.200079,49.045158],[2.199817,49.04526],[2.199771316379011,49.04524633395953],[2.1997,49.045225],[2.199671133607961,49.04520389564652],[2.199206333868912,49.04486407839544],[2.199012,49.044722],[2.198914573607656,49.044639956722236],[2.19875027109783,49.044501596713964],[2.198591066627527,49.0443675297916],[2.198426252457439,49.04422873891153],[2.198347,49.044162],[2.198242225704397,49.04408161176852],[2.197492,49.043506],[2.197331,49.043295],[2.196918,49.04298],[2.196789,49.042844],[2.196625080176806,49.04293783533822],[2.196253641354158,49.04315046421294],[2.195947,49.043326],[2.195379,49.043633],[2.194571,49.044048],[2.19434,49.04406],[2.193591,49.043617],[2.192899,49.043256],[2.192444,49.042994],[2.191829,49.042537],[2.191671,49.04245],[2.191279,49.042143],[2.190877,49.041702],[2.190666,49.041509],[2.190472,49.041564],[2.189034,49.042043],[2.188959,49.042073],[2.189202,49.042366],[2.189526,49.042675],[2.189743,49.042971],[2.189877,49.043228],[2.190037,49.043419],[2.187555062934746,49.044154841651284],[2.187515295330261,49.044166631901795],[2.183136,49.045465],[2.182361,49.045037],[2.182099,49.044879],[2.181575,49.044618],[2.181133,49.044376],[2.180911,49.044217],[2.179964,49.043484],[2.179710037648334,49.04324710640109],[2.179473,49.043026],[2.179199,49.042704],[2.17899,49.042374],[2.178618,49.041938],[2.178201,49.04159],[2.1778,49.041312],[2.176914,49.040775],[2.175666,49.039992],[2.174559,49.039286],[2.174347,49.039139],[2.174134,49.038912],[2.173727,49.038642],[2.173447,49.03847],[2.173213,49.038287],[2.172356,49.037546],[2.171867,49.03707],[2.171334,49.03662],[2.170974,49.036293],[2.170716,49.036122],[2.170461,49.036047],[2.170349,49.035919],[2.170154,49.035784],[2.169826,49.035489],[2.169485,49.035154],[2.169299,49.034924],[2.168799,49.034101],[2.168702,49.033694],[2.168655,49.033193],[2.168665,49.033007],[2.16849,49.032325],[2.168313,49.031699],[2.168187,49.031456],[2.165977,49.032365],[2.16539,49.032583],[2.164567,49.032903],[2.163955,49.033196],[2.162852,49.033671],[2.161643,49.034157],[2.1608,49.034514],[2.160418,49.034647],[2.159579,49.034998],[2.158858,49.035286],[2.158247,49.035506],[2.157389,49.035776],[2.156694,49.035978],[2.156513,49.036004],[2.156029,49.036144],[2.155655,49.036217],[2.151733,49.033765],[2.149236,49.032472],[2.147364065741238,49.03172544561588],[2.145117605791905,49.03082952498403],[2.144810990357427,49.03070724232598],[2.144660591856695,49.03064726123447],[2.143163,49.03005],[2.142562138298952,49.029809156679164],[2.140753,49.029084],[2.139814,49.028749],[2.13971,49.028673],[2.138128,49.028041],[2.137967,49.027961],[2.137123,49.02764],[2.136691398139918,49.02746791082384],[2.135558,49.027016],[2.13490663594163,49.02662591597372],[2.129476801141364,49.023374137196974],[2.12864,49.022873],[2.128242,49.023292],[2.127928,49.023598],[2.127777,49.023685],[2.127345,49.024055],[2.125627,49.025686],[2.12384840628898,49.02769426691807]]]}},{"type":"Feature","properties":{"code_canton":"07","nom":"Domont","method":"Union de contours BV reconstitués, non opposables"},"geometry":{"type":"Polygon","coordinates":[[[2.239606181617612,48.99556672870904],[2.239315014570485,48.99566259576789],[2.238926313731555,48.99579057593106],[2.238575803338595,48.995905981849425],[2.238433,48.995953],[2.238239326973186,48.99602116424966],[2.238014213369086,48.99610039417736],[2.237893891567591,48.99614274207398],[2.237728188399004,48.996201062183594],[2.237717,48.996205],[2.237543916509945,48.99626084153475],[2.237178001460606,48.99637889587913],[2.237032,48.996426],[2.236960073976991,48.99644813750999],[2.236526338131608,48.99658163344381],[2.23620740813704,48.99667979424353],[2.236171,48.996691],[2.236159455923026,48.99669439001675],[2.235344732871229,48.99693364039586],[2.235176150250083,48.99698314612168],[2.235146,48.996992],[2.23505601385894,48.9970199026794],[2.234622697036709,48.99715426448474],[2.234372,48.997232],[2.234202616742692,48.99728149510765],[2.233970055631154,48.997349451276605],[2.233602,48.997457],[2.233271560559238,48.99755032126302],[2.232213245083277,48.99784920609548],[2.231633720948758,48.99801287276935],[2.231504979994378,48.998049231227164],[2.23135,48.998093],[2.231255001808717,48.998120354962694],[2.231024226583591,48.99818680725605],[2.230731927941474,48.998270975368555],[2.2305928998372,48.99831100885293],[2.230302376373542,48.998394665798436],[2.230297498355905,48.998396070435604],[2.229698792621544,48.998568469223514],[2.229499,48.998626],[2.229222309236827,48.998714357067854],[2.229083749725826,48.99875860398082],[2.228933076302384,48.99880671929101],[2.228650421560317,48.99889698086656],[2.228356,48.998991],[2.228271423614023,48.99902380148809],[2.227946510567826,48.999149813391945],[2.227821896981613,48.99919814261549],[2.227668213144033,48.99925774623311],[2.227567,48.999297],[2.22745870173593,48.999342124276694],[2.227306414814815,48.999405577160495],[2.227213521739125,48.99944428260869],[2.226870968503939,48.99958701312335],[2.226559,48.999717],[2.226328389703379,48.9998261555404],[2.226259,48.999859],[2.225824401859859,49.00002152533753],[2.225775,49.00004],[2.225610478902071,49.00009388586594],[2.225143,49.000247],[2.223729414607447,49.00070045602004],[2.222652964631847,49.00104576428672],[2.222593,49.001065],[2.220986,49.001587],[2.217758,49.002645],[2.217157,49.002829],[2.217191,49.002968],[2.217302,49.00316],[2.217554,49.003696],[2.217957,49.004407],[2.219002,49.006418],[2.219306,49.006959],[2.219412,49.007105],[2.219861,49.007941],[2.221232932702303,49.00925173124347],[2.223896,49.011796],[2.225012,49.01287],[2.226422597178238,49.014184420097905],[2.226552,49.014305],[2.226576390521674,49.0140579677933],[2.226591,49.01391],[2.22654,49.013646],[2.227525,49.013054],[2.227566,49.012912],[2.227802338357716,49.013049966239215],[2.227896604155032,49.013104995383316],[2.228280608296811,49.01332916385007],[2.22837821496974,49.01338614328293],[2.228754513415896,49.013605813428484],[2.229185521192265,49.013857421007344],[2.229370296173705,49.013965286313415],[2.229795015940361,49.01421322316756],[2.229842189310152,49.01424076136527],[2.230264,49.014487],[2.230336,49.014577],[2.230557319248923,49.01470074362816],[2.230773858238331,49.014821814526044],[2.230835,49.014856],[2.231115622575798,49.01498825716563],[2.231137468416609,49.01499855309061],[2.231166,49.015012],[2.231284422718373,49.015114431329394],[2.231672561300031,49.01545015703689],[2.231714,49.015486],[2.231722435143716,49.015490883504256],[2.232075,49.015695],[2.232190363748539,49.015789192124274],[2.232342,49.015913],[2.232476942687454,49.01607471000742],[2.232856162177138,49.01652915172375],[2.232952,49.016644],[2.233202950132281,49.01690618670537],[2.233421,49.017134],[2.23361367871482,49.017316275873405],[2.233847,49.017537],[2.233956128945457,49.01769201906611],[2.234042,49.017814],[2.234298,49.017752],[2.234534810437108,49.0180460291847],[2.234865,49.018456],[2.234964640672723,49.018444406588394],[2.235060785394852,49.01843321993834],[2.235183,49.018419],[2.235272695671984,49.01856151139762],[2.235461700089715,49.01886180775676],[2.235577,49.019045],[2.235642,49.019178],[2.235714949681574,49.019295018990675],[2.235856317735841,49.01952178827421],[2.235983,49.019725],[2.236010275841769,49.019764409580205],[2.236130227069646,49.0199377214646],[2.236216895481061,49.02006294457374],[2.236255,49.020118],[2.236275519437964,49.0201576784712],[2.236344770341314,49.02029158905779],[2.236405657145847,49.020409325972636],[2.236436,49.020468],[2.236477363138424,49.02051612003079],[2.23660801540163,49.02066811504781],[2.236752664524172,49.02083639338684],[2.236899969750302,49.021007761718344],[2.23720846725448,49.0213666539583],[2.237342,49.021522],[2.237469,49.021479],[2.23751374882846,49.02152981292203],[2.237803773937285,49.02185914049888],[2.237897,49.021965],[2.238028,49.022073],[2.238342537481169,49.02226126882888],[2.238428412448699,49.02231266995127],[2.238444,49.022322],[2.23864925988828,49.02248355110205],[2.238717332470142,49.02253712806105],[2.238923,49.022699],[2.238926608141449,49.02270212705593],[2.239128577956989,49.022877167562726],[2.239318693573065,49.02304193442999],[2.239343,49.023063],[2.23955650002351,49.02321539732318],[2.239614267647838,49.02325663212573],[2.23964,49.023275],[2.239787821446544,49.02335250638008],[2.239825,49.023372],[2.239971,49.023504],[2.240005531834855,49.02359474644974],[2.240039726634302,49.02368460720177],[2.240143,49.023956],[2.24016143970769,49.02398606835218],[2.240254,49.024137],[2.240276861382979,49.02420235665958],[2.240339,49.02438],[2.240377,49.02459],[2.24050108513424,49.024937977876455],[2.240515,49.024977],[2.240622,49.025113],[2.24088,49.025348],[2.240908,49.025441],[2.241140951761265,49.0257076052052],[2.241471762181758,49.02608620624929],[2.242340587360124,49.02708054650971],[2.242507,49.027271],[2.242565,49.027896],[2.242686,49.028184],[2.24256,49.028309],[2.242339,49.029307],[2.243006,49.032037],[2.243746,49.035154],[2.244485,49.038289],[2.247712,49.037335],[2.248572,49.03707],[2.250582,49.03649],[2.251629,49.036178],[2.252383019742602,49.035960494305016],[2.252825,49.035833],[2.252903,49.036218],[2.25282,49.036481],[2.252693436613615,49.036683937843684],[2.252646,49.03676],[2.252546,49.037058],[2.252457,49.037185],[2.252026,49.037601],[2.251836,49.037968],[2.251714,49.038636],[2.251594,49.038949],[2.251511,49.03924],[2.251514,49.039408],[2.251584,49.039612],[2.251709,49.039825],[2.251868,49.039996],[2.252128,49.040206],[2.252655,49.040517],[2.252895,49.040703],[2.253007,49.040842],[2.253009,49.040994],[2.25292,49.04138],[2.247965,49.042672],[2.246452,49.043072],[2.245986,49.043207],[2.24523,49.043393],[2.244953,49.043475],[2.244449,49.043583],[2.244164,49.043683],[2.243452,49.043857],[2.242955,49.043991],[2.242881,49.044103],[2.242912,49.044365],[2.242499,49.044284],[2.241995,49.04427],[2.24166,49.044313],[2.241133,49.044466],[2.240826,49.044585],[2.24044,49.044776],[2.239466,49.045441],[2.239211,49.045763],[2.239047,49.046026],[2.239032,49.046234],[2.238917,49.046506],[2.238737,49.046744],[2.238093,49.047372],[2.237932,49.047565],[2.237752,49.047693],[2.237506,49.04777],[2.237368,49.047899],[2.236726,49.04841],[2.236278,49.048556],[2.234762,49.049231],[2.23454,49.049421],[2.234448,49.049541],[2.23536,49.049861],[2.235858,49.050119],[2.235773,49.050257],[2.234571,49.051437],[2.236099,49.052438],[2.236589,49.051904],[2.23699,49.052065],[2.237992,49.052552],[2.238308,49.052183],[2.240331,49.053199],[2.239736,49.054833],[2.239469,49.054877],[2.238906,49.05612],[2.239287,49.056173],[2.240112,49.056263],[2.240563,49.056322],[2.241056,49.056344],[2.242601,49.056549],[2.242526,49.057092],[2.243743,49.057124],[2.2438,49.057514],[2.243883,49.057557],[2.246361,49.058744],[2.246124,49.058799],[2.246399,49.059237],[2.247046,49.060144],[2.247607,49.0609],[2.247672,49.061958],[2.248172,49.061939],[2.248179,49.062078],[2.248352,49.062647],[2.248425,49.062803],[2.248779,49.063222],[2.249444,49.063852],[2.249453,49.063904],[2.250161,49.064608],[2.250933,49.065356],[2.251523,49.065914],[2.251922,49.066306],[2.25195,49.066693],[2.251879,49.067669],[2.251775,49.067924],[2.251457,49.068341],[2.251294,49.068483],[2.251225,49.06864],[2.251214,49.069308],[2.251251,49.06981],[2.251207,49.07028],[2.251734,49.070357],[2.251659,49.070689],[2.25247,49.070737],[2.253175,49.070739],[2.253837,49.070784],[2.253861,49.070895],[2.255286,49.071104],[2.255402,49.071451],[2.255481,49.071786],[2.257065,49.072356],[2.256707,49.072735],[2.256609,49.072807],[2.255879,49.073163],[2.255486,49.073387],[2.256558,49.075125],[2.257063,49.075256],[2.258353,49.074804],[2.260095,49.074178],[2.263429,49.073127],[2.263754,49.072607],[2.26438,49.071408],[2.264701,49.070848],[2.265188,49.070158],[2.265283,49.06995],[2.265592,49.068981],[2.265624,49.068742],[2.265518,49.067555],[2.265552,49.067356],[2.265701,49.067137],[2.266089,49.066987],[2.266669,49.066851],[2.268634,49.0665],[2.268643,49.066568],[2.269281,49.067523],[2.26978,49.068184],[2.270522,49.068702],[2.271814,49.069249],[2.270963,49.069829],[2.270251,49.070442],[2.269853,49.07093],[2.269392,49.073007],[2.26971,49.074329],[2.269848,49.074743],[2.270027,49.075082],[2.270386,49.075243],[2.270804,49.075407],[2.271483,49.075598],[2.271829,49.075763],[2.272193,49.075878],[2.27278,49.075973],[2.273092,49.076095],[2.273373,49.076445],[2.273706,49.076565],[2.273911,49.076588],[2.274024,49.076668],[2.27472,49.077023],[2.275334,49.076707],[2.275602,49.076605],[2.27706,49.075795],[2.278081,49.075488],[2.278443,49.075445],[2.278645,49.075377],[2.278906,49.074446],[2.279945,49.074006],[2.280172,49.073876],[2.28032,49.073747],[2.281138,49.074851],[2.282389,49.076757],[2.282513,49.076882],[2.283439,49.078216],[2.283714,49.078601],[2.284267,49.078298],[2.284717,49.07854],[2.285063,49.077471],[2.28577,49.077043],[2.286432,49.077237],[2.287095,49.076919],[2.287624086636224,49.07690036745522],[2.288458,49.076871],[2.288522,49.077044],[2.288743,49.077091],[2.289399,49.076716],[2.289715,49.076597],[2.291242,49.079605],[2.295478779893036,49.07778673831188],[2.295844,49.07763],[2.296493,49.077364],[2.296314,49.078792],[2.296401,49.078937],[2.296551,49.079062],[2.298747307333324,49.0757525981338],[2.298877316823852,49.07555669947971],[2.298903,49.075518],[2.299034637144209,49.075482999841],[2.299159352002574,49.075449840204335],[2.300776,49.07502],[2.301014,49.074254],[2.301646825758885,49.073940133237365],[2.301832734767921,49.073847926720816],[2.302381,49.073576],[2.302753094945565,49.073404395218226],[2.30381489725909,49.07291470742086],[2.304061387016088,49.07280102992681],[2.304210332943081,49.07273233822969],[2.304407023337949,49.07264162747779],[2.30457244826645,49.07256533590465],[2.304678253411652,49.0725165401092],[2.304996,49.07237],[2.306042798026307,49.07252624402439],[2.306623516599843,49.07261292149673],[2.30783,49.072793],[2.30826,49.072239],[2.30822,49.072118],[2.307922,49.071973],[2.30804,49.07183],[2.308339183442495,49.071982329672885],[2.308641,49.072136],[2.309185,49.072509],[2.309349014033634,49.072502818081176],[2.310034,49.072477],[2.309655,49.072951],[2.309605,49.073136],[2.309556,49.073517],[2.311076,49.073545],[2.31127,49.073504],[2.311402,49.073427],[2.311594626361581,49.073280981548265],[2.311745754618854,49.0731664203119],[2.312055,49.072932],[2.312228079550136,49.07297418426312],[2.312611830317724,49.07306771491615],[2.31335794736423,49.07324956423214],[2.313450659452448,49.07327216072676],[2.314008,49.073408],[2.314043,49.073221],[2.314507955998935,49.07332804800906],[2.314903,49.073419],[2.315366,49.072156],[2.316062017453201,49.0722326158747],[2.316279990648269,49.0722566098233],[2.316348045443444,49.072264101126336],[2.316656,49.072298],[2.317740790989579,49.07239092282282],[2.318040894907267,49.072416629621124],[2.318457758345501,49.07245233799977],[2.318857866323001,49.072486611111415],[2.319271,49.072522],[2.319317513639345,49.07252753261356],[2.319641037933553,49.072566014549686],[2.319852562472164,49.072591174557544],[2.319980186616959,49.07260635494515],[2.320111639024248,49.072621990689456],[2.320251545991172,49.072638632070216],[2.320389269317211,49.072655013715526],[2.320526962457654,49.07267139177037],[2.320668990203202,49.07268828540936],[2.321145907002409,49.0727450127777],[2.321743397822005,49.07281608194922],[2.322174684754985,49.07286738182531],[2.322485122103376,49.07290430712096],[2.322521274951731,49.07290860735938],[2.323016379890918,49.072967498135085],[2.323256,49.072996],[2.323311,49.072955],[2.323668668813218,49.073006964971555],[2.324075,49.073066],[2.324299,49.072782],[2.32491,49.073073],[2.325078,49.07306],[2.324559,49.074046],[2.32436,49.074501],[2.325399,49.074694],[2.325388,49.075514],[2.326787168219838,49.075800321388726],[2.329615,49.076379],[2.33036,49.074423],[2.331128,49.074616],[2.331684,49.074779],[2.332399,49.07492],[2.332665,49.075042],[2.334527,49.075491],[2.334965,49.07393],[2.335392,49.072202],[2.33542,49.072045],[2.335061,49.071894],[2.33453,49.071636],[2.334111,49.071451],[2.335581,49.071409],[2.334407,49.068648],[2.334325819253527,49.06850467646972],[2.333729,49.067451],[2.331127,49.068227],[2.331427,49.066824],[2.331479,49.066612],[2.328819,49.066374],[2.329216,49.065636],[2.329438,49.065193],[2.329624,49.064747],[2.329867,49.064112],[2.330084,49.063638],[2.330351,49.062909],[2.330629,49.062235],[2.330961,49.061313],[2.331168,49.060803],[2.331639,49.059557],[2.331768,49.059123],[2.331956,49.058891],[2.332175,49.05857],[2.33291,49.0568],[2.33413,49.053843],[2.335066,49.051408],[2.335854,49.051506],[2.336523,49.051312],[2.336156,49.050816],[2.335967,49.050592],[2.335755,49.050288],[2.336659,49.050473],[2.33682,49.050529],[2.33735,49.050782],[2.337785,49.051006],[2.338794,49.05062],[2.338372,49.050035],[2.337867,49.049432],[2.339204,49.048967],[2.339455,49.048873],[2.339784,49.049297],[2.344435,49.047656],[2.344662,49.04797],[2.347147,49.04709],[2.347966,49.046667],[2.348576,49.046384],[2.351675,49.044851],[2.352687,49.04273],[2.350845,49.041156],[2.350149,49.040748],[2.349734,49.040482],[2.348569,49.041267],[2.348027,49.041579],[2.347073,49.041997],[2.344418,49.040151],[2.34359,49.039765],[2.340242,49.038416],[2.340296528721411,49.038283777611085],[2.340394823636121,49.03804543003747],[2.340451169371719,49.037908801714394],[2.340504768475796,49.03777883348112],[2.340568469337357,49.03762437029414],[2.340630188764654,49.037474711730574],[2.340661,49.0374],[2.340669792150396,49.037377578991766],[2.34081518431385,49.03700681202948],[2.340968251380321,49.03661647317],[2.341075852619834,49.036342077468305],[2.34109,49.036306],[2.341136912162161,49.0361887195946],[2.341343144794725,49.03567313801319],[2.341419892561983,49.03548126859504],[2.341514205410825,49.03524548647294],[2.341598,49.035036],[2.341606900025787,49.03501264596814],[2.34164104728127,49.03492304217242],[2.341878286357368,49.03430051712875],[2.341977576535596,49.03403997563805],[2.341989,49.03401],[2.34203,49.033945],[2.342233462308012,49.03397559048687],[2.342602,49.034031],[2.343256,49.034071],[2.34445770629236,49.03375223343262],[2.344632,49.033706],[2.344633065315559,49.03370580537504],[2.344736,49.033687],[2.345149,49.033723],[2.345788480993548,49.03384280150259],[2.345939,49.033871],[2.345654,49.032879],[2.345689278482201,49.03286538024699],[2.346185,49.032674],[2.346437,49.032597],[2.346663,49.033339],[2.348195,49.032655],[2.349227,49.032148],[2.349732,49.031827],[2.350433,49.031401],[2.350672,49.031238],[2.351656,49.030607],[2.352344,49.030056],[2.352752,49.029695],[2.353058,49.0294],[2.353182,49.029204],[2.353624406212079,49.02837632490951],[2.353724,49.02819],[2.353746,49.028177],[2.354042225443623,49.027815004221864],[2.35489,49.026779],[2.35541,49.026761],[2.355983,49.026636],[2.356466,49.026243],[2.356953,49.025953],[2.357255,49.025831],[2.357705,49.025707],[2.358082,49.02566],[2.358463,49.02555],[2.358807,49.025372],[2.357911,49.025063],[2.358834,49.024892],[2.358966,49.024786],[2.359051,49.024648],[2.359189,49.024271],[2.359508,49.024082],[2.359646,49.023894],[2.35986,49.023861],[2.360225,49.023758],[2.360745,49.023502],[2.361302,49.023167],[2.362149,49.022689],[2.362409,49.022493],[2.36257,49.022413],[2.363949,49.02188],[2.364072,49.021351],[2.364008,49.020824],[2.363539,49.020058],[2.363433,49.020006],[2.362884,49.019646],[2.362087,49.019305],[2.361735,49.019116],[2.361132,49.018818],[2.360679,49.018512],[2.360433,49.018274],[2.359934,49.018004],[2.359783,49.01787],[2.358641,49.016934],[2.358359,49.016726],[2.357918,49.016459],[2.357221,49.016092],[2.357098,49.015985],[2.356425,49.015704],[2.355514,49.015277],[2.354789,49.014885],[2.354082,49.014478],[2.353677,49.014227],[2.353487,49.014077],[2.352264,49.013777],[2.351684,49.013614],[2.351777,49.013362],[2.35148,49.01327],[2.349732,49.01284],[2.349696,49.012725],[2.349424,49.012304],[2.348991,49.011862],[2.348775,49.011707],[2.34729,49.010581],[2.34724,49.010498],[2.347077,49.010041],[2.346946,49.009802],[2.346223,49.008595],[2.346109,49.008157],[2.345881,49.00738],[2.345827,49.007014],[2.345369,49.005916],[2.345269,49.005704],[2.344566,49.0058],[2.343959,49.005909],[2.343448,49.005965],[2.342176,49.00613],[2.34139,49.006365],[2.340252,49.006655],[2.339729,49.006798],[2.339139,49.006935],[2.338716,49.006952],[2.338498,49.006993],[2.338345,49.007079],[2.338046,49.007191],[2.337704,49.007275],[2.337403,49.007318],[2.336368,49.007565],[2.33594,49.007678],[2.335102,49.007868],[2.334576,49.008029],[2.334053,49.008278],[2.333865,49.008341],[2.333257,49.008334],[2.332417,49.008283],[2.331544,49.008541],[2.331017,49.008741],[2.330183,49.008857],[2.329666,49.008955],[2.329258,49.009084],[2.32909,49.00909],[2.328773,49.009017],[2.328658,49.009035],[2.328493,49.009143],[2.328176,49.009238],[2.327734,49.009497],[2.327154,49.009696],[2.325991,49.009713],[2.325545,49.00974],[2.322006,49.010173],[2.321919,49.010638],[2.320162,49.010826],[2.320053,49.010967],[2.319673,49.011213],[2.319116,49.011479],[2.318677,49.011795],[2.316940433440651,49.01137553655433],[2.315808,49.011102],[2.315794,49.011274],[2.315639,49.012143],[2.315572,49.012756],[2.315495,49.013069],[2.315427,49.013629],[2.315489,49.013788],[2.31509,49.014087],[2.314949,49.014274],[2.314548,49.01461],[2.314432,49.014731],[2.314138,49.014798],[2.313416,49.01482],[2.312738,49.014815],[2.312734349901996,49.015019648828094],[2.312727276413651,49.01541623574128],[2.312723,49.015656],[2.312723144530668,49.01565778995673],[2.312736,49.015817],[2.312789773860136,49.01600784448401],[2.312838,49.016179],[2.312956739155262,49.016375647059505],[2.313076957601858,49.016574744012566],[2.313091,49.016598],[2.3130299868074,49.01660905311461],[2.312815,49.016648],[2.312019326873103,49.01701567337628],[2.311562,49.017227],[2.3113,49.017362],[2.310203,49.017884],[2.30931,49.018261],[2.30854,49.018681],[2.308192,49.018854],[2.306979,49.019409],[2.305588,49.02009],[2.304487,49.020602],[2.30413,49.020792],[2.304192044542559,49.02235981786391],[2.304208,49.022763],[2.304479671824996,49.022854500579946],[2.305072,49.023054],[2.305038,49.023125],[2.305919,49.023395],[2.305833,49.023481],[2.305732,49.023685],[2.305749,49.023789],[2.305079,49.023934],[2.304529,49.024002],[2.303858,49.024034],[2.302815289684161,49.02407022318715],[2.302649,49.024076],[2.302597,49.024008],[2.301681978315912,49.024073587218616],[2.301453,49.02409],[2.300995025416889,49.024341615829215],[2.300097,49.024835],[2.299546,49.025123],[2.299088247022786,49.02537080700982],[2.296894607319845,49.026558345534916],[2.295665,49.027224],[2.295192,49.027001],[2.294883,49.026883],[2.294696,49.026984],[2.294249,49.027357],[2.294098,49.027504],[2.293648,49.028089],[2.293255,49.028523],[2.293095,49.028735],[2.292677,49.027486],[2.292418,49.026634],[2.29231,49.026408],[2.292152,49.026162],[2.292086,49.025938],[2.292095,49.025684],[2.292077,49.025166],[2.291965,49.024765],[2.291764,49.024371],[2.291499,49.024041],[2.29121,49.023784],[2.290972,49.023463],[2.290229,49.022505],[2.28989,49.02224],[2.289278,49.021604],[2.289094,49.021359],[2.288307,49.021975],[2.287441,49.021559],[2.287316,49.022468],[2.286007,49.022635],[2.285881,49.020303],[2.285483,49.020165],[2.28498,49.020067],[2.284602,49.019895],[2.284213,49.019651],[2.283066,49.018735],[2.282239,49.018137],[2.281075,49.017372],[2.280749,49.017215],[2.28108,49.016891],[2.281127,49.016804],[2.281125,49.016245],[2.281105,49.015727],[2.281121327543225,49.01561343286601],[2.28115,49.015414],[2.281231,49.015212],[2.281584,49.014469],[2.281646,49.014195],[2.281649,49.014027],[2.281586,49.013247],[2.28157573640564,49.012986561293125],[2.28157,49.012841],[2.281571405669003,49.0127255594331],[2.281578,49.012184],[2.281529,49.01187],[2.281500036938794,49.011814409608334],[2.281405,49.011632],[2.280969,49.011019],[2.280711,49.010614],[2.280118324966506,49.01079870565052],[2.279791500853932,49.010900559545],[2.279758,49.010911],[2.279675,49.010802],[2.279283,49.010927],[2.27914467223607,49.010734342947174],[2.278924,49.010427],[2.278566,49.009467],[2.278524076019894,49.00941080935204],[2.278069577707319,49.00880164594205],[2.277896,49.008569],[2.277475221680018,49.00868785621376],[2.27728,49.008743],[2.277069,49.00855],[2.276842128085315,49.00821143729655],[2.276744,49.008065],[2.276259,49.007657],[2.276157032802325,49.00769588579573],[2.276142243781383,49.007701525676595],[2.276009864846721,49.00775200916863],[2.275961855352333,49.00777031787411],[2.27577078850319,49.00784318235048],[2.275570392226971,49.00791960465921],[2.275551,49.007927],[2.275412867358495,49.00777391485606],[2.275357,49.007712],[2.275203,49.007773],[2.274928,49.007404],[2.274177,49.007664],[2.273858451565336,49.00725977758343],[2.273214,49.006442],[2.272971,49.006505],[2.272495,49.006694],[2.272445235724429,49.00664957953926],[2.272197,49.006428],[2.271910108357607,49.0061427051571],[2.27119598295969,49.00543255448311],[2.271119,49.005356],[2.270873462697613,49.00510509380616],[2.270625833708753,49.004852050189264],[2.270433,49.004655],[2.270336659118363,49.00456048837561],[2.270292012522567,49.00451668949999],[2.26971835651645,49.003953925696514],[2.269323811604311,49.00356687214347],[2.269222579474342,49.00346756214255],[2.268862915328065,49.003114727062346],[2.268639699191178,49.00289574920654],[2.268218511617031,49.00248255886481],[2.267987736520609,49.00225616557402],[2.267273,49.001555],[2.266962735855173,49.00117055402648],[2.2667,49.000845],[2.266565730125724,49.0008765767598],[2.266211,49.00096],[2.266162657393609,49.00096393740685],[2.265929912579862,49.00098289399802],[2.265769,49.000996],[2.265698286030029,49.00099063331478],[2.265547299328348,49.000979174502596],[2.265434834908632,49.00097063925646],[2.265324958849915,49.000962300448435],[2.265169817581028,49.00095052633428],[2.265097,49.000945],[2.264838330073455,49.000908990265444],[2.264457593884648,49.000855987547745],[2.264235,49.000825],[2.264234834338648,49.000819616006034],[2.264226028485381,49.000533425774876],[2.264225,49.0005],[2.264067004672733,49.00003488393131],[2.263984698881689,48.99979258723417],[2.26394,48.999661],[2.263922619806053,48.9996148733261],[2.263884552043048,48.99951384227342],[2.263842443573268,48.99940208726885],[2.263758661990808,48.999179732688404],[2.263704127482698,48.99903499923609],[2.263656468184959,48.998908512449354],[2.263609322978389,48.99878339004991],[2.263590306055345,48.998732919530966],[2.263566474242205,48.99866967039367],[2.263499110051256,48.99849088722946],[2.263362,48.998127],[2.263295531255328,48.99814969664452],[2.262888908393105,48.998288543475525],[2.262567565415749,48.998398270345845],[2.262501,48.998421],[2.262359183614336,48.99846702179759],[2.262206220318235,48.998516660954714],[2.261932560344136,48.99860546820979],[2.261712456719112,48.99867689553062],[2.2615895,48.998716797049845],[2.261518,48.99874],[2.261280216196073,48.99879620344456],[2.260975444913372,48.9988682402932],[2.260803,48.998909],[2.260757845065907,48.99892136852542],[2.260506250505925,48.99899028355707],[2.260214587169707,48.999070173949164],[2.259960568959178,48.99913975285031],[2.259799567208895,48.99918385332974],[2.259646454974281,48.999225792767916],[2.259199025687347,48.99934834948564],[2.258747084392722,48.999472142101126],[2.258733,48.999476],[2.258508,48.999495],[2.258238,48.999605],[2.258216348605143,48.99960932611924],[2.257978529878373,48.99965684417416],[2.257833521391706,48.99968581801203],[2.25770083551307,48.99971232969576],[2.257391918886098,48.999774053671175],[2.257197,48.999813],[2.257179335909258,48.99981583656932],[2.256923,48.999857],[2.256863953355218,48.999860837412974],[2.256446,48.999888],[2.256271689332931,49.000088704711295],[2.256129,49.000253],[2.255981633668652,49.00032837425472],[2.255542492167101,49.000552984334206],[2.255519,49.000565],[2.255449829987507,49.00059891345273],[2.255351348927874,49.000647197855756],[2.255258823433869,49.00069256229699],[2.255169617383091,49.00073629924421],[2.255087005273732,49.000776803239575],[2.255001089330553,49.0008189270758],[2.254856024120406,49.00089005128077],[2.254749010834231,49.00094251895992],[2.254736223429801,49.000948788512574],[2.254695,49.000969],[2.254592611554897,49.001016023906665],[2.254375938271607,49.00111553537245],[2.254219388291733,49.001187434028935],[2.254089953899253,49.00124687931874],[2.253947285390159,49.00131240263682],[2.253651881836239,49.00144807252746],[2.253399693379796,49.00156389503484],[2.253375963764751,49.001574793327144],[2.253271,49.001623],[2.252999761244263,49.00168724989732],[2.252499716512715,49.00180569839327],[2.25249,49.001808],[2.252207,49.001853],[2.251763248212062,49.001496932790246],[2.251446203546337,49.001242535596674],[2.251291,49.001118],[2.251181296667863,49.001056490039204],[2.250945,49.000924],[2.250627,49.000803],[2.250372,49.000696],[2.249643966647363,49.00014534765489],[2.249428,48.999982],[2.249127,48.999737],[2.248789990046009,48.99942956126739],[2.248466,48.999134],[2.248358818643318,48.99902367812638],[2.248189585063967,48.998849485840225],[2.248045769805195,48.99870145665591],[2.247964545620312,48.99861785252421],[2.246965916754524,48.99758996287123],[2.246021825006796,48.996618208326375],[2.245926431525832,48.99652001972458],[2.245732059855589,48.99631995277727],[2.245601151373776,48.996185208550905],[2.245469887656119,48.99605009867995],[2.245327213393319,48.99590324392389],[2.245201821782174,48.995774178217815],[2.24518637520246,48.99575827903845],[2.245085352433856,48.995654296205466],[2.244963980988806,48.995529368460225],[2.244712289644919,48.99527030231765],[2.244693537059468,48.99525100026339],[2.244484160053645,48.99503548830972],[2.244402041422422,48.99495096352354],[2.244284185190215,48.994829653990266],[2.244242086667435,48.99478632194024],[2.244135206515446,48.99467631009689],[2.244019471130524,48.99455718355377],[2.243983158796016,48.994519807232905],[2.243881212544286,48.99441487385785],[2.243688,48.994216],[2.243459782699051,48.9942904958029],[2.243380562745724,48.99431635516591],[2.243143493283639,48.994393740534356],[2.242993052190001,48.99444284824886],[2.242679702816042,48.99454513327766],[2.242337,48.994657],[2.242296383960895,48.99467061469699],[2.241699431903225,48.99487071597629],[2.240942203421007,48.99512454270503],[2.240556,48.995254],[2.240433378781296,48.99529437316622],[2.240041237817829,48.99542348599404],[2.239757456433381,48.99551692131563],[2.239606181617612,48.99556672870904]],[[2.271026,49.037479],[2.271349681997638,49.03737603829789],[2.271551,49.037312],[2.271026,49.037479]],[[2.269603,49.037929],[2.27040328819927,49.03766096998552],[2.270445,49.037647],[2.269603,49.037929]],[[2.268922,49.038122],[2.269175010284866,49.03805029517624],[2.269603,49.037929],[2.268922,49.038122]],[[2.257574,49.024122],[2.257330735383302,49.02423325855071],[2.256636,49.024551],[2.257574,49.024122]],[[2.256058788447381,49.01518961030019],[2.256030172847858,49.01510960211049],[2.256109,49.01533],[2.256058788447381,49.01518961030019]]]}},{"type":"Feature","properties":{"code_canton":"19","nom":"Taverny","method":"Union de contours BV reconstitués, non opposables"},"geometry":{"type":"Polygon","coordinates":[[[2.194361350761067,49.006171216221226],[2.193651061997129,49.00578252521954],[2.193323,49.005603],[2.193131,49.005489],[2.192915,49.005405],[2.192598139890726,49.00526542603776],[2.1921,49.005046],[2.192074680588233,49.0050359582353],[2.191863762816512,49.00495230753062],[2.191705749262618,49.00488963881844],[2.191306300494579,49.004731216080266],[2.191099,49.004649],[2.190825746300472,49.004544692225714],[2.190593418069744,49.004456006726876],[2.190275181619651,49.004334527911176],[2.189928,49.004202],[2.189555429418904,49.00405728392707],[2.18847805785016,49.00363880487791],[2.187768,49.003363],[2.186919,49.002979],[2.18672887528633,49.002890489238034],[2.185439,49.00229],[2.185188258066971,49.00218495946049],[2.185143,49.002166],[2.183383,49.001335],[2.182331,49.000846],[2.182087,49.000768],[2.181578065647811,49.00102734422457],[2.1812,49.00122],[2.17919,49.002303],[2.178057,49.002905],[2.175713878489361,49.00414027416341],[2.174692,49.004679],[2.173366,49.005397],[2.17196,49.006126],[2.169988,49.007167],[2.168346,49.008039],[2.167713,49.008395],[2.166703471973592,49.00898362427783],[2.164878,49.010048],[2.163915415312609,49.01059993470415],[2.162691,49.011302],[2.161084,49.012234],[2.160908,49.012052],[2.159221,49.0126],[2.158790530210131,49.01273055231332],[2.158611,49.012785],[2.158175,49.012889],[2.157868886147225,49.013009629611474],[2.157703,49.013075],[2.157322014687438,49.01318106067154],[2.156514,49.013406],[2.156244,49.013495],[2.156081,49.013194],[2.155759,49.012668],[2.1554,49.012112],[2.155262,49.011784],[2.155163,49.011393],[2.154799,49.010415],[2.154653,49.010121],[2.154552,49.009726],[2.154499,49.009355],[2.1545,49.008939],[2.154599,49.008011],[2.154684,49.007551],[2.154682,49.007254],[2.154769,49.006358],[2.154852,49.005963],[2.154959828837028,49.00570268593889],[2.15505,49.005485],[2.155308,49.005105],[2.155514,49.004849],[2.155213,49.004938],[2.154759934263658,49.00520642593283],[2.153958827262326,49.00568105439595],[2.153753,49.005803],[2.153458526123893,49.00592643699464],[2.152658,49.006262],[2.151787,49.006591],[2.151281,49.006769],[2.150858,49.006974],[2.150351,49.007167],[2.14941,49.007607],[2.14863,49.00799],[2.148115,49.008318],[2.147662,49.00857],[2.147422,49.008647],[2.147167,49.008802],[2.14684,49.008946],[2.146603554528316,49.00910464728423],[2.14653,49.009154],[2.146363629138504,49.00924849055014],[2.145544,49.009714],[2.145295,49.009886],[2.144527,49.010342],[2.143371,49.010958],[2.142476,49.011464],[2.141673,49.012012],[2.141137,49.012404],[2.140087874940069,49.01289030859861],[2.139944,49.012957],[2.139346,49.013336],[2.139087255248593,49.013530813655244],[2.138832,49.013723],[2.138437,49.014044],[2.13772,49.014595],[2.136846,49.015283],[2.136638,49.015475],[2.135808,49.016193],[2.134450794620633,49.01741033381434],[2.134304,49.017542],[2.133301,49.018417],[2.132426,49.019192],[2.132043,49.019547],[2.131072,49.020377],[2.13071,49.0207],[2.130567247494196,49.020849771066224],[2.129571,49.021895],[2.129274,49.022237],[2.12864,49.022873],[2.13040684462985,49.02393111467208],[2.131925026342095,49.02484031195942],[2.133017709355383,49.02549468977441],[2.133167176200356,49.0255842013585],[2.134339347572912,49.02628618256643],[2.135558,49.027016],[2.136720802488948,49.02747963498601],[2.137111989175887,49.027635609741694],[2.137123,49.02764],[2.137138765948834,49.027645996290964],[2.137650934457209,49.02784079023787],[2.137967,49.027961],[2.138066640608843,49.028010510861534],[2.138112239235547,49.02803316856425],[2.138128,49.028041],[2.138534857628688,49.028203537308045],[2.139702184376988,49.02866987770307],[2.13971,49.028673],[2.139814,49.028749],[2.140288172779946,49.02891816707272],[2.140753,49.029084],[2.143163,49.03005],[2.144675286224306,49.03065312156023],[2.145260485146316,49.03088650733153],[2.146233357991891,49.03127450305555],[2.146981483747403,49.03157286639819],[2.147537343291983,49.031794551202566],[2.149236,49.032472],[2.151733,49.033765],[2.155655,49.036217],[2.156029,49.036144],[2.156513,49.036004],[2.156694,49.035978],[2.157389,49.035776],[2.158247,49.035506],[2.158858,49.035286],[2.159579,49.034998],[2.160418,49.034647],[2.1608,49.034514],[2.160873918560123,49.034482696410485],[2.161643,49.034157],[2.162852,49.033671],[2.163955,49.033196],[2.164246177399802,49.03305659644094],[2.164567,49.032903],[2.16539,49.032583],[2.165977,49.032365],[2.168187,49.031456],[2.168313,49.031699],[2.16849,49.032325],[2.168665,49.033007],[2.168655,49.033193],[2.168702,49.033694],[2.168799,49.034101],[2.169299,49.034924],[2.169485,49.035154],[2.169826,49.035489],[2.170154,49.035784],[2.170349,49.035919],[2.170461,49.036047],[2.170716,49.036122],[2.170974,49.036293],[2.171334,49.03662],[2.171867,49.03707],[2.172356,49.037546],[2.173213,49.038287],[2.173447,49.03847],[2.173727,49.038642],[2.174134,49.038912],[2.174347,49.039139],[2.174559,49.039286],[2.175666,49.039992],[2.176914,49.040775],[2.1778,49.041312],[2.178201,49.04159],[2.178618,49.041938],[2.17899,49.042374],[2.179199,49.042704],[2.179473,49.043026],[2.179964,49.043484],[2.180911,49.044217],[2.181133,49.044376],[2.181575,49.044618],[2.182099,49.044879],[2.182361,49.045037],[2.183136,49.045465],[2.187668393338161,49.04412124159254],[2.190037,49.043419],[2.189877,49.043228],[2.189743,49.042971],[2.189526,49.042675],[2.189306079348226,49.042465260859885],[2.189202,49.042366],[2.188959,49.042073],[2.189034,49.042043],[2.190062478019162,49.04170041239835],[2.190472,49.041564],[2.190666,49.041509],[2.190877,49.041702],[2.191279,49.042143],[2.191671,49.04245],[2.191829,49.042537],[2.192444,49.042994],[2.192899,49.043256],[2.193591,49.043617],[2.19434,49.04406],[2.194571,49.044048],[2.195379,49.043633],[2.195947,49.043326],[2.196789,49.042844],[2.196918,49.04298],[2.197331,49.043295],[2.197492,49.043506],[2.197791900727998,49.04373609927201],[2.198234577450603,49.044075743634615],[2.198347,49.044162],[2.199012,49.044722],[2.199127869958847,49.044806713065846],[2.199444235537468,49.04503800941184],[2.199483263269571,49.04506654276831],[2.1997,49.045225],[2.199817,49.04526],[2.199954638883199,49.04520641539661],[2.200079,49.045158],[2.200214,49.045145],[2.200225612744465,49.04515338465304],[2.200366223913921,49.045254908963116],[2.2006910421405,49.04548943475848],[2.200768,49.045545],[2.200799868383221,49.0455655649521],[2.201109984880927,49.0457656858957],[2.201205,49.045827],[2.201215674411089,49.04583688299906],[2.201533334048625,49.0461309910179],[2.201758,49.046339],[2.201911413116444,49.046519511729606],[2.202109,49.046752],[2.202204,49.046808],[2.20234939405268,49.04661277606072],[2.202469952627503,49.04645089928889],[2.202598953787991,49.04627768646307],[2.202644141775743,49.04621701151238],[2.202690253599724,49.04615509610553],[2.202730806687125,49.04610064454217],[2.202777551412405,49.04603787932419],[2.202835366682822,49.04596024943058],[2.202843,49.04595],[2.20287550947465,49.04590869569163],[2.202967519367545,49.04579179423351],[2.20305,49.045687],[2.203050944042264,49.045686051066326],[2.20308643054083,49.04565038069989],[2.203142932480308,49.04559358600425],[2.203204100775197,49.04553210077519],[2.203243,49.045493],[2.203300432348456,49.04545092167534],[2.203421260994642,49.04536239548514],[2.203540509685296,49.04527502686352],[2.203850349104544,49.04504802023699],[2.203935,49.044986],[2.203956155938347,49.04499652372318],[2.20413,49.045083],[2.204504522941019,49.045212260130086],[2.204582,49.045239],[2.204886,49.045294],[2.204889279228012,49.04529485526939],[2.205672,49.045499],[2.205961,49.045614],[2.206344,49.045959],[2.206368274203861,49.04596133405807],[2.206509533983403,49.04597491672918],[2.206676060770479,49.04599092892024],[2.20720648116286,49.046041930881046],[2.207488,49.046069],[2.207579838889691,49.046080561443986],[2.208473,49.046193],[2.208783155650431,49.046209972036664],[2.209042328841726,49.046224154260656],[2.209405,49.046244],[2.209363,49.046783],[2.210903704188198,49.04676857393082],[2.210965,49.046768],[2.210979,49.046897],[2.211399,49.047149],[2.212167,49.046798],[2.212655,49.047274],[2.213356,49.047016],[2.213929,49.047403],[2.214206,49.047278],[2.214686,49.047099],[2.214901,49.047057],[2.215576108759079,49.0469659031601],[2.216398,49.046855],[2.216582,49.0468],[2.216771666413143,49.04669481144329],[2.21693,49.046607],[2.217152,49.046458],[2.217576,49.046285],[2.217842,49.046245],[2.218193,49.046295],[2.219559,49.046322],[2.219976833183381,49.046341755706074],[2.219982,49.046342],[2.220824,49.046295],[2.221451,49.046082],[2.221655,49.04608],[2.221789,49.045991],[2.222674,49.045695],[2.223543,49.045367],[2.225134,49.046753],[2.225590691183283,49.047151587037604],[2.228836,49.049984],[2.230086624998754,49.05104383300159],[2.231104,49.051906],[2.231455,49.051736],[2.231984,49.051509],[2.232077,49.051601],[2.232629623054778,49.05140520417584],[2.233762,49.051004],[2.233966,49.050454],[2.234091,49.05033],[2.23413,49.05014],[2.234366,49.049647],[2.234448,49.049541],[2.23454,49.049421],[2.234762,49.049231],[2.235181213264446,49.04904434501748],[2.235417768451346,49.04893901866447],[2.236278,49.048556],[2.236726,49.04841],[2.237368,49.047899],[2.237506,49.04777],[2.237752,49.047693],[2.237932,49.047565],[2.238093,49.047372],[2.238737,49.046744],[2.238917,49.046506],[2.239032,49.046234],[2.239047,49.046026],[2.239211,49.045763],[2.239466,49.045441],[2.24044,49.044776],[2.240826,49.044585],[2.241133,49.044466],[2.24166,49.044313],[2.241995,49.04427],[2.242499,49.044284],[2.242912,49.044365],[2.242881,49.044103],[2.242955,49.043991],[2.243452,49.043857],[2.244164,49.043683],[2.244449,49.043583],[2.244953,49.043475],[2.24523,49.043393],[2.245986,49.043207],[2.246452,49.043072],[2.247965,49.042672],[2.25292,49.04138],[2.253009,49.040994],[2.253007,49.040842],[2.252895,49.040703],[2.252655,49.040517],[2.252128,49.040206],[2.251868,49.039996],[2.251709,49.039825],[2.251584,49.039612],[2.251514,49.039408],[2.251511,49.03924],[2.251594,49.038949],[2.251714,49.038636],[2.251721167878293,49.03859675292869],[2.251836,49.037968],[2.252026,49.037601],[2.252457,49.037185],[2.252546,49.037058],[2.252646,49.03676],[2.25282,49.036481],[2.252903,49.036218],[2.252825,49.035833],[2.251629,49.036178],[2.250582,49.03649],[2.248572,49.03707],[2.247760674631955,49.03732000142155],[2.247712,49.037335],[2.244485,49.038289],[2.243971994620132,49.03611271872004],[2.243885613635574,49.03574627164753],[2.243746,49.035154],[2.243006,49.032037],[2.242339,49.029307],[2.24256,49.028309],[2.242686,49.028184],[2.242565,49.027896],[2.242507,49.027271],[2.240908,49.025441],[2.24088,49.025348],[2.240622,49.025113],[2.240515,49.024977],[2.240407406522962,49.02467527046657],[2.240377,49.02459],[2.240339,49.02438],[2.240254,49.024137],[2.240143,49.023956],[2.240010409073297,49.02360756337867],[2.239971,49.023504],[2.239825,49.023372],[2.239715226444877,49.02331444305488],[2.23964,49.023275],[2.239535259218755,49.02320023553662],[2.239343,49.023063],[2.239283074257421,49.02301106435643],[2.238923,49.022699],[2.238665548890153,49.0224963714647],[2.238444,49.022322],[2.238028,49.022073],[2.237897,49.021965],[2.237699618829189,49.02174087091352],[2.237469,49.021479],[2.237342,49.021522],[2.237292524096187,49.02146444193971],[2.237042256115448,49.021173291330776],[2.236823107231282,49.020918343291136],[2.236544754973897,49.02059452068708],[2.236458205980675,49.020493833447716],[2.236436,49.020468],[2.236331302495468,49.02026554626195],[2.236255,49.020118],[2.23623334689872,49.02008671445293],[2.23603002071801,49.01979293802271],[2.235983,49.019725],[2.235864178605819,49.01953439793954],[2.23579095598582,49.01941694112681],[2.235730898400023,49.0193206024188],[2.235675124430292,49.019231135083196],[2.235642,49.019178],[2.235577,49.019045],[2.235406926900294,49.01877478233397],[2.235183,49.018419],[2.234906202113911,49.01845120604335],[2.234865,49.018456],[2.234769031649377,49.01833684352938],[2.234606729467866,49.018135325476855],[2.234298,49.017752],[2.234042,49.017814],[2.234000267143666,49.017754717942545],[2.233994158814148,49.017746040982146],[2.233983258218241,49.017730556545914],[2.233847,49.017537],[2.23363707118877,49.01733840537341],[2.233421,49.017134],[2.233255201970795,49.01696077817844],[2.232952,49.016644],[2.232884622111998,49.01656325698995],[2.232513806915749,49.016118886648215],[2.232342,49.015913],[2.232309603157424,49.01588654864538],[2.232075,49.015695],[2.232012378378365,49.015658745376946],[2.231734340482479,49.015497776068806],[2.231714,49.015486],[2.231706006982251,49.01547908633137],[2.231576302545455,49.01536689672727],[2.231166,49.015012],[2.230835,49.014856],[2.230336,49.014577],[2.230264,49.014487],[2.230261973623739,49.01448581707094],[2.229251124446877,49.013895717940635],[2.228484307003953,49.01344807617911],[2.228229149040099,49.01329912369835],[2.227566,49.012912],[2.227525,49.013054],[2.22654,49.013646],[2.226591,49.01391],[2.226555663997437,49.01426789028237],[2.226552,49.014305],[2.226517202157084,49.014272574737284],[2.226330957123098,49.014099028228344],[2.226055690190484,49.013842529495676],[2.225945648770084,49.013739990899396],[2.225858386266093,49.01365867811159],[2.22578920513521,49.01359421387599],[2.22564168196851,49.01345674910702],[2.225522892915987,49.01334605930808],[2.225500098215331,49.01332481879156],[2.225348345393903,49.013183412753406],[2.225140772698103,49.01298999274142],[2.225012,49.01287],[2.224871083230124,49.01273438654942],[2.223896,49.011796],[2.220019549315544,49.008092476483625],[2.219861,49.007941],[2.219693393875577,49.00762893158125],[2.219412,49.007105],[2.219306,49.006959],[2.21909814772515,49.006589104997715],[2.219002,49.006418],[2.218838318309091,49.00610301064074],[2.218157865683242,49.004793546305265],[2.217957,49.004407],[2.217554,49.003696],[2.21739801851163,49.003364229850135],[2.217302,49.00316],[2.217191,49.002968],[2.217157,49.002829],[2.215732420489495,49.00329396692357],[2.214997,49.003534],[2.214918,49.00342],[2.214483,49.002927],[2.213912,49.002387],[2.213426,49.001893],[2.213243,49.001688],[2.212356,49.00204],[2.211919,49.002232],[2.210685,49.002658],[2.209519,49.003107],[2.209185783072015,49.00322213738846],[2.20859,49.003428],[2.208102,49.003609],[2.207826840131082,49.00371247329202],[2.206690137494993,49.00413992793601],[2.204924864635374,49.004803755095196],[2.204411478397569,49.004996812913966],[2.204193692990842,49.00507871065973],[2.203927,49.005179],[2.203510700655902,49.00532837799994],[2.203054704936185,49.00549199999348],[2.202907,49.005545],[2.202900980351308,49.00554724375325],[2.20265065738696,49.005640548694124],[2.202459885178366,49.00571165679118],[2.201799806103242,49.005957693503134],[2.201293924975044,49.006146254743925],[2.200573027100081,49.00641496094822],[2.200546417123071,49.00642487950419],[2.20042,49.006472],[2.200070190045894,49.006609456808164],[2.199229,49.00694],[2.198916919386003,49.00705374454232],[2.198576,49.007178],[2.19776011741248,49.007456281210644],[2.197727014131808,49.00746757207671],[2.197304980988045,49.007611519129846],[2.197113,49.007677],[2.195300687810604,49.00668524921351],[2.194361350761067,49.006171216221226]]]}},{"type":"Feature","properties":{"code_canton":"05","nom":"Cergy-2","method":"Union de contours BV reconstitués, non opposables"},"geometry":{"type":"MultiPolygon","coordinates":[[[[2.030638,49.001675],[2.029937,49.00174],[2.029621615816257,49.001747274099785],[2.029385306484182,49.0017527243974],[2.02933,49.001754],[2.029085,49.001738],[2.028624,49.001656],[2.028284,49.001559],[2.027594,49.001307],[2.026851,49.00097],[2.025891,49.000411],[2.026006628646027,48.999998663884924],[2.02605,48.999844],[2.025074,48.999028],[2.023651,48.997946],[2.023569,48.998012],[2.021956,48.998754],[2.021202,48.999034],[2.020715,48.999198],[2.018784,48.999793],[2.017228985525169,49.00023621668606],[2.017128,49.000265],[2.016429546338123,49.00048699327515],[2.016068617564255,49.00060170920405],[2.015629887667032,49.00074115308144],[2.015375636032829,49.000821963242615],[2.01526123327111,49.000858324486245],[2.01506025926832,49.00092220113195],[2.014899036049867,49.00097344357257],[2.014806989195572,49.00100269931818],[2.014504,49.001099],[2.014470690021617,49.00110556816475],[2.014149,49.001169],[2.014028488164847,49.001183393685224],[2.013295,49.001271],[2.012813,49.001843],[2.01266,49.00205],[2.01187,49.003586],[2.011890754088766,49.003730490491414],[2.011949,49.004136],[2.011972508694099,49.00444429973119],[2.011984,49.004595],[2.011239495437284,49.0051294954251],[2.010137,49.005921],[2.009542,49.006368],[2.008441,49.007315],[2.007279,49.008364],[2.006702,49.008899],[2.006178,49.009359],[2.005758,49.009616],[2.005241,49.009906],[2.00486,49.010095],[2.004515,49.01019],[2.002705,49.011759],[2.002049,49.012335],[2.001451,49.012845],[1.996205,49.01739],[1.994148,49.019217],[1.993717,49.019645],[1.992191,49.021045],[1.991436,49.023762],[1.9918,49.023797],[1.992414,49.023884],[1.993195,49.023909],[1.993843,49.02385],[1.995141,49.023718],[1.995638,49.023674],[1.996614,49.023631],[1.997247,49.023632],[1.997666,49.023661],[1.99847,49.023668],[1.998475,49.023923],[1.998912,49.023931],[1.998887,49.024087],[1.999348,49.024094],[1.999084,49.027193],[2.000268,49.02717],[2.000696,49.027175],[2.004502,49.027787],[2.010017,49.027341],[2.010072,49.026882],[2.010836,49.020658],[2.012263,49.020752],[2.014286,49.020873],[2.016081,49.020921],[2.01793638794186,49.02099468195866],[2.018396794021864,49.021012965801624],[2.019002,49.021037],[2.019907515584617,49.02106999618597],[2.02117,49.021116],[2.021456,49.021109],[2.021799202856414,49.02106897202106],[2.021919,49.021055],[2.022192290087206,49.020971241554385],[2.022521788110681,49.0208702563977],[2.022574723416293,49.02085403268845],[2.022635691986302,49.02083534692964],[2.023056810331792,49.02070628180914],[2.02336312688177,49.020612401352835],[2.023823274100741,49.02047137459183],[2.024282716215454,49.02033056393247],[2.024588,49.020237],[2.024669272173341,49.02022032878496],[2.024783,49.020197],[2.025066199216321,49.02010852245312],[2.025390360345872,49.02000724752055],[2.025714424011632,49.019906003037775],[2.026000287356458,49.019816693159655],[2.026377,49.019699],[2.026402974639216,49.01969148288295],[2.02660185847377,49.019633925468874],[2.026781912246965,49.01958181751549],[2.026916725313125,49.01954280232107],[2.027042657817822,49.01950635718044],[2.027099765990229,49.0194898299512],[2.027113,49.019486],[2.027198733094531,49.01945916832079],[2.027428656649105,49.01938720970209],[2.027600901909813,49.0193333025195],[2.027915,49.019235],[2.028017614625872,49.019204285418105],[2.02836868216108,49.019099203978996],[2.028797,49.018971],[2.028811608361921,49.01897155125894],[2.028903,49.018975],[2.029064,49.019255],[2.029237,49.019671],[2.030649103478495,49.01994698986392],[2.031784612767516,49.020168920521925],[2.032399,49.020289],[2.031921,49.021215],[2.031834323514696,49.02126352544544],[2.031662,49.02136],[2.031626,49.021466],[2.031692,49.021588],[2.031859873378185,49.02165607768332],[2.031909,49.021676],[2.032344,49.021629],[2.032536193098906,49.02164170698175],[2.03263985436721,49.02164856061932],[2.032949,49.021669],[2.033035,49.021714],[2.033344,49.021744],[2.033994,49.021859],[2.03454,49.02199],[2.034807,49.022087],[2.035101,49.022368],[2.03514,49.022485],[2.034915,49.022777],[2.034685,49.023142],[2.035141,49.023503],[2.035312,49.023605],[2.035724,49.023724],[2.03642803207324,49.02381123727529],[2.036757,49.023852],[2.037054561619267,49.02384844348662],[2.037259,49.023846],[2.037201837787121,49.02398292344015],[2.037044,49.024361],[2.037463,49.024563],[2.037814,49.024653],[2.03786867467498,49.02467240128717],[2.038640365892406,49.02494623561576],[2.039228316145592,49.025154869534596],[2.040773,49.025703],[2.03969,49.026883],[2.038559,49.027942],[2.037435,49.029094],[2.03702,49.029638],[2.036714,49.030085],[2.036559,49.030552],[2.036479,49.031049],[2.036479,49.031331],[2.03653,49.031664],[2.036696,49.032061],[2.037411,49.03313],[2.038249,49.034014],[2.039719,49.035536],[2.038986,49.036035],[2.037696,49.036929],[2.037055,49.037346],[2.036864,49.037529],[2.036696,49.037386],[2.036301146196907,49.03776084569931],[2.036755391505106,49.038307281721956],[2.039677828749408,49.04134330697815],[2.039777406960443,49.04143264127683],[2.039778125164309,49.041433347061165],[2.040056494782168,49.04166980725605],[2.04081890952268,49.0420283842762],[2.041197687776321,49.04265884836285],[2.041341541292429,49.04282082763153],[2.041450016855718,49.0429134453935],[2.041467681311927,49.04291819910305],[2.041602531080245,49.04294567369202],[2.041717755247158,49.042961048973325],[2.04174217701016,49.04296288800023],[2.042321911947456,49.04362216224294],[2.042324199960342,49.043623226719525],[2.042851328105006,49.04371010307299],[2.043248071943164,49.04363280506873],[2.043312098057479,49.043613339692534],[2.043371505491272,49.04373439412606],[2.043419838448954,49.04380756253085],[2.043652327142089,49.04400013265664],[2.043886346779046,49.044151705375356],[2.044053953315701,49.04419079148468],[2.044160827148845,49.04419356914619],[2.044415144078692,49.044160636018596],[2.044752244799924,49.04399413433639],[2.044859651684114,49.0439175436682],[2.045052473358921,49.04392546146643],[2.045278252088427,49.043962203759676],[2.045296803611866,49.04396776174915],[2.045393994545712,49.04412647247624],[2.04617755050936,49.04479150198587],[2.046351490694803,49.04485376137522],[2.046355976080044,49.044864324867376],[2.046894560542464,49.04517676025186],[2.047213899999987,49.045325025],[2.047683140845072,49.0455009903169],[2.047898384937269,49.04523438115724],[2.047605924761946,49.044626867316644],[2.046732905394392,49.044427062884075],[2.046995235824538,49.043822417428025],[2.047676874647819,49.04385779189789],[2.048009734259602,49.04402916516336],[2.048566951920316,49.044074760062394],[2.048635616992973,49.04404647263663],[2.049352323441262,49.044515066703134],[2.049440299473891,49.04450770491049],[2.049584219729965,49.04451246189011],[2.049852846333859,49.04454548841111],[2.050062941830852,49.044611704267425],[2.050100598412148,49.044620585748184],[2.050368456656825,49.04452756314728],[2.050638567921984,49.044474163345924],[2.050855820940916,49.04441879289888],[2.05107741131806,49.04451381871681],[2.051539874985263,49.044438577861484],[2.051549212959757,49.044437970924754],[2.051873465948431,49.044819178530204],[2.052003135143778,49.044869940502025],[2.052385577966244,49.04479815089371],[2.052698497462712,49.04438664032302],[2.052704850783098,49.044345685034564],[2.053129066659769,49.04449208950379],[2.053408422959291,49.04445041756961],[2.053636346620416,49.045505483549356],[2.053923996258458,49.04626844729518],[2.054203772325808,49.04537485218352],[2.054386550769426,49.04514317248964],[2.054525788062218,49.04499221622357],[2.054643366918558,49.04488146767422],[2.054806124399622,49.04478598607108],[2.054941751374183,49.04473320513024],[2.055024573359059,49.04471313899615],[2.055135791464258,49.04469645628036],[2.055225801892887,49.04469746310842],[2.055433281487943,49.04463512618973],[2.055884614226244,49.04479972989429],[2.056003625645307,49.04485230471843],[2.056118824966195,49.04491350067293],[2.056134980186596,49.04490517008587],[2.056219052371644,49.04486999519448],[2.056377553047327,49.044816160579],[2.056413017568184,49.044754357985674],[2.056562719618152,49.04457629623059],[2.056751953266526,49.04440071861869],[2.057127080546232,49.0442163675313],[2.057516563372307,49.04430353954199],[2.057528737158859,49.04430263395899],[2.057715594231386,49.04404927970762],[2.057759019318435,49.04397848365661],[2.057794226324202,49.04390815209708],[2.058032373345812,49.0438310319476],[2.058645737203899,49.04394615009105],[2.058858916273711,49.04409513471074],[2.059252663375213,49.04366153466373],[2.059319650971497,49.04355562628731],[2.059637314981229,49.04358191572259],[2.059912120152279,49.043528164970205],[2.06007893620607,49.04351620457389],[2.060565267997856,49.04359344550553],[2.060879429746399,49.04384386429061],[2.06096690866387,49.043874579592895],[2.061065978901404,49.04389604666005],[2.061223376029611,49.043867261971236],[2.061386310781861,49.04386688498199],[2.061563285197474,49.043220034243376],[2.061599802804969,49.04291416026607],[2.061604988750981,49.042635271613456],[2.061805362643795,49.042535390115056],[2.061979223077178,49.04242806528847],[2.061947141964286,49.04211630267858],[2.061975276824978,49.04158174032542],[2.06203214747383,49.041611274010016],[2.062325931267021,49.04213074601519],[2.062579792074949,49.04196933162864],[2.062606216685956,49.04192600183172],[2.062748837783393,49.04188248411224],[2.062750747340657,49.041872134783354],[2.062782227047156,49.04161673339109],[2.06309687815274,49.041456439431634],[2.063115058532495,49.0414236260633],[2.063119248783511,49.04141952619025],[2.062438861120083,49.04023847590651],[2.062567249372339,49.04008497258143],[2.062707020063779,49.03985033900404],[2.06274187554244,49.03982405514651],[2.062863214084093,49.039810120216394],[2.063212285834948,49.03984871194073],[2.06422256610782,49.04004658030506],[2.064558055930095,49.04007110904206],[2.064934852177315,49.04006321457683],[2.065293517406537,49.040025490887665],[2.065292929249806,49.04000623649365],[2.065249981312926,49.03966867042933],[2.065177329224142,49.03936556404605],[2.065093262975399,49.03921313887436],[2.065030555874701,49.03911902203416],[2.064996770050751,49.03887197817253],[2.064836354345585,49.037993913260046],[2.064860739186933,49.037787750510496],[2.064911452952541,49.0375955211894],[2.065034982280903,49.037429829156146],[2.065061680081362,49.037373007099546],[2.065069177672486,49.037352073231276],[2.065060741467371,49.03717412816055],[2.06506780047805,49.037141592212855],[2.065298684282099,49.037064304837756],[2.065434102827761,49.0369970971151],[2.065478860487081,49.036960941528456],[2.065501384297524,49.03693426859504],[2.065587275072868,49.03687655649678],[2.06571,49.03685479916897],[2.065808846673984,49.036818655786796],[2.065879833665422,49.036822189771215],[2.065927774186813,49.03684240685958],[2.066178763314753,49.036830914683385],[2.066342206583711,49.03699369354882],[2.066417426197213,49.03702157934262],[2.066571734836359,49.037113627021405],[2.066663923198362,49.037197069675656],[2.066786490340964,49.037104431719044],[2.066977448027222,49.037010695897386],[2.067423054669589,49.03701381930844],[2.067566451057653,49.03721406081196],[2.067909115525314,49.03722301936014],[2.067987906536254,49.03742521797857],[2.068432364075203,49.03759423704268],[2.068532018234384,49.03774843874163],[2.068536606475762,49.03779068879764],[2.068475906421124,49.03791407256882],[2.067977372754632,49.038102828975155],[2.068021876898041,49.03818343438178],[2.068245806336536,49.03869497961282],[2.068635986190379,49.038579537970115],[2.068906287731935,49.038841816863176],[2.069166934911698,49.038924732608145],[2.069362194256432,49.03883501885516],[2.069718907959547,49.03881818281017],[2.069771508572283,49.03876211674531],[2.070159611137571,49.03888984670351],[2.070772872997146,49.03974350721201],[2.070432358515245,49.039864432860114],[2.070816499883395,49.04106487463562],[2.07045739669444,49.04137026770608],[2.069765399462246,49.04033451133103],[2.069343605001811,49.040719315290666],[2.068954592707913,49.041342448744935],[2.068977509739526,49.04154899029397],[2.069146460384944,49.042105040047964],[2.069266645132258,49.04217040141405],[2.069435515325117,49.04262420567824],[2.069780319844917,49.04294433552516],[2.069958339274137,49.0430548101339],[2.070073538675488,49.043092865541524],[2.070592770398477,49.04267177039848],[2.07063090322585,49.04264590322579],[2.070790690790923,49.04254498476363],[2.071063012481772,49.04226726165082],[2.071944967927002,49.04267025523818],[2.072095617143905,49.042708015113135],[2.072469164866368,49.04268758819971],[2.072757878836746,49.04282883404297],[2.072873828414426,49.042817695320714],[2.073139683155485,49.04288081265466],[2.07566508547226,49.04474608784195],[2.075757,49.044679],[2.076472,49.044168],[2.076490513381848,49.04415533684681],[2.077376030532326,49.04354964311589],[2.078222,49.042971],[2.079031,49.042432],[2.080024,49.041815],[2.080689,49.041434],[2.080990330094649,49.041279444361585],[2.081922233342949,49.04080146056891],[2.082664,49.040421],[2.082910164128819,49.04031541205903],[2.085429,49.039235],[2.085500036973795,49.039208720425876],[2.086086615125602,49.03899172041596],[2.087505,49.038467],[2.086955,49.038067],[2.086291,49.037541],[2.085876,49.037185],[2.085379073885848,49.036806166915326],[2.084601,49.036213],[2.084573815722406,49.036191352969944],[2.084240693018407,49.03592608503485],[2.083041781869341,49.03497138371592],[2.082868,49.034833],[2.083469089767561,49.03440964362818],[2.083474432354194,49.03440588076577],[2.083546157105742,49.0343553639674],[2.083656,49.034278],[2.084322205237654,49.03384329465188],[2.084433,49.033771],[2.085458,49.033209],[2.084943,49.032923],[2.084669707317083,49.03274080487806],[2.084589,49.032687],[2.084366378659646,49.032458402247826],[2.084291,49.032381],[2.084170106124899,49.03211434265263],[2.084116,49.031995],[2.083969,49.031552],[2.083829419163349,49.03125849782978],[2.083823,49.031245],[2.083563,49.030838],[2.083720814477864,49.030706693422715],[2.08372828119922,49.030700480877215],[2.083819,49.030625],[2.084038,49.030372],[2.084098,49.030248],[2.084221636544863,49.029798059946536],[2.084353,49.02932],[2.084433,49.029161],[2.084437414141417,49.02915588888889],[2.084623,49.028941],[2.084749,49.028848],[2.085011001632151,49.028719993488295],[2.085035304139839,49.028708119977395],[2.085099,49.028677],[2.085142147157885,49.02866074725892],[2.085214497848679,49.028633494083905],[2.085322,49.028593],[2.085359406024573,49.02858606378352],[2.085624,49.028537],[2.085783031167285,49.02853034288137],[2.085958594410434,49.028522993722355],[2.086054,49.028519],[2.086416705845425,49.02855436381993],[2.086454,49.028558],[2.086666,49.028615],[2.086988009761221,49.02875490229917],[2.087035402826356,49.02877549297553],[2.087078,49.028794],[2.087401,49.02905],[2.087725,49.0289],[2.087752856490702,49.028896178976936],[2.087849533785293,49.02888291793211],[2.08791721572206,49.02887363412662],[2.087937015906991,49.02887091817205],[2.087951,49.028869],[2.088456107206451,49.0288406491946],[2.088539491294877,49.028835968988034],[2.088824,49.02882],[2.089133,49.028748],[2.08931,49.028647],[2.089534,49.028891],[2.089992,49.029277],[2.090491,49.02955],[2.09092,49.029002],[2.090823,49.028844],[2.090978,49.028521],[2.091084,49.028022],[2.091063,49.027391],[2.091062058581111,49.027387085075105],[2.090899,49.026709],[2.090682,49.026191],[2.090578946607772,49.02599383278692],[2.090528499716186,49.02589731511964],[2.090514484486369,49.02587050043898],[2.090267,49.025397],[2.08997,49.025013],[2.090448,49.024865],[2.090181,49.024412],[2.090818,49.024275],[2.090875886541481,49.024396761345876],[2.091021,49.024702],[2.091144304803282,49.024942346947256],[2.091578268678583,49.02578823364324],[2.091907,49.026429],[2.092109486834804,49.02715228297392],[2.092164495957154,49.027348775558956],[2.092231493221063,49.02758808978564],[2.092296525008789,49.027820383331395],[2.092368615897988,49.028077891987614],[2.092407,49.028215],[2.092500914900683,49.02851064751212],[2.093069,49.030299],[2.093199861273968,49.03068471764395],[2.09364815401267,49.03200607432747],[2.093717,49.032209],[2.094164,49.033452],[2.094337,49.033836],[2.094415317525081,49.033979382731],[2.094917452965993,49.034898685923636],[2.095188,49.035394],[2.095569,49.036032],[2.096076,49.035886],[2.096549,49.035833],[2.097701,49.035622],[2.098187877737765,49.035414839277045],[2.098674,49.035208],[2.100248379061261,49.03458163413691],[2.100627,49.034431],[2.100723,49.034401],[2.101471494627582,49.03411415625198],[2.103579180695927,49.03330643292408],[2.103716,49.033254],[2.10443,49.031741],[2.107234,49.030613],[2.107277,49.030395],[2.107139,49.030117],[2.107207461596484,49.029561865750246],[2.107277,49.028998],[2.107459037322578,49.02891810584176],[2.107637,49.02884],[2.108246067522035,49.028485694793275],[2.108359,49.02842],[2.108654,49.028449],[2.108872,49.028408],[2.109163,49.028259],[2.11033,49.027521],[2.111235542850135,49.02698317831303],[2.113075299570685,49.02589050659362],[2.11332300370304,49.02574338969649],[2.113785,49.025469],[2.115470744434516,49.02376028498198],[2.115922878816754,49.02330198964772],[2.11606,49.023163],[2.116432670270217,49.02268119887184],[2.117023,49.021918],[2.117246,49.022084],[2.117272,49.021905],[2.117755896930923,49.02179237338683],[2.117777803749219,49.02178727459287],[2.11861767466162,49.021591795327936],[2.119098,49.02148],[2.119229,49.021267],[2.120537,49.019829],[2.120685,49.019632],[2.120776,49.019429],[2.120469,49.018669],[2.120986,49.018101],[2.120706,49.017891],[2.120405,49.017579],[2.119966,49.01722],[2.119946931027128,49.01720708746701],[2.119489,49.016897],[2.118634,49.016257],[2.118145,49.015855],[2.117697,49.015545],[2.117458,49.015333],[2.116955,49.014962],[2.116738673134686,49.0147940516882],[2.116405,49.014535],[2.116015687790505,49.01427327137976],[2.115871,49.014176],[2.11583653132787,49.014150025976924],[2.115619239706597,49.013986284897385],[2.115449,49.013858],[2.115268133241851,49.013715400117626],[2.114835651728955,49.01337442086031],[2.114395,49.013027],[2.114334508423884,49.012981202120585],[2.113926235752095,49.01267210085739],[2.113673991761744,49.01248112815351],[2.113463245268876,49.012321573004066],[2.11328856988725,49.012189327118314],[2.113197,49.01212],[2.113164187677936,49.012099546985915],[2.113010736263729,49.012003895604394],[2.112597,49.011746],[2.112520187393211,49.01169638373496],[2.112443003961431,49.011646527939554],[2.111809,49.011237],[2.11137802966854,49.01092617897307],[2.111374212846626,49.01092342623484],[2.111149,49.010761],[2.110948810880827,49.01060428051813],[2.110799,49.010487],[2.110691088979522,49.01041541024983],[2.110594,49.010351],[2.11058654116911,49.010003418480565],[2.110584,49.009885],[2.110566996545105,49.0097064637236],[2.110556519493671,49.00959645468354],[2.110554,49.00957],[2.110535180379399,49.009497356264475],[2.11050431671645,49.0093782225255],[2.110504,49.009377],[2.110448586118252,49.00924620694087],[2.110406952023182,49.00914793823119],[2.110272484225034,49.008830554678205],[2.110232,49.008735],[2.109859402579185,49.00879741479638],[2.109565296652019,49.00884668127149],[2.109312190026108,49.00888907984334],[2.109233860720586,49.00890220099605],[2.109124048541408,49.00892059592962],[2.109007137250309,49.008940180054516],[2.108823752259768,49.008970899367654],[2.108618807327182,49.00900523024469],[2.108478006081542,49.009028816240146],[2.108340570087525,49.00905183851326],[2.108172972024935,49.009079913315624],[2.108065,49.009098],[2.1079887977915,49.00911191296604],[2.107897945779101,49.0091285006869],[2.107771359182409,49.009151612812595],[2.107468,49.009207],[2.10742825018531,49.00921294498695],[2.107033848294927,49.00927193177994],[2.106824514418929,49.00930323977899],[2.106786,49.009309],[2.106666246928511,49.009331252622985],[2.10656471965652,49.00935011851159],[2.106465567307465,49.009368543089884],[2.106316017098675,49.009396332643604],[2.106154980619773,49.00942625658632],[2.105980320026394,49.0094587121742],[2.105819609237916,49.00948857559683],[2.105678171535472,49.00951485767736],[2.105446,49.009558],[2.105389009075896,49.009573527961926],[2.105136527086383,49.009642320156175],[2.104997961556765,49.0096800742425],[2.104826830760812,49.00972670118401],[2.104683812901843,49.00976566836877],[2.104577777983256,49.00979455904224],[2.104411,49.00984],[2.104274512822868,49.00987215666477],[2.104029,49.00993],[2.103937705911711,49.009954937306645],[2.103661636697571,49.010030346599606],[2.103340455700006,49.01011807833751],[2.103176,49.010163],[2.103005787626166,49.01020694467483],[2.102709342356058,49.010283479598264],[2.102353365397478,49.010375384148674],[2.102014,49.010463],[2.101593,49.010553],[2.101352331590588,49.01059078411888],[2.100818925174742,49.01067452710567],[2.100399271850304,49.010740411245344],[2.100139465988585,49.01078119987893],[2.099839523104022,49.01082828988811],[2.099835,49.010829],[2.099655241288326,49.01085913098405],[2.099513357541132,49.01088291340263],[2.09931,49.010917],[2.099261837056543,49.01092666401639],[2.099058282182094,49.010967507816645],[2.098697,49.01104],[2.097747317446539,49.011265122290986],[2.097654824020185,49.011287047861764],[2.097558,49.01131],[2.096777,49.011537],[2.096278,49.01172],[2.096246010771619,49.01172876493692],[2.095705,49.011877],[2.095662432327405,49.0118867458626],[2.095309941321278,49.011967448628425],[2.095099225141619,49.012015692067855],[2.094839396547663,49.01207517978757],[2.094663898937958,49.01211535994041],[2.094648,49.012119],[2.094477757315222,49.012160638303705],[2.094254897278224,49.01221514586693],[2.09409465839859,49.012254337419535],[2.094002,49.012277],[2.093951217868849,49.012288451460506],[2.093797588649086,49.01232309512163],[2.093636964339826,49.012359316187826],[2.093489571527173,49.01239255352811],[2.093339731928197,49.01242634262304],[2.093227639889463,49.01245161957628],[2.093155,49.012468],[2.092959812026895,49.012506481239356],[2.092734,49.012551],[2.09245232499803,49.012644610554545],[2.092443955266266,49.01264739211211],[2.0924,49.012662],[2.091833,49.012795],[2.091630338412728,49.01285119865478],[2.09078,49.013087],[2.08986040231156,49.01332697851995],[2.089836995466469,49.01333308677806],[2.089822,49.013337],[2.089512,49.013444],[2.088403,49.013716],[2.087935112738461,49.01384513334629],[2.087874,49.013862],[2.087131,49.014045],[2.086646288098926,49.01415330715463],[2.086324415000056,49.014225228556626],[2.086199122706406,49.01425322467512],[2.085958700889556,49.01430694607713],[2.085419987196553,49.01442731974057],[2.085414693703793,49.01442850255275],[2.085155169298064,49.01448649236046],[2.08514811926293,49.0144880676658],[2.084862,49.014552],[2.084587,49.013906],[2.084445,49.013499],[2.084168,49.012896],[2.083928,49.012249],[2.083641,49.011625],[2.083007,49.010158],[2.082663,49.009453],[2.082533,49.009459],[2.081996,49.009128],[2.07986,49.00808],[2.079239,49.007796],[2.078675,49.007557],[2.078397,49.007459],[2.077199,49.007124],[2.076593,49.007008],[2.076432,49.007009],[2.075601,49.006759],[2.075169,49.006673],[2.07476,49.006679],[2.07482,49.006558],[2.075025,49.005159],[2.075257,49.003911],[2.075379,49.003185],[2.075302,49.002525],[2.075287,49.002097],[2.073542,49.001733],[2.072745,49.001775],[2.071712,49.001401],[2.071161,49.00243],[2.070826,49.002946],[2.070503,49.003382],[2.070089,49.003859],[2.069354,49.004598],[2.068688,49.005254],[2.068053,49.005841],[2.067542,49.006222],[2.067099,49.006509],[2.066573,49.0068],[2.065161,49.007718],[2.064715,49.008021],[2.064128,49.008459],[2.063686,49.008139],[2.063237,49.00792],[2.062452188053109,49.00757468274337],[2.062362,49.007535],[2.061819,49.007312],[2.061642,49.007211],[2.061010954849501,49.00695324916388],[2.060613247723598,49.00679080540823],[2.060364,49.006689],[2.060183007109483,49.0066082062664],[2.059964371511024,49.006510609138424],[2.059778268171124,49.00642753414237],[2.059637940932233,49.006364893220265],[2.059417021048404,49.006266276406144],[2.059394,49.006256],[2.059189872713489,49.00620268552105],[2.059007180312216,49.00615496945944],[2.058761676195728,49.0060908480758],[2.058531652149688,49.00603076981596],[2.058311482673139,49.0059732653974],[2.058079823300782,49.005912760018916],[2.057740639782727,49.00582417121317],[2.057586085192727,49.00578380425599],[2.057449,49.005748],[2.057519,49.005651],[2.057311,49.005521],[2.056963,49.005382],[2.056770252469684,49.005342903137866],[2.056571177102359,49.005302522738816],[2.05647,49.005282],[2.056225372512913,49.0052503423252],[2.056215,49.005249],[2.055965756364441,49.0052449749475],[2.05541,49.005236],[2.055033466978768,49.00520943012955],[2.054914,49.005201],[2.054786364066181,49.005172785740946],[2.054629,49.005138],[2.054353880718669,49.00504130535719],[2.053912,49.004886],[2.053302541220184,49.00451877306902],[2.053206821346197,49.00446109744481],[2.053205,49.00446],[2.05308179173102,49.00441307722467],[2.052777,49.004297],[2.052454,49.004255],[2.052207,49.004171],[2.051891850819612,49.00408365528334],[2.051843251581932,49.004070185831694],[2.051463574646384,49.0039649570181],[2.051406,49.003949],[2.05115202293484,49.00384783364814],[2.051047,49.003806],[2.050717426068525,49.00358256998596],[2.050606893043662,49.003507635675504],[2.050433184563384,49.00338987245311],[2.050322028791389,49.00331451596],[2.050060591097372,49.00313727795036],[2.049950846631121,49.003062878232136],[2.049923,49.003044],[2.049762115068007,49.002967214009736],[2.049747,49.00296],[2.049766074837278,49.00290957736813],[2.049876,49.002619],[2.049786666233386,49.00261097600899],[2.049431964773951,49.002579116596465],[2.049375,49.002574],[2.048340238122254,49.002369015475885],[2.048310348863775,49.002363094465885],[2.048113,49.002324],[2.048030416672176,49.00230329760412],[2.047461580729243,49.00216069900473],[2.047383,49.002141],[2.047058225272723,49.00203640343342],[2.046821143415805,49.0019600491295],[2.046703,49.001922],[2.044981,49.001327],[2.044532117244671,49.00115331011364],[2.044052526860178,49.00096773827244],[2.043557,49.000776],[2.042792,49.000586],[2.042707640160479,49.00065867142802],[2.042626,49.000729],[2.042202611835282,49.00098944520921],[2.042097925987422,49.00105384220898],[2.041662,49.001322],[2.041456,49.001379],[2.040875,49.001359],[2.039920815571133,49.00136281673771],[2.039875,49.001363],[2.039029256063081,49.00141173778619],[2.03899,49.001414],[2.038636418322602,49.001452033398294],[2.038363236214684,49.00148141852932],[2.038169593720193,49.00150224789518],[2.038081448176773,49.00151172936658],[2.037893,49.001532],[2.037707187198595,49.0015584532576],[2.037278675625896,49.00161945834947],[2.037179756815835,49.001633540935515],[2.037022,49.001656],[2.03662,49.001693],[2.036401854511912,49.00169436983038],[2.035983,49.001697],[2.034931,49.001683],[2.03443,49.001689],[2.033297109101367,49.00168481738592],[2.030638,49.001675]],[[2.061509303614392,49.04253913654674],[2.06108052325007,49.04238850087939],[2.061132675934167,49.04222431650354],[2.061552753833401,49.04188707086616],[2.061559254755435,49.04212287703805],[2.061509303614392,49.04253913654674]],[[2.069384910183873,49.031280478783586],[2.069367870018981,49.03134640184576],[2.069339482116157,49.031418446902165],[2.069303799172036,49.031479770285195],[2.069261854680679,49.03152572860346],[2.069213561706923,49.031562399201796],[2.069158467039732,49.0315881628951],[2.069093422152955,49.03160626600274],[2.069023014994139,49.03161294254365],[2.06882534432973,49.031410035570254],[2.069031237441875,49.031216471386976],[2.069399754053504,49.031149393082394],[2.069395741935482,49.03120882258065],[2.069384910183873,49.031280478783586]],[[2.070986817371376,49.03864288818135],[2.071243483778531,49.03853494003538],[2.07140908179347,49.03863666453027],[2.071707219296443,49.038481685563966],[2.072722588763197,49.039369101967836],[2.072601161191409,49.03968258882262],[2.072050333912193,49.03988594326933],[2.071879311952811,49.03998332014146],[2.071123190264455,49.03972767255811],[2.070986817371376,49.03864288818135]]],[[[2.025983027972028,49.052625954545455],[2.025915098353155,49.0526913682525],[2.026020479286044,49.05269393851917],[2.026042907035175,49.05268155653266],[2.025983027972028,49.052625954545455]]],[[[2.063679997350185,49.04578958703629],[2.063207714892412,49.04570693760618],[2.063117566433998,49.04588531062298],[2.063249150449779,49.046391667961196],[2.063679997350185,49.04578958703629]]]]}},{"type":"Feature","properties":{"code_canton":"21","nom":"Villiers-le-Bel","method":"Union de contours BV reconstitués, non opposables"},"geometry":{"type":"Polygon","coordinates":[[[2.411954,48.993809],[2.411871,48.993585],[2.411703618253831,48.99360305693989],[2.411453302772685,48.99363006067058],[2.411252046981379,48.993651771901405],[2.411050919788343,48.99367346925919],[2.411046,48.993674],[2.410890723675861,48.99369948846005],[2.41062667705471,48.9937428314603],[2.410331663395155,48.99379125767028],[2.410053,48.993837],[2.409866,48.993539],[2.409710070631349,48.993572332727354],[2.409314,48.993657],[2.408211,48.991926],[2.408183,48.99189],[2.407607047129928,48.992175144808336],[2.407418343282736,48.99226856898441],[2.407191612050045,48.99238081989459],[2.40639499428666,48.99277521226811],[2.406149,48.992897],[2.406041,48.992793],[2.405701161799662,48.99295214019788],[2.404638,48.99345],[2.403654,48.993885],[2.402686,48.994305],[2.402349,48.993719],[2.401140424137858,48.994162024226476],[2.400674,48.994333],[2.399979,48.994579],[2.399251668389011,48.99485298128436],[2.398872,48.994996],[2.398392978588233,48.99514111388259],[2.397885,48.995295],[2.396786,48.995684],[2.397058,48.995995],[2.396434,48.996229],[2.394662728691705,48.996878130678326],[2.39397,48.997132],[2.393636,48.997278],[2.393989,48.997757],[2.394202,48.997981],[2.393105,48.998192],[2.391619,48.998544],[2.391655,48.998655],[2.389865,48.999089],[2.38977,48.999129],[2.3893653211242,48.99921962039783],[2.3886,48.999391],[2.388211,48.999486],[2.388251,48.999594],[2.386486778968076,49.00031752368532],[2.386332,49.000381],[2.386469,49.000505],[2.385680255477252,49.000832892365885],[2.385000383331665,49.00111552492927],[2.384369,49.001378],[2.383317643321084,49.00174427399725],[2.38318842769457,49.00178929042695],[2.38304,49.001841],[2.382866,49.001964],[2.382506101910235,49.00210357786786],[2.381716,49.00241],[2.381835,49.002621],[2.382231,49.003124],[2.382496971078212,49.003488609358875],[2.382533,49.003538],[2.382592,49.003672],[2.382069712481425,49.003868602526005],[2.382066,49.00387],[2.381913,49.003875],[2.381801661624968,49.003910102814565],[2.38140032336343,49.00403663692797],[2.381396,49.004038],[2.380566,49.004352],[2.380701066165243,49.004488916386684],[2.380858,49.004648],[2.380465,49.004715],[2.380918,49.005158],[2.381106069984695,49.00535742991666],[2.381216,49.005474],[2.380623,49.005763],[2.380779,49.00587],[2.380396,49.006065],[2.38039116576069,49.00606753938641],[2.380250339983097,49.00614151401666],[2.379859762059949,49.006346681408196],[2.379824577204041,49.006365163725505],[2.379415833862506,49.006579873262886],[2.379301278913859,49.00664004804136],[2.379269973904951,49.00665649230674],[2.379048867120363,49.006772637893974],[2.378926784780192,49.00683676674971],[2.378854,49.006875],[2.37891,49.007307],[2.378883,49.007397],[2.379037,49.007903],[2.379047,49.008122],[2.379046196759613,49.008137121873375],[2.379024,49.008555],[2.379084,49.008798],[2.379257157053135,49.00911573478682],[2.37929,49.009176],[2.379409013331442,49.0093536877361],[2.379576,49.009603],[2.379839,49.009967],[2.379407,49.010092],[2.37946,49.010667],[2.379399,49.01108],[2.379412810590435,49.01131442591969],[2.379424416902957,49.011511435634816],[2.379438,49.011742],[2.379367,49.011859],[2.379579,49.012974],[2.379845,49.013355],[2.379859,49.013729],[2.381045,49.014206],[2.381092,49.014297],[2.381522710067894,49.01432745905453],[2.381581481030369,49.01433161523309],[2.381997,49.014361],[2.382042,49.014259],[2.382799,49.014118],[2.382867,49.013886],[2.382821,49.013721],[2.383057358748473,49.01368482650564],[2.384069,49.01353],[2.384084872991891,49.013526092801996],[2.384199,49.013498],[2.384982,49.013388],[2.385130230212272,49.01384902108393],[2.385218,49.014122],[2.387262,49.014017],[2.387483957077816,49.01402767994308],[2.38764646873194,49.0140354995415],[2.38774,49.01404],[2.388408,49.014101],[2.389944,49.014161],[2.390544,49.014158],[2.390953,49.014105],[2.391696919366723,49.014064689098355],[2.391968,49.01405],[2.392356,49.014052],[2.393314,49.01415],[2.393133,49.014285],[2.393094,49.01439],[2.393096,49.014663],[2.393142,49.014895],[2.393271,49.015196],[2.393327,49.015243],[2.393379,49.015473],[2.393824,49.015954],[2.394234,49.016354],[2.394417,49.016563],[2.396105932730188,49.01624441810881],[2.396299,49.016208],[2.396831,49.016749],[2.397442,49.017204],[2.398647,49.017873],[2.399902,49.018759],[2.400833206585506,49.019353417804965],[2.401196,49.019585],[2.401831,49.019958],[2.402249,49.02019],[2.403336,49.020746],[2.404196048611402,49.0211031741087],[2.404351275386549,49.02116763905211],[2.404369,49.021175],[2.404882,49.021406],[2.405363,49.021656],[2.405693,49.02186],[2.405925,49.022031],[2.406772,49.022591],[2.407439,49.022961],[2.408285,49.023351],[2.408846,49.023558],[2.409077,49.023776],[2.409296,49.023914],[2.409781,49.024154],[2.41002,49.024148],[2.410756,49.024118],[2.411258,49.024603],[2.41237,49.024202],[2.412642,49.02408],[2.412806,49.024728],[2.412925,49.024983],[2.413284,49.025522],[2.413559,49.025807],[2.414008,49.026143],[2.414484,49.02643],[2.414726,49.026553],[2.415,49.026744],[2.415336,49.027016],[2.416174,49.027724],[2.416474,49.028018],[2.416918,49.028601],[2.417192,49.028321],[2.417573,49.027886],[2.41777,49.027706],[2.418008,49.027567],[2.418363,49.027405],[2.418662,49.027224],[2.41895,49.026974],[2.419242,49.02667],[2.419644,49.026351],[2.420152,49.025886],[2.420506,49.025508],[2.420717,49.025254],[2.421079,49.025787],[2.421326,49.026097],[2.421744,49.026446],[2.421984,49.026617],[2.422548,49.026977],[2.422927,49.027309],[2.423077,49.027469],[2.423306,49.027803],[2.423446,49.02809],[2.423598,49.028655],[2.42361,49.028838],[2.423694,49.029244],[2.428342,49.02803],[2.429948,49.029746],[2.432559,49.032598],[2.433584,49.034229],[2.434153,49.033943],[2.434482,49.034519],[2.434927,49.03424],[2.435829,49.0337],[2.436062,49.033536],[2.435038,49.030723],[2.434251,49.029772],[2.434422,49.029644],[2.434569,49.02947],[2.434731,49.029165],[2.434842,49.028856],[2.43496,49.028731],[2.435125,49.028719],[2.436191,49.028816],[2.436987,49.028879],[2.437518,49.028894],[2.438073,49.02889],[2.438344,49.028186],[2.438572,49.027668],[2.439103,49.026615],[2.439193,49.02648],[2.440944,49.023121],[2.441054,49.02275],[2.441199,49.022427],[2.441897,49.020462],[2.442186,49.019716],[2.442228,49.019503],[2.442357,49.01923],[2.443011,49.017488],[2.443165,49.017187],[2.443346,49.01663],[2.4434,49.016396],[2.44357,49.01605],[2.444014,49.014864],[2.442978,49.013847],[2.442971,49.01359],[2.442907,49.012964],[2.442918,49.012672],[2.443011,49.012667],[2.443071,49.012422],[2.443295,49.012109],[2.443377,49.011947],[2.443411,49.011672],[2.443359,49.011423],[2.443376,49.011312],[2.443557,49.011502],[2.443721,49.011734],[2.444028,49.012052],[2.444625,49.012456],[2.445928,49.012099],[2.447615,49.011527],[2.447699,49.011513],[2.449095,49.011029],[2.449923,49.01083],[2.450274,49.01078],[2.452013,49.010558],[2.453852,49.010189],[2.454266,49.010135],[2.455111,49.009988],[2.456461,49.009723],[2.457301,49.009649],[2.458142,49.009534],[2.458499,49.009513],[2.459144,49.009532],[2.461058,49.009683],[2.461049,49.009792],[2.461071362083935,49.010037982923286],[2.461106,49.010419],[2.46128,49.010425],[2.461928,49.010239],[2.462143,49.010147],[2.463246,49.009847],[2.463804,49.009678],[2.464563,49.009507],[2.464937,49.009403],[2.465418066262051,49.00921789837242],[2.465423,49.009216],[2.465695451238769,49.009120642066435],[2.466063,49.008992],[2.466196,49.008911],[2.466341640919052,49.00918495478342],[2.466507,49.009496],[2.466858,49.009508],[2.466925390280277,49.00950626834397],[2.466954405097552,49.00950552278122],[2.467173383606341,49.00949989592446],[2.467325,49.009496],[2.46739,49.009481186046514],[2.46754,49.009447],[2.467567,49.009591],[2.467600461185934,49.00959041603515],[2.467728139845863,49.009588187786285],[2.46787850113714,49.009585563679984],[2.468060829874537,49.00958238167758],[2.4682185,49.009579630017456],[2.468359417315291,49.00957717072748],[2.468502737957193,49.00957466949464],[2.468666351626996,49.00957181410773],[2.468713,49.009571],[2.468846874245868,49.00954062315318],[2.469026,49.00949997847534],[2.469227958263879,49.009454152967926],[2.469828,49.009318],[2.469595,49.009004],[2.469549312072889,49.008911150341675],[2.469471,49.008752],[2.469489,49.008674],[2.469594060930601,49.00851194847025],[2.469701,49.008347],[2.469771884648195,49.00838377425379],[2.47003938965853,49.00852255320507],[2.47013743204666,49.00857341662549],[2.470341638284446,49.00867935680018],[2.471533983924386,49.009297933914944],[2.471755184712471,49.00941269069409],[2.471883,49.009479],[2.471888975043338,49.00948200519931],[2.472057946697661,49.00956699094261],[2.472446976144973,49.009762656640966],[2.472459527100259,49.00976896925161],[2.472559,49.009819],[2.472561,49.009925],[2.472558473935538,49.00993389614006],[2.472527182029295,49.01004409807075],[2.472497953869191,49.0101470320259],[2.472463763898665,49.010267440182965],[2.472446,49.01033],[2.472784939050493,49.010386300278526],[2.473042,49.010429],[2.473263180268294,49.01039556709569],[2.473341968494524,49.01038365771857],[2.474457612829498,49.01021502047718],[2.474987,49.010135],[2.475352,49.010073],[2.475378,49.010103],[2.475597774771107,49.01006439091859],[2.475636538922636,49.010057581000076],[2.475748,49.010038],[2.475808319626027,49.010032876634284],[2.475921963975439,49.01002322402863],[2.476466297234412,49.00997699001592],[2.477010382672215,49.00993077705239],[2.477075757014577,49.00992522435443],[2.477255,49.00991],[2.477282,49.010084],[2.477341639298137,49.010301636601056],[2.477431000883085,49.010627736206864],[2.477473,49.010781],[2.477952924180374,49.01071627034176],[2.478081577387549,49.01069891827143],[2.478358952420998,49.0106615073806],[2.478511,49.010641],[2.478599216807746,49.01090362245065],[2.478600691130802,49.01090801152733],[2.478632806437973,49.01100361916592],[2.478655555794344,49.011071344261325],[2.478685,49.011159],[2.478789,49.011536],[2.479062610155276,49.01149504750388],[2.47925,49.011467],[2.479432165488823,49.01145031817868],[2.479796,49.011417],[2.479834935311701,49.01141398115874],[2.479970656517211,49.0114034580434],[2.480271070621138,49.01138016549856],[2.480594529281098,49.01135508619888],[2.480783939254092,49.01134040033617],[2.480921262490186,49.01132975300772],[2.481128410785145,49.01131369180791],[2.481305,49.0113],[2.481330295720032,49.01129874881384],[2.481463807039174,49.01129214502817],[2.481627049681954,49.01128407066089],[2.482061656465186,49.01126257398129],[2.482110725658263,49.01126014690293],[2.482322597935416,49.011249667198896],[2.482494899385063,49.0112411447616],[2.4827,49.011231],[2.482905406815269,49.01121954304616],[2.483565824379796,49.011182707006704],[2.483704,49.011175],[2.483761008736564,49.011169250908154],[2.485241,49.01102],[2.485411349783849,49.01100002795638],[2.486256,49.010901],[2.488138,49.010703],[2.488792,49.010609],[2.48966,49.010442],[2.489923,49.010407],[2.490411,49.010299],[2.4912,49.010247],[2.493196,49.015438],[2.493386,49.01588],[2.493767,49.016606],[2.496131,49.020321],[2.498241,49.023614],[2.4985,49.024036],[2.49985,49.026157],[2.500029,49.026427],[2.502687,49.025768],[2.502621,49.025606],[2.506321,49.02485],[2.507257,49.026754],[2.508948,49.026489],[2.50981,49.028436],[2.509683,49.028722],[2.515589,49.027834],[2.51653,49.027657],[2.518669,49.027345],[2.5238,49.026987],[2.525339,49.026913],[2.529177,49.026741],[2.528827,49.024368],[2.531311,49.024079],[2.53136,49.024186],[2.534938,49.023835],[2.534656,49.021707],[2.535395,49.021651],[2.535348,49.020677],[2.534761,49.019848],[2.534451,49.019863],[2.534278,49.018515],[2.536332,49.01844],[2.537367,49.018458],[2.537426,49.01821],[2.537899,49.01644],[2.537918,49.016435],[2.538317,49.015157],[2.538095,49.015088],[2.538335,49.014256],[2.538814,49.012642],[2.540266,49.011669],[2.540736,49.011412],[2.541251,49.011503],[2.542263,49.011665],[2.542719,49.011724],[2.544853,49.011971],[2.544742,49.013694],[2.545223,49.013684],[2.545058,49.014687],[2.548846,49.014938],[2.549085,49.014949],[2.549364,49.013387],[2.550088,49.011978],[2.553373,49.011911],[2.553493,49.010876],[2.553489,49.010549],[2.553456,49.010141],[2.553079,49.006782],[2.552073,49.006762],[2.548819,49.006704],[2.54926,49.003162],[2.548077,49.00309],[2.547818,49.00505],[2.546944,49.00502],[2.546951,49.004916],[2.54551,49.004827],[2.545049,49.004809],[2.544082,49.004749],[2.54404,49.00564],[2.541152,49.005658],[2.541198,49.006288],[2.538391,49.006217],[2.538375,49.005322],[2.535728,49.005253],[2.535482,49.006586],[2.534426,49.006249],[2.532189,49.005238],[2.531073,49.003112],[2.530201,49.002303],[2.530477,49.00198],[2.530444,49.001913],[2.529641,49.002003],[2.529152,49.000428],[2.527874,49.000452],[2.524412,48.996248],[2.523228,48.994255],[2.522779,48.992144],[2.520452,48.992282],[2.520154,48.9911],[2.518923,48.990952],[2.519142,48.988544],[2.519202,48.987843],[2.516923,48.987614],[2.517006,48.98611],[2.51656,48.986128],[2.516215,48.986102],[2.512257,48.986049],[2.514262,48.982942],[2.514488,48.982646],[2.514554,48.982489],[2.514719,48.982231],[2.510528,48.980622],[2.510744,48.980378],[2.509229,48.979818],[2.508816,48.980592],[2.506343,48.980308],[2.506718,48.979881],[2.504859,48.97879],[2.503995,48.979317],[2.503764,48.979471],[2.501877,48.978535],[2.500374,48.977707],[2.500757,48.977473],[2.50211,48.976568],[2.501014,48.97603],[2.500239,48.975613],[2.500487,48.975435],[2.50007890529891,48.97539222357836],[2.49835,48.975211],[2.497605,48.975094],[2.497244,48.975061],[2.49579,48.975055],[2.497961,48.973863],[2.497302,48.97338],[2.496176,48.972599],[2.49249,48.974586],[2.490908,48.973354],[2.490704,48.973177],[2.488321,48.971297],[2.490258,48.97007],[2.486772,48.967258],[2.483829,48.96832],[2.48151,48.969583],[2.480767,48.969813],[2.479497989952456,48.968359050274614],[2.479278,48.968107],[2.478825,48.9675],[2.478533,48.967612],[2.477798,48.966703],[2.47503,48.967668],[2.473101,48.965867],[2.470592,48.96394],[2.469496,48.963022],[2.467346,48.964306],[2.464255,48.961244],[2.4637641975934,48.96070302155418],[2.463404,48.960306],[2.462947,48.959748],[2.462602,48.959536],[2.4622,48.959229],[2.461141,48.958542],[2.46083,48.958469],[2.460718,48.958396],[2.460569,48.958175],[2.460474,48.957865],[2.460338,48.957308],[2.460184,48.956987],[2.460201,48.956798],[2.460299,48.956556],[2.460144,48.956146],[2.459593,48.955273],[2.459489,48.955049],[2.459011,48.955127],[2.457659,48.955531],[2.456749,48.955731],[2.455737,48.955646],[2.45521,48.95562],[2.454172,48.955639],[2.453816,48.955589],[2.453282,48.955437],[2.452246,48.955199],[2.451619,48.955167],[2.451077,48.955031],[2.450472,48.954945],[2.450232,48.954932],[2.450042,48.954971],[2.449446,48.955004],[2.449092,48.955046],[2.448794,48.955213],[2.448158,48.955696],[2.447524,48.955798],[2.44533,48.95679],[2.445195,48.95677],[2.445015,48.956634],[2.444693,48.956727],[2.444559,48.956635],[2.444032,48.956723],[2.4439,48.956631],[2.443663,48.956626],[2.443525,48.956573],[2.442573,48.95655],[2.441814,48.956548],[2.441741,48.956505],[2.441153,48.956415],[2.440781,48.956211],[2.440687,48.956214],[2.439836,48.956053],[2.439252,48.955956],[2.437959,48.955821],[2.437254,48.955807],[2.437088,48.955753],[2.43683,48.955617],[2.436441,48.955501],[2.436066,48.955306],[2.435909,48.955177],[2.435658,48.955393],[2.435642,48.955489],[2.435418,48.95552],[2.43533,48.955724],[2.435034,48.955702],[2.434561,48.95593],[2.434147,48.956025],[2.433954,48.956437],[2.43346,48.956735],[2.433339,48.956786],[2.433029,48.957229],[2.432846,48.957243],[2.432816,48.957439],[2.432601,48.957413],[2.432466,48.957585],[2.432205,48.95767],[2.431785,48.957735],[2.431586,48.957787],[2.430921,48.958029],[2.430212,48.958224],[2.429959,48.95832],[2.429895,48.958436],[2.42974,48.958524],[2.42957,48.958485],[2.428981,48.958765],[2.428682,48.958825],[2.428464,48.958899],[2.428166,48.959107],[2.427853,48.959133],[2.426988,48.959297],[2.426727,48.959263],[2.426006,48.959263],[2.425748,48.959251],[2.425459,48.959038],[2.42336,48.958605],[2.423019,48.958564],[2.422866,48.958864],[2.422647,48.958894],[2.422504,48.958868],[2.422246,48.958748],[2.421598,48.958528],[2.418812,48.957713],[2.418447,48.958206],[2.418381,48.958406],[2.418121,48.959059],[2.418018,48.959356],[2.417961,48.959647],[2.417648,48.959817],[2.417672,48.960027],[2.417518,48.960208],[2.417182,48.960328],[2.41713,48.960381],[2.417079,48.960794],[2.417085,48.961058],[2.417259,48.961601],[2.417212,48.961691],[2.417048,48.961813],[2.417432,48.961907],[2.418935,48.962123],[2.419258,48.962117],[2.419273,48.962191],[2.419059,48.962594],[2.418945,48.962754],[2.418663,48.963013],[2.418241,48.96346],[2.418105,48.963574],[2.417959,48.96398],[2.417857,48.964327],[2.417693,48.964743],[2.417732,48.965611],[2.417823,48.965938],[2.418137,48.966528],[2.418362,48.966714],[2.418458,48.96692],[2.418679,48.967207],[2.418974,48.967652],[2.419047,48.967858],[2.417982,48.968281],[2.417411,48.968523],[2.416809,48.968763],[2.416993,48.96914],[2.417293,48.969342],[2.417376,48.969449],[2.417683,48.969724],[2.41787,48.969924],[2.418042,48.970051],[2.418289,48.970147],[2.418887,48.970512],[2.419296,48.970782],[2.41973,48.970806],[2.42007,48.970893],[2.420152,48.971014],[2.420171,48.971263],[2.420391,48.971402],[2.420543,48.971708],[2.420824,48.971907],[2.421094,48.972005],[2.422258,48.972537],[2.422583,48.972732],[2.422895,48.972868],[2.423088,48.972921],[2.422647,48.973132],[2.422137,48.973415],[2.423222,48.973774],[2.423464,48.973898],[2.423747,48.974096],[2.423923,48.974258],[2.424309,48.974528],[2.424471,48.974741],[2.424463,48.974855],[2.424812,48.974942],[2.424799,48.975222],[2.424989,48.975532],[2.425224,48.97596],[2.425249,48.976805],[2.425932,48.9771],[2.426799,48.977445],[2.427221,48.977592],[2.429142,48.97832],[2.430472,48.978811],[2.430924,48.978943],[2.43166,48.979501],[2.432172,48.979751],[2.432354,48.979882],[2.432363,48.980093],[2.432256,48.98033],[2.431884,48.980925],[2.431740518441726,48.9811494198732],[2.431552897763455,48.98144287785716],[2.431290268859237,48.98185365639965],[2.431182,48.982023],[2.431072,48.982153],[2.430826,48.982575],[2.430699962040578,48.982762821272864],[2.430622,48.982879],[2.430549023428339,48.98294262530243],[2.430224,48.983226],[2.429592,48.983726],[2.42923155300036,48.983982547019245],[2.428768168168363,48.98431235971719],[2.428556805005809,48.9844627967839],[2.428160642884554,48.984744763928724],[2.427760371532305,48.98502965580579],[2.427547066133673,48.98518147525293],[2.427285,48.985368],[2.427072849635318,48.98537280945411],[2.426888,48.985377],[2.426752079039059,48.985662770218234],[2.426701538735434,48.98576902986719],[2.426614577165378,48.985951864263605],[2.426605,48.985972],[2.426494769613019,48.98611273439344],[2.426364830496809,48.98627863150407],[2.426253884160902,48.98642027997067],[2.426180425938949,48.986514066254045],[2.426119233418212,48.986592192554106],[2.426060876620873,48.98666669840228],[2.4259982803751,48.986746616879586],[2.425969,48.986784],[2.42590144864736,48.986868164591804],[2.425811400545501,48.98698035866993],[2.425695070579649,48.98712529824121],[2.425477,48.987397],[2.425422313270343,48.9874872705606],[2.425331,48.987638],[2.425272022934826,48.987714952442715],[2.425195057674876,48.987815375628244],[2.425117170859253,48.987917001246615],[2.425042072598922,48.988014988397374],[2.424962781573698,48.988118446208624],[2.424934,48.988156],[2.424892198798114,48.98821395625575],[2.424818901130287,48.988315581524674],[2.424740195442245,48.98842470486993],[2.424666129331483,48.98852739556456],[2.424601599890955,48.9886168639193],[2.42452,48.98873],[2.424082,48.989777],[2.424078356863513,48.98978780133044],[2.42394801799316,48.99017423571559],[2.423796161647092,48.99062446605413],[2.423704419108408,48.990896468346556],[2.423671165618447,48.99099505974843],[2.423498288332643,48.991507613888764],[2.423497766394118,48.99150916135494],[2.423330216610421,48.99200592028395],[2.423319062571257,48.992038990267254],[2.423314,48.992054],[2.423156228979925,48.99250596756928],[2.423145051112933,48.9925379888706],[2.423144,48.992541],[2.423049680582537,48.99264869805824],[2.422909332089677,48.99280895413874],[2.422693300871988,48.99305562808234],[2.422648951318029,48.99310626835317],[2.42258,48.993185],[2.422553600655135,48.99318189218579],[2.422456489368156,48.993170459938554],[2.422353087495009,48.99315828714365],[2.421871536873699,48.99310159748448],[2.421807,48.993094],[2.421520832272364,48.99364338804315],[2.421492123229527,48.9936985039886],[2.421401728802321,48.99387204423328],[2.421310163980556,48.99404783141469],[2.421171,48.994315],[2.421531379292065,48.994386439270855],[2.421757493254417,48.9944312626471],[2.421965633944025,48.994472523117466],[2.422022099512806,48.99448371648831],[2.422067743870618,48.99449276473196],[2.42219,48.994517],[2.421786797173052,48.994919743336546],[2.42171130316243,48.99499515131411],[2.42138819387486,48.99531789238597],[2.420993748587742,48.99571188816279],[2.420771825688314,48.995933558158626],[2.420435,48.99627],[2.420339630124755,48.996328280051564],[2.419299104061942,48.99696414030023],[2.419090294369015,48.99709174285437],[2.418377423355218,48.99752737474895],[2.418006300224652,48.99775416622926],[2.417985575487469,48.997766831012015],[2.417636069083815,48.99798041261913],[2.417353440741876,48.998153125378764],[2.416992,48.998374],[2.416904739908317,48.99841611394386],[2.416474,48.998624],[2.416473931429133,48.99862337748409],[2.416423,48.998161],[2.415918393048629,48.99813329821903],[2.415519184287529,48.99811138256046],[2.415491638727634,48.998109870371486],[2.415136212734808,48.99809035828792],[2.415016842910005,48.99808380515437],[2.414955200877436,48.99808042114612],[2.414565,48.998059],[2.414475,48.998045],[2.414519056615615,48.99792494379352],[2.41466113148019,48.99753778356712],[2.41476372149795,48.997258221277036],[2.414825512831499,48.997089837187715],[2.414914459887065,48.99684745256694],[2.414979827703528,48.9966693224051],[2.415046,48.996489],[2.415057542478962,48.99646158932962],[2.415159335230981,48.996219855506084],[2.415397911924883,48.99565329202019],[2.415577,48.995228],[2.415021,48.995195],[2.414742169454021,48.99518402685036],[2.414284225578028,48.99516600484112],[2.414067593336414,48.995157479455216],[2.41403,48.995156],[2.414038,48.995042],[2.414019877394524,48.994942753456705],[2.413964855506181,48.99464143187076],[2.41391677889365,48.9943781453575],[2.413867296091871,48.99410715799669],[2.413805,48.993766],[2.413489118296695,48.99377459340469],[2.413452753539264,48.993775582689835],[2.412928043196809,48.993789857173816],[2.412804733534172,48.993793211751886],[2.412739,48.993795],[2.412150012487337,48.993805504235894],[2.411954,48.993809]],[[2.443441678439295,49.011120875741646],[2.443476,49.011021],[2.443453955125208,49.01108515058564],[2.443376,49.011312],[2.443441678439295,49.011120875741646]],[[2.416595135350769,48.9997268162334],[2.416588507265181,48.9996664741422],[2.416599,48.999762],[2.416595135350769,48.9997268162334]],[[2.41651944406467,48.99903772276476],[2.4165184717020076,48.99902887037508],[2.416546944378473,48.99928808562161],[2.416573409397207,48.999529023152164],[2.41651944406467,48.99903772276476]],[[2.434355855431353,48.97894860244697],[2.434318,48.978974],[2.434868,48.978605],[2.434355855431353,48.97894860244697]],[[2.434201763308934,48.97903964572161],[2.434070928606632,48.97911353580198],[2.434318,48.978974],[2.434201763308934,48.97903964572161]],[[2.433213902899145,48.97960811914732],[2.432822105037898,48.979838800802646],[2.432616792906574,48.97995968390844],[2.433654,48.979349],[2.433213902899145,48.97960811914732]],[[2.432581910993068,48.97998022158448],[2.43246,48.980052],[2.432616792906574,48.97995968390844],[2.432581910993068,48.97998022158448]],[[2.476867,48.993605],[2.477281125725252,48.99366611369926],[2.477382,48.993681],[2.476867,48.993605]],[[2.482708409266953,48.99838852312172],[2.482381,48.998033],[2.483499,48.999247],[2.482708409266953,48.99838852312172]],[[2.444330160304514,49.00545134558553],[2.44595,49.00503],[2.44422,49.00548],[2.444330160304514,49.00545134558553]],[[2.4473,49.004655],[2.447640055228334,49.004564408079275],[2.44761945878884,49.00456989504392],[2.4473,49.004655]],[[2.449327,49.004115],[2.447645444653969,49.004562972317146],[2.447640055228334,49.004564408079275],[2.449327,49.004115]],[[2.454361,49.002642],[2.454992,49.002448],[2.454564321214752,49.00257948919864],[2.454361,49.002642]],[[2.456083,49.002178],[2.455798525175994,49.00224840165214],[2.455676933088347,49.0022784931862],[2.454992,49.002448],[2.456083,49.002178]],[[2.459126,49.001808],[2.460288,49.001714],[2.460241363331599,49.00171777267369],[2.459126,49.001808]],[[2.462125,49.001684],[2.463017,49.001631],[2.462187370413127,49.001680294134644],[2.462125,49.001684]],[[2.463412,49.00158],[2.463986,49.001484],[2.463790545793449,49.001516689205275],[2.463412,49.00158]],[[2.464579,49.001342],[2.465283,49.001314],[2.46526761362835,49.001314611957966],[2.464579,49.001342]],[[2.463303,48.997964],[2.463009,48.997616],[2.463138655109187,48.997769469312914],[2.463303,48.997964]],[[2.462407,48.996783],[2.462974,48.99712],[2.462939263397224,48.99709935408266],[2.462407,48.996783]],[[2.463848,48.997373],[2.464098,48.997065],[2.463938462686877,48.99726154996977],[2.463848,48.997373]],[[2.471993,48.994499],[2.472523,48.994379],[2.472381080512214,48.99441113271422],[2.471993,48.994499]],[[2.44673,49.010182],[2.444216056860648,49.005856457037396],[2.444024,49.005526],[2.444977271274414,49.007166218423386],[2.445350515872519,49.00780843085826],[2.44673,49.010182]],[[2.489347,49.005451],[2.489899,49.006869],[2.489433066434771,49.00567209095019],[2.489347,49.005451]]]}},{"type":"Feature","properties":{"code_canton":"04","nom":"Cergy-1","method":"Union de contours BV reconstitués, non opposables"},"geometry":{"type":"MultiPolygon","coordinates":[[[[2.011666176865843,49.04301690069324],[2.011467662656783,49.043160072188364],[2.011318871495279,49.04326738265826],[2.011276662291898,49.043297824583725],[2.011210457099915,49.04334557278455],[2.011152012636165,49.043387723829035],[2.011086950678811,49.043434647511496],[2.011031,49.043475],[2.011024569962133,49.04347923676372],[2.010952435533552,49.04352676627074],[2.010880117745155,49.04357441659388],[2.010790490677557,49.04363347203276],[2.010723779383218,49.0436774282267],[2.01043,49.043871],[2.01042672255149,49.04387173364708],[2.010351939947362,49.0438884735101],[2.009541,49.04407],[2.009308341136687,49.044116866533614],[2.007039,49.044574],[2.007553,49.045431],[2.008002716270523,49.04588910910917],[2.008196,49.046086],[2.008640540116647,49.04643914439924],[2.008699410242774,49.04648591105661],[2.009018,49.046739],[2.008757882471611,49.04678124536501],[2.008557830384775,49.046813735576194],[2.00847,49.046828],[2.008373,49.047208],[2.007893,49.047309],[2.008121,49.047695],[2.008169907172995,49.04784415471167],[2.008255134622428,49.04810407723158],[2.008322,49.048308],[2.008196210064378,49.048332585863264],[2.008173967086806,49.04833693329219],[2.007464757663506,49.04847554951629],[2.006695,49.048626],[2.006899413961037,49.049082925324676],[2.00695,49.049196],[2.006574615171493,49.04926999412485],[2.006567665367367,49.04927136403816],[2.004736773558221,49.04963226098131],[2.004454,49.049688],[2.004775,49.050281],[1.999982,49.051778],[2.002282,49.053274],[2.003239,49.053794],[2.003382239701945,49.053854138806166],[2.004151118364164,49.054176950458235],[2.004156,49.054179],[2.006705,49.054893],[2.006784608574017,49.05490697057069],[2.008386,49.055188],[2.009016223641084,49.05533683510343],[2.010012,49.055572],[2.01072,49.056212],[2.006246,49.057409],[2.005814,49.057515],[2.004751,49.05771],[2.004061,49.057875],[2.003091,49.058152],[2.002539,49.058334],[2.002203,49.058509],[2.000434,49.059002],[1.99724,49.059882],[1.996802,49.060011],[1.99468,49.060594],[1.992458,49.061212],[1.993097,49.061789],[1.993996,49.062638],[1.994796,49.06336],[1.995064,49.063636],[1.995956,49.064562],[1.998041,49.066447],[1.999158,49.067501],[2.003968,49.065671],[2.003895,49.065547],[2.005187,49.065107],[2.006897,49.065045],[2.008775,49.065765],[2.009351,49.065543],[2.009715,49.065767],[2.010562,49.065504],[2.011455,49.066885],[2.01169,49.066827],[2.012396,49.067852],[2.013828,49.069562],[2.01313,49.069751],[2.013043,49.070108],[2.012943,49.070616],[2.01277,49.071909],[2.01275,49.072171],[2.012759,49.072521],[2.012834,49.073079],[2.012978,49.073666],[2.012697,49.073739],[2.01296,49.074328],[2.013571,49.075448],[2.013691,49.075607],[2.014313,49.076238],[2.014822,49.076891],[2.015266,49.07758],[2.01565,49.077515],[2.016033,49.077411],[2.016447,49.077072],[2.016769,49.076855],[2.016954,49.076773],[2.017211,49.076734],[2.017379,49.076667],[2.017591,49.076526],[2.017876,49.076497],[2.018341,49.076229],[2.018869,49.075755],[2.019013,49.075651],[2.019584,49.07542],[2.019884,49.075406],[2.020407,49.075116],[2.02069,49.074994],[2.020991,49.074946],[2.021288,49.074857],[2.021847,49.074616],[2.022325,49.074429],[2.022836,49.07428],[2.023431,49.074135],[2.024202,49.074028],[2.025152,49.073951],[2.026191,49.073917],[2.026945,49.07397],[2.027318,49.074024],[2.027218,49.073859],[2.026725,49.073871],[2.026746,49.073635],[2.025482,49.073625],[2.025455,49.072932],[2.026027,49.072869],[2.026503,49.07285],[2.026341,49.072622],[2.027128,49.072469],[2.026627,49.07193],[2.026478,49.071679],[2.026367,49.071382],[2.026298,49.071115],[2.026296,49.070726],[2.026363,49.069988],[2.026361,49.069803],[2.026289,49.069558],[2.026166,49.069344],[2.025831,49.068881],[2.025604,49.068633],[2.025002,49.068208],[2.024692,49.068035],[2.0233,49.067303],[2.022478,49.066851],[2.022282,49.0667],[2.022815,49.066536],[2.024039,49.066108],[2.025554,49.065621],[2.025905,49.065528],[2.026319,49.065381],[2.02674,49.06521],[2.026997,49.06516],[2.027313,49.065057],[2.027605,49.064858],[2.027728,49.064696],[2.028003,49.064139],[2.028225,49.063801],[2.028508,49.063587],[2.028614,49.063789],[2.02889,49.064081],[2.029211,49.064507],[2.029306,49.064705],[2.029442,49.064888],[2.029603,49.065284],[2.029749,49.065499],[2.030224,49.065927],[2.030461,49.066223],[2.031125,49.066645],[2.031216,49.066766],[2.031344,49.067284],[2.031863,49.067299],[2.03446,49.065839],[2.034275,49.065491],[2.033832,49.06475],[2.033574,49.064348],[2.033095,49.063747],[2.032833,49.0635],[2.032567,49.063308],[2.033179,49.06314],[2.033964,49.062943],[2.034549,49.062743],[2.034641152893249,49.06290696034253],[2.034752615115445,49.06310527624436],[2.034869559986964,49.063313346989794],[2.034974160589315,49.063499454555014],[2.035088,49.063702],[2.035101094089348,49.06374831427899],[2.035130699192775,49.0638530286263],[2.035188324454148,49.06405685131004],[2.035237823283025,49.06423193050107],[2.035284518822392,49.06439709435328],[2.035304,49.064466],[2.035406820571591,49.064664117686725],[2.035509,49.064861],[2.03559962990032,49.06501908738294],[2.035616559093108,49.065048617281725],[2.035733693647814,49.06525293721522],[2.035817760551024,49.06539957664298],[2.035861,49.065475],[2.035958921832268,49.06569554466727],[2.035972,49.065725],[2.03605943018,49.06595706776173],[2.03611306445758,49.06609943035036],[2.036162146864128,49.06622971081219],[2.036215,49.06637],[2.036243269336973,49.06642557054597],[2.03634275,49.066621125],[2.036361,49.066657],[2.036419873459472,49.066804026233015],[2.036548,49.067124],[2.036548183917481,49.06712529916178],[2.036595,49.067456],[2.036665,49.067612],[2.036740883517823,49.06766292627196],[2.03689,49.067763],[2.037038,49.067742],[2.037159062565612,49.06784978144027],[2.037275,49.067953],[2.03725793040293,49.068136498168506],[2.037223,49.068512],[2.037274,49.068719],[2.037562,49.069174],[2.037685,49.069646],[2.037571,49.069811],[2.037978767659225,49.070226926211845],[2.038315330346439,49.07057022279354],[2.03947870317454,49.07175687220628],[2.04012,49.072411],[2.039919,49.072575],[2.040122564349577,49.072805216115434],[2.040805,49.073577],[2.04108797333287,49.07383777934598],[2.041417,49.074141],[2.040894,49.07512],[2.041799,49.076073],[2.042507,49.076792],[2.042758,49.076764],[2.043898,49.079527],[2.044803,49.081227],[2.044922291173453,49.081434051640265],[2.04503,49.081621],[2.045334,49.082734],[2.044671179399956,49.08275827914286],[2.044515,49.082764],[2.04466334069454,49.08279961623013],[2.046156,49.083158],[2.046407,49.083339],[2.047084,49.083606],[2.047695,49.08388],[2.048134,49.084031],[2.048656,49.084177],[2.048939,49.084233],[2.049629,49.084323],[2.051537,49.084487],[2.051669,49.084452],[2.052858,49.084623],[2.053286629022188,49.08468829997291],[2.054499,49.084873],[2.055547549859659,49.085112160288446],[2.05556,49.085115],[2.056185,49.085287],[2.057307,49.085548],[2.057996,49.085675],[2.059462,49.08587],[2.060223,49.086002],[2.06194,49.086355],[2.062269,49.086417],[2.062626,49.086429],[2.062958,49.086358],[2.063324,49.086316],[2.063614,49.086335],[2.06456,49.085659],[2.065095,49.085264],[2.066508,49.084273],[2.066676,49.084135],[2.066690906581239,49.084121970103894],[2.067931,49.083038],[2.069398,49.081738],[2.071605,49.079794],[2.072099943192811,49.07936136142087],[2.072455,49.079051],[2.0729,49.078639],[2.075183,49.0813],[2.076936690276896,49.08324160380208],[2.078636,49.085123],[2.080163,49.084755],[2.080733,49.084649],[2.082799,49.084389],[2.083549,49.084312],[2.084152,49.08423],[2.084292,49.084211],[2.08424,49.083658],[2.085487,49.082195],[2.085652,49.082207],[2.08617,49.082363],[2.086705,49.081691],[2.086652,49.081536],[2.086665,49.08106],[2.086537,49.08038],[2.086377,49.080026],[2.086098,49.079063],[2.086082,49.07871],[2.086153,49.078401],[2.086227,49.07821],[2.086298346594123,49.078125084421714],[2.08639,49.078016],[2.08651009047395,49.077943733166116],[2.086616,49.07788],[2.086864,49.077658],[2.087117,49.07753],[2.087208864819803,49.07743372359281],[2.087471,49.077159],[2.087319,49.077099],[2.087204,49.076592],[2.087188,49.076304],[2.087213,49.07595],[2.087138,49.075719],[2.087191,49.075374],[2.087112,49.074858],[2.087148,49.074707],[2.087247,49.074588],[2.087751,49.07346],[2.088331,49.073579],[2.089749,49.072791],[2.090767522772421,49.07238267673446],[2.090860988426749,49.07234520658434],[2.091086,49.072255],[2.091596,49.071917],[2.09174,49.07179],[2.092272,49.071512],[2.092549,49.071395],[2.093387,49.071157],[2.095717,49.070067],[2.094045,49.068555],[2.093927,49.068425],[2.092553921716102,49.06729651396422],[2.091558,49.066478],[2.091276,49.066183],[2.090263161137821,49.06518535148688],[2.089864975812554,49.06479313806327],[2.089449282724211,49.064383679454416],[2.089443379436605,49.064377864703104],[2.089418914736485,49.064353766919524],[2.089009,49.06395],[2.088959,49.063783],[2.088754959836184,49.06359398119794],[2.085979898509371,49.061023218864506],[2.085536,49.060612],[2.084992,49.060249],[2.084989927613932,49.06024776181491],[2.084660318335632,49.06005083070179],[2.084597,49.060013],[2.084283,49.059696],[2.083782,49.059137],[2.082881,49.05819],[2.082632,49.057789],[2.082562452715588,49.057799965961856],[2.08215,49.057865],[2.081975327947691,49.0576094095848],[2.081837,49.057407],[2.081455,49.056353],[2.080901,49.056017],[2.08083211746678,49.05599470276381],[2.080728,49.055961],[2.079742,49.055719],[2.079141,49.055524],[2.078884763656314,49.05541970279478],[2.078743,49.055362],[2.078464280815306,49.05515571112975],[2.07829245056199,49.05502853413305],[2.078135,49.054912],[2.077877,49.054883],[2.077635180125723,49.05491754569633],[2.077576,49.054926],[2.076911,49.055101],[2.076806,49.055065],[2.076728,49.054943],[2.076731,49.054738],[2.076783715291503,49.054496619454696],[2.076788,49.054477],[2.076703,49.054184],[2.076423,49.053695],[2.076432,49.053581],[2.076520668700123,49.053382195440776],[2.076527,49.053368],[2.076797703783166,49.05307653200619],[2.076879,49.052989],[2.077065,49.052898],[2.077081789396105,49.0528950239532],[2.077364,49.052845],[2.078105,49.052522],[2.078525,49.052104],[2.07817,49.051802],[2.07791,49.051555],[2.077056,49.050788],[2.076764,49.050369],[2.076081,49.049476],[2.075948,49.049122],[2.076065,49.049064],[2.075993,49.048867],[2.07570735633129,49.04855055162192],[2.075483,49.048302],[2.075462752057128,49.04828059077805],[2.074803,49.047583],[2.073332,49.048106],[2.073239,49.047986],[2.072878,49.047642],[2.072585,49.047435],[2.07228,49.047252],[2.073043147354716,49.046682555632955],[2.073849320660849,49.0460810062137],[2.074439,49.045641],[2.07566508547226,49.04474608784195],[2.073139683155485,49.04288081265466],[2.072873828414426,49.042817695320714],[2.072757878836746,49.04282883404297],[2.072469164866368,49.04268758819971],[2.072095617143905,49.042708015113135],[2.071944967927002,49.04267025523818],[2.071063012481772,49.04226726165082],[2.070790690790923,49.04254498476363],[2.07063090322585,49.04264590322579],[2.070592770398477,49.04267177039848],[2.070073538675488,49.043092865541524],[2.069958339274137,49.0430548101339],[2.069780319844917,49.04294433552516],[2.069435515325117,49.04262420567824],[2.069266645132258,49.04217040141405],[2.069146460384944,49.042105040047964],[2.068977509739526,49.04154899029397],[2.068954592707913,49.041342448744935],[2.069343605001811,49.040719315290666],[2.069765399462246,49.04033451133103],[2.07045739669444,49.04137026770608],[2.070816499883395,49.04106487463562],[2.070432358515245,49.039864432860114],[2.070772872997146,49.03974350721201],[2.070159611137571,49.03888984670351],[2.069771508572283,49.03876211674531],[2.069718907959547,49.03881818281017],[2.069362194256432,49.03883501885516],[2.069166934911698,49.038924732608145],[2.068906287731935,49.038841816863176],[2.068635986190379,49.038579537970115],[2.068245806336536,49.03869497961282],[2.068021876898041,49.03818343438178],[2.067977372754632,49.038102828975155],[2.068475906421124,49.03791407256882],[2.068536606475762,49.03779068879764],[2.068532018234384,49.03774843874163],[2.068432364075203,49.03759423704268],[2.067987906536254,49.03742521797857],[2.067909115525314,49.03722301936014],[2.067566451057653,49.03721406081196],[2.067423054669589,49.03701381930844],[2.066977448027222,49.037010695897386],[2.066786490340964,49.037104431719044],[2.066663923198362,49.037197069675656],[2.066571734836359,49.037113627021405],[2.066417426197213,49.03702157934262],[2.066342206583711,49.03699369354882],[2.066178763314753,49.036830914683385],[2.065927774186813,49.03684240685958],[2.065879833665422,49.036822189771215],[2.065808846673984,49.036818655786796],[2.06571,49.03685479916897],[2.065587275072868,49.03687655649678],[2.065501384297524,49.03693426859504],[2.065478860487081,49.036960941528456],[2.065434102827761,49.0369970971151],[2.065298684282099,49.037064304837756],[2.06506780047805,49.037141592212855],[2.065060741467371,49.03717412816055],[2.065069177672486,49.037352073231276],[2.065061680081362,49.037373007099546],[2.065034982280903,49.037429829156146],[2.064911452952541,49.0375955211894],[2.064860739186933,49.037787750510496],[2.064836354345585,49.037993913260046],[2.064996770050751,49.03887197817253],[2.065030555874701,49.03911902203416],[2.065093262975399,49.03921313887436],[2.065177329224142,49.03936556404605],[2.065249981312926,49.03966867042933],[2.065292929249806,49.04000623649365],[2.065293517406537,49.040025490887665],[2.064934852177315,49.04006321457683],[2.064558055930095,49.04007110904206],[2.06422256610782,49.04004658030506],[2.063212285834948,49.03984871194073],[2.062863214084093,49.039810120216394],[2.06274187554244,49.03982405514651],[2.062707020063779,49.03985033900404],[2.062567249372339,49.04008497258143],[2.062438861120083,49.04023847590651],[2.063119248783511,49.04141952619025],[2.063115058532495,49.0414236260633],[2.06309687815274,49.041456439431634],[2.062782227047156,49.04161673339109],[2.062750747340657,49.041872134783354],[2.062748837783393,49.04188248411224],[2.062606216685956,49.04192600183172],[2.062579792074949,49.04196933162864],[2.062325931267021,49.04213074601519],[2.06203214747383,49.041611274010016],[2.061975276824978,49.04158174032542],[2.061947141964286,49.04211630267858],[2.061979223077178,49.04242806528847],[2.061805362643795,49.042535390115056],[2.061604988750981,49.042635271613456],[2.061599802804969,49.04291416026607],[2.061563285197474,49.043220034243376],[2.061386310781861,49.04386688498199],[2.061223376029611,49.043867261971236],[2.061065978901404,49.04389604666005],[2.06096690866387,49.043874579592895],[2.060879429746399,49.04384386429061],[2.060565267997856,49.04359344550553],[2.06007893620607,49.04351620457389],[2.059912120152279,49.043528164970205],[2.059637314981229,49.04358191572259],[2.059319650971497,49.04355562628731],[2.059252663375213,49.04366153466373],[2.058858916273711,49.04409513471074],[2.058645737203899,49.04394615009105],[2.058032373345812,49.0438310319476],[2.057794226324202,49.04390815209708],[2.057759019318435,49.04397848365661],[2.057715594231386,49.04404927970762],[2.057528737158859,49.04430263395899],[2.057516563372307,49.04430353954199],[2.057127080546232,49.0442163675313],[2.056751953266526,49.04440071861869],[2.056562719618152,49.04457629623059],[2.056413017568184,49.044754357985674],[2.056377553047327,49.044816160579],[2.056219052371644,49.04486999519448],[2.056134980186596,49.04490517008587],[2.056118824966195,49.04491350067293],[2.056003625645307,49.04485230471843],[2.055884614226244,49.04479972989429],[2.055433281487943,49.04463512618973],[2.055225801892887,49.04469746310842],[2.055135791464258,49.04469645628036],[2.055024573359059,49.04471313899615],[2.054941751374183,49.04473320513024],[2.054806124399622,49.04478598607108],[2.054643366918558,49.04488146767422],[2.054525788062218,49.04499221622357],[2.054386550769426,49.04514317248964],[2.054203772325808,49.04537485218352],[2.053923996258458,49.04626844729518],[2.053636346620416,49.045505483549356],[2.053408422959291,49.04445041756961],[2.053129066659769,49.04449208950379],[2.052704850783098,49.044345685034564],[2.052698497462712,49.04438664032302],[2.052385577966244,49.04479815089371],[2.052003135143778,49.044869940502025],[2.051873465948431,49.044819178530204],[2.051549212959757,49.044437970924754],[2.051539874985263,49.044438577861484],[2.05107741131806,49.04451381871681],[2.050855820940916,49.04441879289888],[2.050638567921984,49.044474163345924],[2.050368456656825,49.04452756314728],[2.050100598412148,49.044620585748184],[2.050062941830852,49.044611704267425],[2.049852846333859,49.04454548841111],[2.049584219729965,49.04451246189011],[2.049440299473891,49.04450770491049],[2.049352323441262,49.044515066703134],[2.048635616992973,49.04404647263663],[2.048566951920316,49.044074760062394],[2.048009734259602,49.04402916516336],[2.047676874647819,49.04385779189789],[2.046995235824538,49.043822417428025],[2.046732905394392,49.044427062884075],[2.047605924761946,49.044626867316644],[2.047898384937269,49.04523438115724],[2.047683140845072,49.0455009903169],[2.047213899999987,49.045325025],[2.046894560542464,49.04517676025186],[2.046355976080044,49.044864324867376],[2.046351490694803,49.04485376137522],[2.04617755050936,49.04479150198587],[2.045393994545712,49.04412647247624],[2.045296803611866,49.04396776174915],[2.045278252088427,49.043962203759676],[2.045052473358921,49.04392546146643],[2.044859651684114,49.0439175436682],[2.044752244799924,49.04399413433639],[2.044415144078692,49.044160636018596],[2.044160827148845,49.04419356914619],[2.044053953315701,49.04419079148468],[2.043886346779046,49.044151705375356],[2.043652327142089,49.04400013265664],[2.043419838448954,49.04380756253085],[2.043371505491272,49.04373439412606],[2.043312098057479,49.043613339692534],[2.043248071943164,49.04363280506873],[2.042851328105006,49.04371010307299],[2.042324199960342,49.043623226719525],[2.042321911947456,49.04362216224294],[2.04174217701016,49.04296288800023],[2.041717755247158,49.042961048973325],[2.041602531080245,49.04294567369202],[2.041467681311927,49.04291819910305],[2.041450016855718,49.0429134453935],[2.041341541292429,49.04282082763153],[2.041197687776321,49.04265884836285],[2.04081890952268,49.0420283842762],[2.040056494782168,49.04166980725605],[2.039778125164309,49.041433347061165],[2.039777406960443,49.04143264127683],[2.039677828749408,49.04134330697815],[2.036755391505106,49.038307281721956],[2.036301146196907,49.03776084569931],[2.035921822022927,49.03812094868971],[2.035729,49.038304],[2.034926,49.038668],[2.034169,49.037747],[2.033914,49.037526],[2.033462,49.037272],[2.03314,49.037154],[2.03274,49.037035],[2.032369,49.036974],[2.031765,49.036905],[2.031191,49.03682],[2.030796035574457,49.03674908780669],[2.030712,49.036734],[2.030575,49.036913],[2.030274835880321,49.036997241038016],[2.029898,49.037103],[2.02939,49.037157],[2.029119394378128,49.03714876142135],[2.028963,49.037144],[2.028353,49.03717],[2.027773,49.037243],[2.027203,49.037381],[2.027043,49.037461],[2.026942,49.037595],[2.026822,49.037903],[2.026658,49.038143],[2.02619,49.038716],[2.026146298439228,49.03881180726785],[2.026086,49.038944],[2.025895648953175,49.03890835373655],[2.025552,49.038844],[2.025556,49.038694],[2.025671,49.038399],[2.02458017070737,49.038333912753686],[2.024347,49.03832],[2.024247090894598,49.038303919642665],[2.023979287673364,49.03826081674954],[2.023708632221661,49.0382172547903],[2.023589,49.038198],[2.022563998724976,49.03815356183862],[2.022460976743543,49.0381490953979],[2.022165141742934,49.03813626969336],[2.021969077359396,49.03812776946909],[2.021836,49.038122],[2.021632,49.038751],[2.021602229076792,49.03874843170698],[2.02138429887035,49.03872963119402],[2.021193,49.038713128126595],[2.020995922349528,49.03869612653245],[2.020881995202821,49.0386862982079],[2.020448330049927,49.03864888656378],[2.019935902789757,49.038604680230456],[2.019746371496042,49.03858832964922],[2.019673,49.038582],[2.019515171751172,49.03863560004415],[2.019184864697367,49.03874777560715],[2.018867288186556,49.03885562775103],[2.018801397309868,49.038878004948565],[2.018198806088261,49.03908265092497],[2.018186,49.039087],[2.017708623207742,49.03921517422482],[2.01739444689205,49.039299529615306],[2.017140976128423,49.03936758574868],[2.01713385217813,49.03936949850778],[2.016037,49.039664],[2.015934,49.039712],[2.016073644019815,49.04005124389597],[2.016118,49.040159],[2.015608671161057,49.04044966926639],[2.015262549493785,49.04064719770658],[2.015110034900663,49.0407342363769],[2.014878893799693,49.040866146469384],[2.014761713093183,49.0409330204168],[2.014668702682719,49.040986100599405],[2.014569,49.041043],[2.013595,49.041617],[2.013214701703365,49.0418961433718],[2.012907,49.042122],[2.012168253334418,49.04265479543632],[2.012040429158557,49.04274698419428],[2.011832531525235,49.04289692315904],[2.011808150388931,49.042914507208835],[2.011666176865843,49.04301690069324]],[[2.034330313647643,49.061451898496344],[2.034547914792414,49.062736593047156],[2.034549,49.062743],[2.034330313647643,49.061451898496344]],[[2.033779,49.058197],[2.033785717202937,49.058236657668246],[2.034080074234968,49.05997451100281],[2.033779,49.058197]],[[2.0283177301464983,49.05610651850263],[2.028248831962502,49.05614168828693],[2.028211,49.056161],[2.0283177301464983,49.05610651850263]],[[2.028377972883602,49.05607576697992],[2.028689,49.055917],[2.0283177301464983,49.05610651850263],[2.028377972883602,49.05607576697992]],[[2.028753294041502,49.05590119349146],[2.028846065853334,49.0558783858035],[2.028689,49.055917],[2.028753294041502,49.05590119349146]],[[2.029060056520603,49.055825776802244],[2.029291,49.055769],[2.028846065853334,49.0558783858035],[2.029060056520603,49.055825776802244]],[[2.030040799858765,49.05574037151812],[2.030218,49.055739],[2.0298561972193103,49.05574180033112],[2.030040799858765,49.05574037151812]],[[2.031085033843683,49.05570398807611],[2.031184,49.055705],[2.030812711669958,49.05570120359581],[2.031085033843683,49.05570398807611]],[[2.035683756827053,49.05549950988171],[2.037276,49.055434],[2.0349121329824356,49.05553125690858],[2.035683756827053,49.05549950988171]],[[2.037964,49.055396],[2.037870768102156,49.05540114943622],[2.037276,49.055434],[2.037964,49.055396]],[[2.038330570187055,49.05535375123268],[2.038554,49.055328],[2.037964,49.055396],[2.038330570187055,49.05535375123268]],[[2.040261372678798,49.05492263146553],[2.042367,49.054326],[2.0399188419233982,49.05501968787458],[2.040261372678798,49.05492263146553]],[[2.042936,49.054215],[2.042648855344286,49.054271015917024],[2.042367,49.054326],[2.042936,49.054215]],[[2.04359,49.054125],[2.043310820693395,49.054163419170635],[2.043234566076159,49.0541739129253],[2.04359,49.054125]],[[2.026020479286044,49.05269393851917],[2.025915098353155,49.0526913682525],[2.025983027972028,49.052625954545455],[2.026042907035175,49.05268155653266],[2.026020479286044,49.05269393851917]],[[2.063207714892412,49.04570693760618],[2.063679997350185,49.04578958703629],[2.063249150449779,49.046391667961196],[2.063117566433998,49.04588531062298],[2.063207714892412,49.04570693760618]]],[[[2.069031237441875,49.031216471386976],[2.06882534432973,49.031410035570254],[2.069023014994139,49.03161294254365],[2.069093422152955,49.03160626600274],[2.069158467039732,49.0315881628951],[2.069213561706923,49.031562399201796],[2.069261854680679,49.03152572860346],[2.069303799172036,49.031479770285195],[2.069339482116157,49.031418446902165],[2.069367870018981,49.03134640184576],[2.069384910183873,49.031280478783586],[2.069395741935482,49.03120882258065],[2.069399754053504,49.031149393082394],[2.069031237441875,49.031216471386976]]],[[[2.070986817371376,49.03864288818135],[2.071123190264455,49.03972767255811],[2.071879311952811,49.03998332014146],[2.072050333912193,49.03988594326933],[2.072601161191409,49.03968258882262],[2.072722588763197,49.039369101967836],[2.071707219296443,49.038481685563966],[2.07140908179347,49.03863666453027],[2.071243483778531,49.03853494003538],[2.070986817371376,49.03864288818135]]],[[[2.06108052325007,49.04238850087939],[2.061509303614392,49.04253913654674],[2.061559254755435,49.04212287703805],[2.061552753833401,49.04188707086616],[2.061132675934167,49.04222431650354],[2.06108052325007,49.04238850087939]]]]}},{"type":"Feature","properties":{"code_canton":"12","nom":"Goussainville","method":"Union de contours BV reconstitués, non opposables"},"geometry":{"type":"Polygon","coordinates":[[[2.458499,49.009513],[2.458142,49.009534],[2.457301,49.009649],[2.456461,49.009723],[2.455111,49.009988],[2.454266,49.010135],[2.453852,49.010189],[2.452686686562865,49.010422823087715],[2.452013,49.010558],[2.450274,49.01078],[2.449923,49.01083],[2.449095,49.011029],[2.447699,49.011513],[2.447615,49.011527],[2.445928,49.012099],[2.444625,49.012456],[2.444028,49.012052],[2.443721,49.011734],[2.443557,49.011502],[2.443376,49.011312],[2.443359,49.011423],[2.443411,49.011672],[2.443377,49.011947],[2.443295,49.012109],[2.443071,49.012422],[2.443011,49.012667],[2.442918,49.012672],[2.442907,49.012964],[2.442971,49.01359],[2.442978,49.013847],[2.444014,49.014864],[2.44357,49.01605],[2.4434,49.016396],[2.443346,49.01663],[2.443165,49.017187],[2.443011,49.017488],[2.442357,49.01923],[2.442258806972352,49.01943780384921],[2.442228,49.019503],[2.442186,49.019716],[2.441897,49.020462],[2.441199,49.022427],[2.441147882452207,49.02254086874439],[2.441054,49.02275],[2.440944,49.023121],[2.439369035271857,49.02614230583771],[2.439193,49.02648],[2.439103,49.026615],[2.43895028558757,49.02691784044499],[2.438628303731239,49.027556346838054],[2.438572,49.027668],[2.438344,49.028186],[2.438073,49.02889],[2.438787,49.028866],[2.440452,49.028902],[2.440991,49.028937],[2.440997267518672,49.029424075736806],[2.441002402196139,49.02982311352853],[2.441002986483723,49.02986852102076],[2.441016630472497,49.030928853862626],[2.44101802512713,49.03103723845123],[2.441019,49.031113],[2.441019,49.0311425810811],[2.441019,49.03183561717557],[2.441019,49.032070712864716],[2.441019,49.032108],[2.441040385740866,49.033518880904204],[2.441040481775302,49.03352521658137],[2.441056,49.034549],[2.441944,49.034991],[2.442147826373247,49.035089266575426],[2.444068,49.036015],[2.446439,49.037129],[2.447092,49.037412],[2.446759,49.037876],[2.447186,49.037996],[2.447276738056397,49.038017626687015],[2.447427755302592,49.038053620434816],[2.447652156666499,49.038107104697715],[2.447886279222522,49.03816290592869],[2.448031315500254,49.03819747416068],[2.448160555623463,49.03822827750611],[2.448306246242514,49.03826300169511],[2.448344,49.038272],[2.4486362093998,49.038295399580846],[2.448796537379319,49.03830823834483],[2.448856,49.038313],[2.448936375174161,49.03831619456177],[2.449159038817951,49.038325044468124],[2.449485,49.038338],[2.44951392008218,49.03834087458648],[2.449777654497508,49.03836708915186],[2.449817,49.038371],[2.449932286187861,49.03837631408804],[2.450106650872439,49.03838435138464],[2.45030186160783,49.038393349574754],[2.45047829221572,49.03840148209957],[2.450598,49.038407],[2.451322288182443,49.03845555563234],[2.45141985027801,49.03846209610802],[2.451570949361535,49.03847222565552],[2.451762165102167,49.03848504458785],[2.45195184783342,49.038497760748605],[2.452125800092628,49.038509422352575],[2.452209,49.038515],[2.452305300680275,49.03854065539358],[2.452468,49.038584],[2.452523143404522,49.038604570945125],[2.452643745872529,49.03864956103548],[2.452795402933194,49.038706135871585],[2.452985745145259,49.03877714199161],[2.453184322635282,49.038851220236985],[2.453299,49.038894],[2.453494827200143,49.03895874068638],[2.453665,49.039015],[2.453851,49.038831],[2.453924882603254,49.03876498322523],[2.454295337950001,49.038433967991445],[2.454572286028136,49.0381865048798],[2.45464,49.038126],[2.455016035878774,49.03829722410402],[2.455149343586992,49.03835792441],[2.45567,49.038595],[2.455727683647796,49.03853801981133],[2.455998,49.038271],[2.456417,49.038412],[2.456605252731894,49.03846849557326],[2.456617013225105,49.038472024955276],[2.45720228122041,49.03864766676709],[2.45737,49.038698],[2.457456244731705,49.03872667054594],[2.457734722130607,49.038819245465035],[2.45774,49.038821],[2.457855057695435,49.038862961529816],[2.457935001347764,49.03889211697169],[2.458015279808138,49.03892139451802],[2.458096092057756,49.03895086673724],[2.458176630452293,49.03898023908153],[2.458257195827525,49.039009621265684],[2.458542990330526,49.03911385049185],[2.458975030701397,49.03927141557116],[2.459254710972288,49.0393734149375],[2.459368342247684,49.03941485625208],[2.459706,49.039538],[2.459583,49.039672],[2.459375066434286,49.03981649620668],[2.459347,49.039836],[2.459295014155832,49.03986679916051],[2.459164523667175,49.03994410861983],[2.459027683385269,49.040025180032124],[2.458950947220774,49.04007064258995],[2.458822142045661,49.040146953580496],[2.458715802810837,49.04020995456113],[2.458552,49.040307],[2.458380140948225,49.040415463492465],[2.45798,49.040668],[2.458274991199998,49.0408631],[2.458358,49.040918],[2.458370722324718,49.04092699248655],[2.458473547357467,49.040999672027766],[2.458624727629005,49.04110653037231],[2.458724164588062,49.04117681513052],[2.458873094877007,49.041282083125914],[2.458980538098362,49.04135802692896],[2.459028865706635,49.04139218620228],[2.459105,49.041446],[2.459592642739577,49.041773321838896],[2.459715995226047,49.04185612008324],[2.459900391221958,49.04197989273803],[2.460017444561638,49.04205846278795],[2.460123219364777,49.04212946231335],[2.460226366556495,49.04219869809957],[2.460273,49.04223],[2.460356062484617,49.04228687300719],[2.460493879261586,49.04238123636008],[2.460584155104342,49.042443048364355],[2.460722730750734,49.04253793131627],[2.460809,49.042597],[2.461031821761686,49.042758300208],[2.461083149798483,49.042795456466656],[2.46124,49.042909],[2.461445017392575,49.0430418389847],[2.461507,49.043082],[2.461436916325639,49.04314168416139],[2.461233061334863,49.04331528970192],[2.461197,49.043346],[2.460956702075968,49.043521402651336],[2.460752555716317,49.043670416892255],[2.460646103703942,49.043748120290175],[2.46053977993824,49.043825730075945],[2.460446021275786,49.04389416811196],[2.460310918829417,49.04399278455816],[2.460186845329772,49.04408335055404],[2.460104893900584,49.044143170038616],[2.460014573034604,49.04420909869542],[2.459901,49.044292],[2.459816,49.044424],[2.459673,49.044534],[2.460058,49.044702],[2.460149511081954,49.044723203787285],[2.460304,49.044759],[2.46045556488345,49.04477028350239],[2.460681783205137,49.04478712470541],[2.460801,49.044796],[2.460927561238938,49.04478200830524],[2.461199,49.044752],[2.461303151562193,49.0447592397163],[2.461610380333654,49.04478059560475],[2.461801768121999,49.044793899229404],[2.461949951146512,49.044804199632345],[2.462110540796146,49.04481536243662],[2.462114986887059,49.04481567149043],[2.462620100388925,49.04485078261479],[2.462652,49.044853],[2.462931594302551,49.04486454518664],[2.463010165275572,49.04486778958948],[2.463209,49.044876],[2.463469188665929,49.04486402812887],[2.463861,49.044846],[2.463961240663633,49.044811453782586],[2.464038,49.044785],[2.464355248549624,49.04456408491407],[2.464476,49.04448],[2.46457,49.044517],[2.464906839719756,49.044381610054394],[2.465085,49.04431],[2.465088586926383,49.044308370823515],[2.465373859231548,49.04417880057804],[2.465454921313964,49.04414198230396],[2.465588393478398,49.04408135945065],[2.465609,49.044072],[2.465658361694471,49.044046996948495],[2.465763157153613,49.043993915175456],[2.46582380394415,49.043963195913406],[2.465940280263621,49.04390419746438],[2.465992,49.043878],[2.466058631090781,49.043855209887944],[2.466146446548031,49.04382517399797],[2.466253233409935,49.04378864923873],[2.466331437950839,49.043761900610875],[2.466507829813069,49.043701568560785],[2.466587279771605,49.04367439395751],[2.466759417732189,49.04361551688728],[2.466916375298173,49.04356183203123],[2.467103,49.043498],[2.467282463205896,49.04345026399574],[2.467367178239936,49.043427730367156],[2.4674,49.043419],[2.467734,49.043546],[2.467930510523657,49.04348162586294],[2.467966,49.04347],[2.468057795189245,49.04341699151043],[2.468158513142443,49.04335883043887],[2.46825,49.043306],[2.468510792061048,49.0430755859153],[2.468562200656139,49.04303016557414],[2.468616920729891,49.042981819487],[2.468705,49.042904],[2.468961,49.04274],[2.468714,49.042564],[2.468733067207065,49.042553935735235],[2.468818010715754,49.042509099910106],[2.468954931151147,49.0424368290469],[2.469216738161653,49.04229863916611],[2.469226890280931,49.042293280561886],[2.469235,49.042289],[2.469318155663534,49.042263907839136],[2.46933287392863,49.04225946661337],[2.469479230591194,49.04221530359712],[2.469541939985182,49.04219638108319],[2.469633113246917,49.04216886961791],[2.469728013733266,49.042140233465325],[2.469921,49.042082],[2.470163,49.042141],[2.470186203598761,49.04213456023471],[2.470617,49.042015],[2.470846453645481,49.0419829258345],[2.470989,49.041963],[2.471199885781175,49.04199830246557],[2.471216,49.042001],[2.471322406682539,49.04208887940134],[2.471516074702396,49.04224882640127],[2.471641,49.042352],[2.472014,49.042744],[2.472073750676599,49.04270637601488],[2.472176857703391,49.04264145127323],[2.47231811932961,49.042552501229046],[2.472432475322093,49.04248049320496],[2.472569460126671,49.04239423620266],[2.472697765323795,49.04231344460159],[2.472708,49.042307],[2.47278236350836,49.04224669950468],[2.47288209077784,49.042165831833444],[2.473054436340087,49.0420260788417],[2.473057,49.042024],[2.473291291082881,49.04188875880582],[2.473376695,49.04183946060976],[2.473419751901139,49.04181460662617],[2.473672,49.041669],[2.473777411408091,49.04163653150721],[2.473909,49.041596],[2.474002,49.041629],[2.474127,49.041688],[2.474277,49.04188],[2.474118,49.042216],[2.474437325342516,49.0426172632375],[2.475217,49.043597],[2.478606,49.04531],[2.482159,49.050606],[2.482344,49.050564],[2.482316,49.05225],[2.482153,49.052279],[2.481885,49.054037],[2.488293113644478,49.05341921350049],[2.488648,49.053385],[2.488994,49.052938],[2.489521373809552,49.05222555221328],[2.489903,49.05171],[2.49005828674642,49.05170376358448],[2.490152,49.0517],[2.490604648494353,49.05158505579573],[2.49066,49.051571],[2.490800653168274,49.05153757217793],[2.491025865355694,49.05148404794508],[2.491212681004403,49.051439649085516],[2.491300601150066,49.051418753864866],[2.491484156270775,49.051375129906795],[2.491606212323621,49.05134612190031],[2.491730478082385,49.05131658873213],[2.491977,49.051258],[2.492119,49.051204],[2.492155345543344,49.051279337606836],[2.492169710394879,49.05130911329424],[2.492212337296424,49.05139747099793],[2.492249311615587,49.05147411194105],[2.492317410067431,49.05161526746987],[2.492325,49.051631],[2.49238270309733,49.05176801067186],[2.492528186481448,49.0521134475223],[2.492536,49.052132],[2.492604766853089,49.05222475529021],[2.492677208915941,49.052322467840106],[2.492708,49.052364],[2.492735070119307,49.05239250906252],[2.492804442729136,49.052465569252945],[2.492869931279118,49.05253453892186],[2.493009,49.052681],[2.493059932593175,49.052738352667944],[2.493259916814734,49.05296354498466],[2.493399686380652,49.05312093256308],[2.493485,49.053217],[2.49359571659911,49.05340137516298],[2.493693292369564,49.053563867045185],[2.493727,49.05362],[2.493785,49.053849],[2.494117060831166,49.05381503469236],[2.494385515072207,49.05378757547396],[2.494616,49.053764],[2.494788004218541,49.0537718338555],[2.494902328969002,49.05377704072532],[2.494972198380868,49.053780222896556],[2.495121,49.053787],[2.495138160556742,49.053791611427144],[2.495330470426109,49.053843289409656],[2.495522292663142,49.05389483635441],[2.495575,49.053909],[2.495835499198398,49.05394702317492],[2.496069278578349,49.05398114625212],[2.496219,49.054003],[2.496406590295398,49.05401232953512],[2.496760300816551,49.05402992082214],[2.496782,49.054031],[2.4970619596092,49.05405409897766],[2.49734545322175,49.05407748953974],[2.497388,49.054081],[2.497928406220739,49.05423355803292],[2.498500139993747,49.0543949599125],[2.498570498904337,49.05441482240961],[2.498693890217941,49.05444965608724],[2.499021,49.054542],[2.499010763663213,49.054576405465305],[2.498949,49.054784],[2.499230414950424,49.05489152860412],[2.499414219725724,49.054961760377125],[2.49953,49.055006],[2.499566550203514,49.054975297829046],[2.499605,49.054943],[2.499651693605427,49.054975712671244],[2.499708109887819,49.05501523686908],[2.499788659346954,49.05507166832156],[2.499947295904073,49.0551828061421],[2.500161046025986,49.05533255550076],[2.500293,49.055425],[2.500310331180938,49.05543611431862],[2.500689222996421,49.05567909397319],[2.501068,49.055922],[2.50124763548273,49.056031912711155],[2.501386279843572,49.0561167443789],[2.501558217826932,49.056221947257605],[2.501821733242171,49.05638318318538],[2.502397820542678,49.05673567099067],[2.502558598800488,49.05683404562101],[2.502704098578722,49.0569230718805],[2.502961026056284,49.057080276878075],[2.503057,49.057139],[2.503132334320477,49.057184063620795],[2.503319833378823,49.05729622214842],[2.503487134315419,49.05739629852686],[2.503643156027363,49.057489627878184],[2.503716727009493,49.05753363670204],[2.504065385939759,49.057742198134875],[2.504157,49.057797],[2.504099453934484,49.05789209731166],[2.503921,49.058187],[2.503879,49.058395],[2.503855,49.059097],[2.503874,49.059518],[2.504362,49.059564],[2.504481502382231,49.05957311048169],[2.505595,49.059658],[2.505612,49.059675],[2.505652,49.060736],[2.506647,49.060754],[2.506673,49.061315],[2.506755,49.062204],[2.506854,49.063096],[2.506931,49.063627],[2.507003,49.064424],[2.507042,49.064665],[2.507118,49.065139],[2.507171,49.065325],[2.506328,49.065535],[2.505376,49.065754],[2.504119,49.06607],[2.503856493132807,49.066134379060586],[2.502541,49.066457],[2.501189,49.066806],[2.500314914596195,49.066999663531845],[2.499844,49.067104],[2.499843142532308,49.06710431539042],[2.499583,49.0672],[2.499556,49.067451],[2.499250485252046,49.06911935014324],[2.49925,49.069122],[2.499001,49.070939],[2.498937,49.07118],[2.498933231485835,49.07126314284376],[2.498921,49.071533],[2.498993,49.071759],[2.499058,49.072236],[2.499038,49.072865],[2.498964,49.073045],[2.498361799640926,49.07302641825088],[2.498103690026081,49.07301845391139],[2.497376,49.072996],[2.496675063602695,49.07367143526977],[2.49664993760751,49.07369564714321],[2.496359,49.073976],[2.496247,49.074102],[2.496164736344498,49.074090077731086],[2.495833,49.074042],[2.495253,49.07374],[2.493737841048127,49.073742363215835],[2.490765,49.073747],[2.491188097361967,49.07547537453278],[2.491541,49.076917],[2.491501,49.076948],[2.490541,49.077205],[2.48847,49.07772],[2.485711,49.078423],[2.485757572489677,49.07851732702224],[2.485908,49.078822],[2.486292876312107,49.0797050857675],[2.486414,49.079983],[2.486664682743582,49.08058979548675],[2.487289,49.082101],[2.486542,49.082219],[2.485756,49.082296],[2.484318,49.082456],[2.484340327738233,49.08251538228254],[2.484741,49.083581],[2.485038,49.083712],[2.486694,49.085262],[2.486898,49.085151],[2.488556915521198,49.08618160024755],[2.488931,49.086414],[2.489315,49.086691],[2.489591,49.087082],[2.489844,49.087535],[2.490059,49.088223],[2.489706,49.089017],[2.488938983952199,49.089075693401924],[2.488556,49.089105],[2.488408,49.089484],[2.48768,49.089403],[2.48711,49.089401],[2.486751,49.089385],[2.486496,49.0894],[2.486736,49.089584],[2.487075,49.089919],[2.487592,49.090375],[2.487716,49.090634],[2.488174,49.091355],[2.48797,49.091411],[2.488953,49.093569],[2.488507,49.093603],[2.488173,49.093711],[2.488052,49.093783],[2.487811,49.094046],[2.487666,49.094308],[2.487907,49.094448],[2.488543,49.094613],[2.489018835350702,49.09478298633378],[2.489296,49.094882],[2.489757,49.094958],[2.489963,49.094933],[2.490044,49.095013],[2.490513677648038,49.095112000680714],[2.490656,49.095142],[2.491664,49.095241],[2.49191,49.095203],[2.492133,49.095087],[2.492282,49.095056],[2.492468,49.094921],[2.492677,49.094898],[2.492945,49.094746],[2.493499,49.094638],[2.493645,49.094473],[2.494322,49.094391],[2.495136,49.094399],[2.495339,49.094424],[2.49555,49.094514],[2.495706,49.094491],[2.495752077060923,49.09446008567797],[2.496019,49.094281],[2.496301,49.094162],[2.496569,49.094085],[2.496859,49.093917],[2.497093,49.093864],[2.497242,49.094141],[2.498349,49.093633],[2.49896,49.093566],[2.499357,49.093588],[2.499201,49.094196],[2.500042,49.094162],[2.500403,49.094182],[2.500892,49.094251],[2.501301800339997,49.09430436263854],[2.501884112721968,49.09438018913775],[2.502881,49.09451],[2.503347312357581,49.09456432765331],[2.503396,49.09457],[2.503938562857524,49.09462229521518],[2.504278719869689,49.094655081433224],[2.504558,49.094682],[2.504698453194747,49.09469354669121],[2.504854995815475,49.094706416098035],[2.505210643487493,49.09473565397943],[2.505757067225465,49.09478057560748],[2.505965609134854,49.09479771988844],[2.506081142040242,49.09480721787662],[2.50633416289742,49.09482801878267],[2.506584467861829,49.094848596414515],[2.506784,49.094865],[2.507169,49.09489],[2.507184560165465,49.094891400029056],[2.507546932504314,49.09492400455405],[2.507827699494767,49.09494926662121],[2.508056811542822,49.0949698810244],[2.508199721061861,49.09498273933748],[2.508863399195794,49.09504245391276],[2.508926785728839,49.095048157128986],[2.509992,49.095144],[2.510023411472007,49.09514833261682],[2.510045511904774,49.09515138095238],[2.510200569395536,49.095172768192484],[2.510301922143544,49.09518674788187],[2.510514,49.095216],[2.511126016329258,49.095332256376956],[2.511744932257637,49.095449823376455],[2.511888,49.095477],[2.512125859427003,49.09552497541695],[2.512319465254634,49.09556402503723],[2.512636607956733,49.09562799161427],[2.51273765977054,49.09564837341272],[2.512887855588099,49.09567866738535],[2.513252048963288,49.095752123919084],[2.513677285350983,49.09583789261556],[2.51401,49.095905],[2.514112538603081,49.09593653708296],[2.514258747684622,49.0959815055904],[2.514318844432003,49.095999989127826],[2.514605,49.096088],[2.514896462356754,49.09618405159828],[2.515033575452419,49.09622923730298],[2.51551406186883,49.09638758189595],[2.515991723033759,49.09654499542556],[2.516029367690277,49.096557401245185],[2.516159773152493,49.096600376445174],[2.516808,49.096814],[2.516850413764094,49.09682925756883],[2.516943504678776,49.09686274530726],[2.517553,49.097082],[2.517995096401622,49.09723228038854],[2.518918,49.097546],[2.519689,49.09788],[2.519745941344335,49.09790739482189],[2.520774,49.098402],[2.520963,49.098292],[2.5212,49.098252],[2.522939,49.098119],[2.524355,49.098039],[2.524567,49.098067],[2.524739,49.098022],[2.52624,49.097642],[2.528307,49.09649],[2.529878,49.096179],[2.530926,49.095842],[2.531102,49.097546],[2.531209611759864,49.09882397319789],[2.531251156583791,49.09931735023732],[2.531263,49.099458],[2.53127273173328,49.09956433872058],[2.531292627639015,49.099781741427776],[2.531318734194303,49.10006700794797],[2.531346444366877,49.10036979720594],[2.531357155168896,49.10048683421779],[2.531369388681106,49.100620509895],[2.531380713019562,49.100744251023976],[2.531392881556386,49.10087721671467],[2.531415281222247,49.10112197802703],[2.531443726954508,49.10143280475108],[2.531811,49.105446],[2.532045,49.108305],[2.53216,49.109547],[2.532356,49.112076],[2.532506,49.113555],[2.532774,49.117119],[2.532832,49.118106],[2.532936,49.119143],[2.532961498351943,49.11948864432634],[2.532963,49.119509],[2.534271,49.119536],[2.534605,49.11959],[2.534744,49.119659],[2.534859,49.119642],[2.535726541847979,49.119840313735914],[2.536202,49.119949],[2.53675,49.120114],[2.537909,49.121335],[2.538524,49.121762],[2.538583,49.121737],[2.539041,49.121835],[2.540461,49.122027],[2.540757,49.122078],[2.54207,49.122248],[2.542161,49.12222],[2.543277530001889,49.121663496087386],[2.544063,49.121272],[2.543981,49.120104],[2.5433503362257,49.11977880770285],[2.542414,49.119296],[2.541205,49.119284],[2.539114,49.119344],[2.537735,49.117795],[2.537727,49.117677],[2.539296,49.117558],[2.539556,49.11644],[2.540502,49.116523],[2.541608,49.116638],[2.542392,49.116569],[2.543477400315672,49.11648958046471],[2.543909,49.116458],[2.545357,49.11638],[2.546828727205503,49.11636417497629],[2.547031,49.116362],[2.547127,49.116379],[2.547107,49.117019],[2.547134,49.117137],[2.547345,49.117595],[2.547442,49.117854],[2.547691,49.118801],[2.547699,49.119577],[2.547679,49.120346],[2.548773,49.121473],[2.549226,49.121884],[2.549571569453915,49.12222001222011],[2.549913,49.122552],[2.551144,49.1231],[2.551552,49.123304],[2.553315,49.124562],[2.554723,49.124274],[2.555734,49.124074],[2.556352,49.123964],[2.556944,49.123733],[2.556986419276709,49.12349183855649],[2.556998,49.123426],[2.556998186621334,49.1231320713987],[2.556999,49.121851],[2.556863,49.121338],[2.556223,49.119039],[2.556024,49.118563],[2.555695,49.11811],[2.555446,49.117805],[2.555942,49.117651],[2.555112,49.116811],[2.55501,49.116726],[2.553912,49.115253],[2.553604,49.114831],[2.552953,49.113978],[2.552422560510809,49.11407817292512],[2.552397,49.114083],[2.552290476112296,49.11381681443446],[2.551968,49.113011],[2.551751,49.112426],[2.552321,49.111941],[2.552535,49.111619],[2.552556608366071,49.111593451987076],[2.552699769022071,49.111424190216994],[2.552716,49.111405],[2.552922,49.111066],[2.553402611429742,49.11055404434658],[2.553428,49.110527],[2.553446959493142,49.11051326197154],[2.553505160993695,49.11047108922649],[2.554138643441816,49.1100120685221],[2.554163243410597,49.10999424341104],[2.554924,49.109443],[2.555474,49.109054],[2.555951,49.109375],[2.556075442421178,49.10905695217433],[2.556092851291907,49.10901245887831],[2.55644249020131,49.1081188576943],[2.556928,49.106878],[2.556779,49.106857],[2.557191,49.105902],[2.557531,49.105399],[2.557632,49.105148],[2.557816,49.104582],[2.557873316389717,49.10442932536898],[2.557929,49.104281],[2.557928,49.103352],[2.557944,49.102854],[2.557673,49.102258],[2.55909,49.101998],[2.55878,49.101554],[2.558817,49.101483],[2.557882039230608,49.101091441821225],[2.557604,49.100975],[2.558098,49.100351],[2.55753,49.100225],[2.557885,49.099746],[2.558502,49.099147],[2.557933,49.09872],[2.559592,49.097537],[2.55991,49.097772],[2.560376,49.097408],[2.560339,49.097357],[2.560858085249438,49.09701687735461],[2.560893,49.096994],[2.562353,49.097776],[2.563415,49.097138],[2.563958,49.096574],[2.564262,49.096298],[2.564942781991385,49.09529719228617],[2.564964,49.095266],[2.56522,49.094859],[2.566181989193315,49.094446413523755],[2.56702,49.094087],[2.56752379873638,49.09447101041339],[2.567899,49.094757],[2.568974,49.094323],[2.569252,49.094646],[2.569396965712266,49.09477398774596],[2.569518839953524,49.094881588427434],[2.569585,49.09494],[2.569697477410429,49.09489098823121],[2.570441,49.094567],[2.571016,49.095127],[2.5711,49.095111],[2.571216805114976,49.09506162132346],[2.571703439265916,49.0948558995934],[2.572718,49.094427],[2.57293,49.094283],[2.572908634476612,49.09425853215945],[2.572382729927012,49.09365626520682],[2.572218455299331,49.09346813757133],[2.572138,49.093376],[2.572452376231759,49.09338934833195],[2.572744817071737,49.093401765292946],[2.573504,49.093434],[2.573571971627308,49.09343924472433],[2.573828,49.093459],[2.573842091533613,49.09345821713703],[2.57426035094104,49.093434980503275],[2.57435,49.09343],[2.574565312993157,49.093391173066806],[2.574655,49.093375],[2.574755288703705,49.093326191212],[2.575068,49.093174],[2.575218189333995,49.093123047442525],[2.575647666799148,49.09297734485071],[2.575811053844,49.09292191489725],[2.575954930479121,49.092873103957594],[2.576114817540768,49.092818861392686],[2.576233506060741,49.092778595659595],[2.57625,49.092773],[2.576487476279433,49.09266476251209],[2.576544,49.092639],[2.576977,49.092626],[2.577091,49.0926],[2.577180069172716,49.092560578643926],[2.577378047534317,49.09247295488758],[2.577631,49.092361],[2.578082,49.092142],[2.578406993848183,49.09203841630337],[2.578584,49.091982],[2.578718,49.091735],[2.578934,49.091593],[2.579115,49.091559],[2.578967,49.091414],[2.578828,49.091184],[2.578904,49.09107],[2.579167,49.090807],[2.579063,49.090755],[2.580135,49.089843],[2.57973,49.089504],[2.579353348194824,49.08918208934655],[2.578347,49.088322],[2.577900164011812,49.08794988327474],[2.577743,49.087819],[2.577869450127929,49.08775638580622],[2.57820811752307,49.087588688183025],[2.578517144796461,49.087435667431706],[2.578871426348939,49.08726023816055],[2.578930682026799,49.087230896580934],[2.57927214295117,49.08706181568843],[2.579813,49.086794],[2.580179,49.086774],[2.580337387759752,49.086725984812986],[2.580433,49.086697],[2.580077,49.086318],[2.579410080180689,49.08577933399209],[2.579297,49.085688],[2.579286004927076,49.085582701032386],[2.579219,49.084941],[2.578896,49.0844],[2.579034,49.084361],[2.578899,49.084253],[2.580219,49.083831],[2.580468,49.083722],[2.580661,49.083523],[2.581735,49.083092],[2.582693,49.082447],[2.582976,49.080665],[2.583357,49.080751],[2.583559,49.079825],[2.584698,49.079935],[2.584668,49.080374],[2.58641,49.080547],[2.586614,49.079832],[2.590246,49.080035],[2.590299,49.079904],[2.590191,49.079797],[2.58989,49.079413],[2.589725,49.079122],[2.589722,49.078973],[2.59011,49.078057],[2.590125,49.077866],[2.589987,49.077797],[2.589647,49.077703],[2.589219,49.077542],[2.589054,49.077427],[2.588861,49.077215],[2.588357,49.076735],[2.587403,49.076225],[2.587144,49.076013],[2.587106,49.075784],[2.586974,49.075619],[2.586571,49.074997],[2.586429,49.074678],[2.585973,49.07407],[2.58579,49.073641],[2.585528,49.073291],[2.585328,49.072853],[2.585064,49.072394],[2.584858,49.072072],[2.584806,49.071934],[2.584546,49.071708],[2.584014,49.071152],[2.583813,49.070846],[2.583283,49.070188],[2.582979,49.069843],[2.582686,49.069565],[2.582351,49.069293],[2.581723,49.068855],[2.581303,49.068604],[2.580443,49.068027],[2.579458,49.067435],[2.578704,49.067003],[2.578343,49.066783],[2.578138,49.066703],[2.577535,49.066188],[2.5766,49.06577],[2.576624,49.065739],[2.575502,49.064983],[2.575311,49.064671],[2.575058,49.064362],[2.574505,49.063886],[2.57355,49.062921],[2.573045,49.062377],[2.572558,49.061914],[2.571379,49.060944],[2.57095,49.060578],[2.571494,49.059518],[2.571721,49.059017],[2.571915,49.05867],[2.572288,49.058075],[2.573042,49.056758],[2.573342,49.056041],[2.574083,49.054312],[2.575365,49.054599],[2.576177,49.054808],[2.576704,49.054964],[2.577247,49.055142],[2.578521,49.055625],[2.579031,49.055796],[2.579416,49.055904],[2.580293,49.056092],[2.580774,49.05622],[2.58286,49.05694],[2.584482,49.057525],[2.584969,49.057745],[2.585708,49.058052],[2.586472,49.056917],[2.585904,49.056619],[2.58672,49.055855],[2.585715,49.055365],[2.584729,49.053618],[2.584561,49.053337],[2.584759,49.052927],[2.584511,49.052833],[2.585382,49.052078],[2.585793,49.051701],[2.586537,49.051044],[2.586947,49.050716],[2.587946,49.049958],[2.588278,49.049801],[2.590663,49.049067],[2.591745,49.048696],[2.593347,49.048201],[2.595002,49.047746],[2.594651,49.04738],[2.594542,49.047237],[2.594158,49.04714],[2.593114,49.04716],[2.592517,49.047143],[2.591678,49.04714],[2.591076,49.047167],[2.589452,49.047198],[2.58879,49.047198],[2.588696,49.047167],[2.588533,49.047017],[2.586621,49.04698],[2.584775,49.047049],[2.583846,49.047078],[2.582152,49.046969],[2.581872,49.046936],[2.580247,49.046716],[2.57821,49.046634],[2.577383,49.046681],[2.577141,49.046681],[2.577005,49.046434],[2.576907,49.046372],[2.576315,49.045823],[2.575299,49.04477],[2.574456,49.044004],[2.57378,49.043502],[2.57253,49.042372],[2.572079,49.041947],[2.571503,49.041372],[2.570749,49.040666],[2.570352,49.040374],[2.569329,49.039582],[2.56944,49.039521],[2.567926,49.039085],[2.568424,49.037881],[2.568693,49.037266],[2.568837,49.037283],[2.569691,49.035365],[2.568789,49.035244],[2.56879,49.035111],[2.56864,49.033823],[2.568733,49.032815],[2.567018,49.03246],[2.567054,49.032114],[2.566254,49.032104],[2.56629,49.030206],[2.565848,49.030142],[2.565939,49.029374],[2.566011,49.028592],[2.564034,49.028446],[2.564652,49.027981],[2.564642,49.027969],[2.563329,49.027821],[2.563093,49.027764],[2.562381,49.027403],[2.562161,49.027384],[2.561698,49.027182],[2.560772,49.026861],[2.560104,49.026676],[2.559502,49.026483],[2.559113,49.02624],[2.558595,49.025891],[2.558506,49.025813],[2.557114,49.025806],[2.557105,49.025693],[2.556003,49.025614],[2.552629,49.025338],[2.552474,49.025226],[2.55176,49.02496],[2.550052,49.024363],[2.549254,49.024075],[2.547533,49.023466],[2.546414,49.023094],[2.545974,49.022965],[2.545286,49.022905],[2.545263,49.022379],[2.543678,49.022375],[2.541849,49.022376],[2.541195,49.022383],[2.541191,49.023215],[2.53884,49.02342],[2.537,49.023576],[2.535697,49.023736],[2.534938,49.023835],[2.53136,49.024186],[2.531311,49.024079],[2.528827,49.024368],[2.529177,49.026741],[2.525339,49.026913],[2.5238,49.026987],[2.518669,49.027345],[2.51653,49.027657],[2.516209153404959,49.027717350528505],[2.515589,49.027834],[2.509683,49.028722],[2.50981,49.028436],[2.508948,49.026489],[2.507257,49.026754],[2.506321,49.02485],[2.502621,49.025606],[2.502687,49.025768],[2.500029,49.026427],[2.49985,49.026157],[2.4985,49.024036],[2.498241,49.023614],[2.497949901290806,49.023159692867594],[2.496131,49.020321],[2.493767,49.016606],[2.493386,49.01588],[2.493196,49.015438],[2.491567785510235,49.011203500292396],[2.4912,49.010247],[2.490411,49.010299],[2.489923,49.010407],[2.48966,49.010442],[2.489609908074637,49.01045163750177],[2.489384153098439,49.01049507192691],[2.488792,49.010609],[2.488332248642062,49.010675080470406],[2.488138,49.010703],[2.486706420833006,49.01085361247346],[2.486256,49.010901],[2.485241,49.01102],[2.483704,49.011175],[2.483399754211979,49.01119196988459],[2.4827,49.011231],[2.481305,49.0113],[2.479796,49.011417],[2.47925,49.011467],[2.478789,49.011536],[2.478685,49.011159],[2.478511,49.010641],[2.477473,49.010781],[2.477282,49.010084],[2.477255,49.00991],[2.476983343379549,49.00993307368773],[2.475748,49.010038],[2.475378,49.010103],[2.475352,49.010073],[2.474987,49.010135],[2.474546582444966,49.010201572113715],[2.473042,49.010429],[2.472446,49.01033],[2.472561,49.009925],[2.472559,49.009819],[2.471883,49.009479],[2.470043694376403,49.00852478645009],[2.469701,49.008347],[2.469489,49.008674],[2.469471,49.008752],[2.469595,49.009004],[2.469828,49.009318],[2.469498598867946,49.00939274303714],[2.469039132157234,49.00949699871231],[2.468879105700085,49.009533309648326],[2.468713,49.009571],[2.467567,49.009591],[2.467557328579732,49.0095394190919],[2.46754,49.009447],[2.467325,49.009496],[2.467224275266842,49.00949858821584],[2.466858,49.009508],[2.466507,49.009496],[2.466196,49.008911],[2.4661321315404,49.008949897332535],[2.466063,49.008992],[2.465423,49.009216],[2.464937,49.009403],[2.464563,49.009507],[2.463897151244071,49.00965701335608],[2.463836826633691,49.0096706042762],[2.463804,49.009678],[2.463246,49.009847],[2.462143,49.010147],[2.461928,49.010239],[2.46128,49.010425],[2.461106,49.010419],[2.461049,49.009792],[2.461058,49.009683],[2.459144,49.009532],[2.458499,49.009513]],[[2.519870512529593,49.05139010269535],[2.519870512529592,49.05139010269535],[2.515783511451488,49.04947115754129],[2.519870512529593,49.05139010269535]],[[2.526171312260836,49.030710696726544],[2.5261663245580053,49.03068587696722],[2.526513,49.032411],[2.526171312260836,49.030710696726544]],[[2.52613806568234,49.03054525541927],[2.526051,49.030112],[2.5261663245580053,49.03068587696722],[2.52613806568234,49.03054525541927]],[[2.525965997359437,49.02968733588401],[2.525564,49.027679],[2.526051,49.030112],[2.525965997359437,49.02968733588401]],[[2.475732,49.040657],[2.475822253933557,49.04069940502275],[2.476047,49.040805],[2.475732,49.040657]],[[2.476176,49.040704],[2.476281924922332,49.04057814208295],[2.476474240707413,49.04034963623567],[2.476176,49.040704]],[[2.477145498832875,49.03968310641282],[2.476819,49.03994],[2.476879533804291,49.03989237120454],[2.47707647964767,49.03973741161788],[2.477145498832875,49.03968310641282]],[[2.516531,49.051847],[2.51527,49.052784],[2.516052694361277,49.05220241029618],[2.516531,49.051847]],[[2.5247626575261513,49.08168512333786],[2.524809933655763,49.081392011334266],[2.524813,49.081373],[2.5247626575261513,49.08168512333786]],[[2.53573,49.091537],[2.536765,49.09168],[2.536545551905392,49.09164968011833],[2.53573,49.091537]],[[2.540425,49.09244],[2.543495,49.0922],[2.54054230018865,49.09243082995268],[2.540425,49.09244]],[[2.559374727694509,49.07839433157441],[2.560862,49.078456],[2.56001098772009,49.078420713531436],[2.559374727694509,49.07839433157441]],[[2.54571,49.090813],[2.545290893951486,49.09113084275277],[2.544696,49.091582],[2.54571,49.090813]],[[2.549705,49.091611],[2.54878314115821,49.09169648565701],[2.548109,49.091759],[2.549705,49.091611]],[[2.551208,49.095789],[2.550818131551188,49.09625866608454],[2.550695,49.096407],[2.551208,49.095789]]]}},{"type":"Feature","properties":{"code_canton":"10","nom":"Franconville","method":"Union de contours BV reconstitués, non opposables"},"geometry":{"type":"Polygon","coordinates":[[[2.193712002975212,48.95057750686706],[2.193156,48.950555],[2.19307371016782,48.95055463507835],[2.192705,48.950553],[2.191887,48.950455],[2.191619265776647,48.950414669799386],[2.191336,48.950372],[2.190812,48.950353],[2.189762,48.950432],[2.18971,48.950459],[2.190178,48.951737],[2.190204,48.95177],[2.187953,48.952331],[2.186637,48.95265],[2.186177330298773,48.952773914924414],[2.185628,48.952922],[2.185113,48.953039],[2.18401,48.953319],[2.183832,48.95312],[2.182121292040943,48.95348411693081],[2.181699,48.953574],[2.18091535329031,48.953780618660595],[2.177948,48.954563],[2.177207,48.953719],[2.176892,48.953389],[2.176324,48.952718],[2.175848,48.952188],[2.175741,48.952132],[2.175148,48.952383],[2.17519,48.952427],[2.17333,48.953478],[2.174472,48.954288],[2.174812,48.954644],[2.175499,48.955335],[2.175903,48.955793],[2.176378,48.956377],[2.176901,48.957076],[2.177348859702543,48.957646344822535],[2.177497,48.957835],[2.177638049179282,48.9580823471115],[2.177773,48.958319],[2.178004,48.958807],[2.178127,48.95902],[2.178180152153275,48.95937531058983],[2.178219,48.959635],[2.179784,48.959203],[2.180617,48.958989],[2.180831,48.95945],[2.181036,48.959496],[2.181312,48.959688],[2.181526,48.959933],[2.181726625653126,48.960275295522216],[2.181754,48.960322],[2.181997,48.960581],[2.182172,48.960713],[2.182405,48.961187],[2.182427985297818,48.96121779899679],[2.182758,48.96166],[2.182931,48.961862],[2.183102,48.961863],[2.183733532101353,48.96213186278935],[2.183957,48.962227],[2.184482931956405,48.96251316282093],[2.184626162631782,48.96259109551472],[2.185238,48.962924],[2.185306843280226,48.963123902071466],[2.185390592699684,48.96336708749753],[2.185453274713966,48.96354909893652],[2.185499111682745,48.96368219696698],[2.185531837848898,48.96377722480969],[2.18556,48.963859],[2.185579933713422,48.96394670833906],[2.185615,48.964101],[2.185616142013358,48.9641590999296],[2.185617871389171,48.964247081924086],[2.185619228048052,48.96431610194465],[2.185621717762473,48.964442766165824],[2.185623,48.964508],[2.185645776386403,48.964618776061144],[2.185696764325975,48.96486676285815],[2.185733,48.965043],[2.185723475174216,48.965113595767576],[2.185716,48.965169],[2.185681546447038,48.96519760294963],[2.18561,48.965257],[2.185352,48.965371],[2.185355824960546,48.965413299563686],[2.185369,48.965559],[2.185467,48.965833],[2.185484379853179,48.96588614778307],[2.1855836643596,48.96618976090077],[2.185653774144034,48.96640415739626],[2.185674329132591,48.966467014778395],[2.185715548956689,48.96659306545595],[2.185810529754737,48.966883517785895],[2.185829,48.96694],[2.185759129318907,48.96694293574291],[2.185338269341726,48.966960618935225],[2.184933308521058,48.966977634095755],[2.184758,48.966985],[2.184747,48.967153],[2.18474923111919,48.96720986166621],[2.184758031692069,48.967434150552165],[2.184769583403876,48.96772855417879],[2.184778550329689,48.96795708268808],[2.184782,48.968045],[2.184761,48.968231],[2.184702215752075,48.968294992978755],[2.184603,48.968403],[2.184272454971524,48.96856104485327],[2.18426,48.968567],[2.184175,48.968657],[2.18413230482061,48.96881495852311],[2.184109138347858,48.96890066707086],[2.184095796306772,48.96895002836025],[2.184063589068745,48.9690691848511],[2.184012853974869,48.96925688848914],[2.183984718902421,48.96936097926836],[2.183940731113863,48.96952372003241],[2.183862,48.969815],[2.183855067793626,48.96985464735575],[2.183807085962654,48.97012906975745],[2.183805,48.970141],[2.183812134280015,48.97027262746628],[2.183818769621871,48.97039504952351],[2.183823469911982,48.97048176987606],[2.183825,48.97051],[2.1838064794149,48.970632305750655],[2.183772,48.97086],[2.183771575928916,48.97086119204061],[2.183705943370896,48.97104568156937],[2.183646476660414,48.97121283923814],[2.183571,48.971425],[2.183514,48.971483],[2.18353428718178,48.971530014738725],[2.18364,48.971775],[2.183663464591469,48.9718471411376],[2.183734,48.972064],[2.183766734012911,48.97222915797423],[2.183870935609575,48.97275490239377],[2.183888,48.972841],[2.183834,48.973427],[2.18385227195053,48.97353289425875],[2.183878,48.973682],[2.183848381392483,48.97375409057301],[2.183820601606851,48.973821705522944],[2.183719,48.974069],[2.183569373613207,48.97430259393719],[2.183482,48.974439],[2.183364,48.97473],[2.183353005583474,48.97478128109994],[2.183224,48.975383],[2.18326,48.975427],[2.183478003892576,48.97549744909506],[2.183653,48.975554],[2.183564230410878,48.975678655167705],[2.183473099677881,48.975806625984255],[2.183205465697278,48.9761824524251],[2.182995,48.976478],[2.18331282960701,48.97659352744653],[2.183558688226784,48.97668289425795],[2.183832431403033,48.97678239678842],[2.184177896018584,48.97690796924619],[2.184538489917959,48.977039041026515],[2.184841,48.977149],[2.184795155991811,48.97721957036829],[2.184696657533787,48.97737119481679],[2.184613559141078,48.977499113042306],[2.184512504590642,48.97765467223365],[2.184498,48.977677],[2.18441520070264,48.977799468931565],[2.18417593311163,48.97815337104383],[2.183922220671533,48.97852863861801],[2.183801835451257,48.97870670111097],[2.183720366925143,48.9788272016909],[2.183606671405308,48.97899536940828],[2.183554364642824,48.97907273665075],[2.183469,48.979199],[2.183732477183521,48.97930230392542],[2.183745810390695,48.97930753159873],[2.183980025518204,48.97939936248041],[2.18406449804463,48.97943248240166],[2.18410832821627,48.97944966730064],[2.184259056203265,48.979508764610394],[2.184479,48.979595],[2.184732,48.979579],[2.184755365197563,48.97956156689923],[2.185104692683052,48.979300928775345],[2.185118,48.979291],[2.185301817782958,48.97926284068006],[2.185353,48.979255],[2.185523671191857,48.979253752924485],[2.185741151447608,48.97925216382032],[2.185947076541934,48.97925065914844],[2.186231204872739,48.979248583054165],[2.186311,48.979248],[2.186548864472391,48.97928857389721],[2.186745,48.979322029850756],[2.186970441511889,48.97936048469286],[2.187249,48.979408],[2.187429309086047,48.979432199377335],[2.187629,48.979459],[2.187843818210815,48.97941976076025],[2.187952,48.9794],[2.188169343889848,48.97944793666093],[2.188419,48.979503],[2.188454037945792,48.97950468787447],[2.188614352669187,48.979512410676755],[2.188721062040571,48.97951755116142],[2.189014411744358,48.979531682625556],[2.189021,48.979532],[2.189193,48.979563],[2.189282501388503,48.979608613655294],[2.189513954546964,48.979726571876554],[2.189556,48.979748],[2.189494379503117,48.97979258074533],[2.189245,48.979973],[2.1890485783639,48.98015240873849],[2.188962201160293,48.98023130445202],[2.188864,48.980321],[2.188952067794331,48.98036709155591],[2.18895546413809,48.980368869081616],[2.188971,48.980377],[2.188949136227313,48.9803899705788],[2.188712421798511,48.980530400283996],[2.18829,48.980781],[2.188080416316249,48.9809369041211],[2.187927196282196,48.98105088071659],[2.187841,48.981115],[2.187568,48.981251],[2.187835635241854,48.98153424347208],[2.188151,48.981868],[2.188327,48.982203],[2.188370153245261,48.982270453130944],[2.188533,48.982525],[2.188899756647694,48.98299308094189],[2.189123,48.983278],[2.189085,48.983347],[2.189138724288718,48.98335927571113],[2.189604202453979,48.98346563496932],[2.189930577141266,48.983540209830664],[2.190201,48.983602],[2.190203010238445,48.98360227378247],[2.190737,48.983675],[2.190827,48.983502],[2.191128,48.983551],[2.191038,48.984186],[2.191109,48.984333],[2.191314,48.984464],[2.191873,48.984628],[2.19232,48.984646],[2.193108,48.984613],[2.193177,48.984749],[2.194027797589533,48.98467246044412],[2.194233,48.984654],[2.194949,48.985286],[2.195767501448795,48.98530331330563],[2.19632,48.985315],[2.197697,48.985311],[2.198095,48.985513],[2.198197378556804,48.985584736250935],[2.198526,48.985815],[2.198848,48.986134],[2.198927,48.986319],[2.198911,48.986602],[2.198696,48.986985],[2.198404,48.987705],[2.199146,48.987721],[2.200256,48.987719],[2.200323678756154,48.987866792464494],[2.200588,48.988444],[2.200802,48.988859],[2.201571,48.990443],[2.202174,48.9903],[2.203291,48.989954],[2.203442,48.989924],[2.204444,48.989629],[2.204481,48.989788],[2.204637,48.989981],[2.204903,48.990163],[2.206069,48.991107],[2.206756,48.991757],[2.207071,48.992172],[2.207107732792057,48.99224333467629],[2.207433,48.992875],[2.20795,48.993654],[2.20825,48.994457],[2.208138,48.994543],[2.208119,48.994673],[2.208324,48.995168],[2.208503853254655,48.99584072034674],[2.208532,48.995946],[2.208672,48.996224],[2.208969,48.996926],[2.209229,48.997307],[2.209857,48.998062],[2.210275,48.998486],[2.210471,48.998724],[2.210659603100408,48.998923471753656],[2.210848970947324,48.99912375232395],[2.210936281488293,48.99921609431982],[2.211057574520848,48.99934437712035],[2.211356,48.99966],[2.211516730481451,48.99983673240991],[2.211620394738461,48.999950717223484],[2.211709227394118,49.00004839383822],[2.211799272524706,49.00014740363889],[2.211808,49.000157],[2.211878401470243,49.000232608879664],[2.212149178762136,49.00052341484733],[2.212259111816322,49.000641479357014],[2.212393453193778,49.00078575760869],[2.212491296137761,49.000890837734886],[2.212538535565002,49.00094157133686],[2.212640401816469,49.00105097236389],[2.212849,49.001275],[2.213243,49.001688],[2.213336627228286,49.00179288296065],[2.213426,49.001893],[2.213820789989244,49.00229428858989],[2.213912,49.002387],[2.213912470182106,49.00238744465558],[2.214014550007319,49.002483982493786],[2.214065581744606,49.002532243681415],[2.214265615741276,49.002721417688775],[2.21430575363134,49.00275937646396],[2.214394199440757,49.00284302048688],[2.214483,49.002927],[2.214536795881822,49.00298796866606],[2.214601946869072,49.00306180645161],[2.214816802131608,49.003305309082485],[2.214904844360303,49.00340509027501],[2.214918,49.00342],[2.214997,49.003534],[2.215108468390221,49.00349761795597],[2.215297421456557,49.0034359457746],[2.215563366275247,49.00334914434072],[2.215949394569801,49.00322314899458],[2.21633331585999,49.003097841351256],[2.216584682411546,49.003015798101785],[2.216930941045303,49.00290278313105],[2.216936404755207,49.00290099983684],[2.217157,49.002829],[2.217598456248506,49.002693845341554],[2.217758,49.002645],[2.218163331974232,49.00251214955739],[2.21889538467466,49.00227221406884],[2.220800014258325,49.00164795815201],[2.220986,49.001587],[2.221711928169148,49.00135119757044],[2.221972431435183,49.001266578587945],[2.222230949054479,49.00118260460084],[2.222593,49.001065],[2.224506163340107,49.0004512872109],[2.225143,49.000247],[2.225717666840022,49.00005877842423],[2.225775,49.00004],[2.22586925208203,49.00000475283709],[2.226217408624656,48.99987455379946],[2.226259,48.999859],[2.226301036659878,48.999839102647655],[2.226450072319202,48.99976855910224],[2.226559,48.999717],[2.226581056390973,48.99970780983709],[2.226707149068321,48.99965527122153],[2.226913685185189,48.99956921450617],[2.227330449863686,48.99939556255679],[2.227567,48.999297],[2.22761366150332,48.9992789031432],[2.227934025439607,48.99915465553293],[2.228227585043997,48.99904080351906],[2.228356,48.998991],[2.22837054475876,48.99898635534825],[2.228402117452518,48.998976273079464],[2.228795609728709,48.99885061719074],[2.22899182665601,48.998787958241955],[2.229214526381082,48.99871684240674],[2.229492724957698,48.998628003841155],[2.229499,48.998626],[2.229819841918366,48.99853361278094],[2.23023955024126,48.99841275673766],[2.230258130162093,48.99840740660378],[2.230872068588751,48.998230621524684],[2.23125024345457,48.99812172514247],[2.23135,48.998093],[2.232040869648182,48.99789788761268],[2.232618956936247,48.997734626726704],[2.23295368414217,48.99764009453178],[2.233040911826692,48.99761546007026],[2.233602,48.997457],[2.233963540051847,48.99735135517965],[2.234069699207511,48.997320334647156],[2.234372,48.997232],[2.234576868874294,48.997168474767655],[2.23506451090304,48.99701726793704],[2.235146,48.996992],[2.235520857093303,48.99688192001455],[2.235762268448386,48.9968110275093],[2.236171,48.996691],[2.236281909484481,48.99665686409595],[2.236658702300491,48.996540894181614],[2.236704637486251,48.99652675617438],[2.236791274754314,48.99650009081313],[2.237032,48.996426],[2.237098430677677,48.99640456762078],[2.237709131867539,48.996207538477776],[2.237717,48.996205],[2.237871307975741,48.99615069048899],[2.238429945809445,48.995954074938574],[2.238433,48.995953],[2.238627708459165,48.99588889203346],[2.238887878200992,48.99580323087024],[2.239130181115862,48.99572345237872],[2.239270804016765,48.99567715213956],[2.23942256627985,48.9956271842536],[2.239571814521389,48.995578044111895],[2.239708431177815,48.99553306293298],[2.239854271862449,48.995485044732995],[2.240151492484704,48.99538718452812],[2.24040002519055,48.99530535487132],[2.240443867945437,48.99529091959781],[2.240556,48.995254],[2.240904232693999,48.99513727068034],[2.241390293527101,48.994974340687435],[2.241652294152463,48.994886516783254],[2.241710666825665,48.99486694997478],[2.241764952438454,48.994848753169144],[2.242028028371289,48.99476056881658],[2.24217889949495,48.99470999607047],[2.242228499999936,48.99469336973612],[2.242337,48.994657],[2.242633801208442,48.99456011670398],[2.243201665798337,48.99437475157878],[2.243484588872634,48.994282398450906],[2.243688,48.994216],[2.243423461475479,48.9939237887033],[2.243383112281337,48.993879218671914],[2.242956572235152,48.99340805924356],[2.242395566822712,48.99278836833343],[2.24230481601386,48.99268812428928],[2.242125102488449,48.99248961134153],[2.242082,48.992442],[2.242152658374247,48.992414714511725],[2.242360274789501,48.992334541208514],[2.24248639087538,48.99228584013071],[2.242978,48.992096],[2.242772477456374,48.99185295812792],[2.242709194074503,48.99177812199885],[2.242485,48.991513],[2.242589815132154,48.991488718502204],[2.24272881001273,48.99145651891597],[2.242895031866461,48.991418011922825],[2.243030171922771,48.99138670534607],[2.243158740497283,48.99135692112032],[2.243262,48.991333],[2.243273605051669,48.99132945740528],[2.243352601028999,48.99130534284377],[2.243447366984916,48.99127641428881],[2.243547,48.991246],[2.243313673120404,48.990753264384175],[2.243301931237661,48.99072846808195],[2.243216,48.990547],[2.243357826141696,48.99050950573265],[2.243564,48.990455],[2.243588,48.989999],[2.243613603817339,48.989827820192644],[2.243623,48.989765],[2.243659349804015,48.98942496410608],[2.243679709412512,48.98923450922296],[2.243681433830622,48.98921837807537],[2.243701453219065,48.98903110579621],[2.243723255924953,48.98882715139294],[2.243733,48.988736],[2.243797,48.988325],[2.244092,48.986316],[2.244090262055258,48.986312323114596],[2.243451082393278,48.98496004170174],[2.243192419445092,48.98441280104652],[2.243022464113035,48.98405323479273],[2.243018313759264,48.98404445409054],[2.24293594067748,48.98387018135621],[2.242795,48.983572],[2.24117657158638,48.98366872720705],[2.240762839563611,48.983693454369956],[2.240486,48.98371],[2.240381,48.983737],[2.239652186270904,48.983763195381634],[2.239330729727576,48.98377474933088],[2.239277102635448,48.98377667682221],[2.239192788954124,48.983779707266024],[2.239129,48.983782],[2.238869586751399,48.98383539274763],[2.238751311286448,48.983859736346446],[2.238554653050194,48.98390021278177],[2.238404894748914,48.98393103621592],[2.238167,48.98398],[2.238068448581498,48.98399916904022],[2.237691973453926,48.984072396467774],[2.237293,48.98415],[2.237166,48.984161],[2.236790206185978,48.98414317578748],[2.236154,48.984113],[2.235987150177337,48.983551469886166],[2.235957,48.98345],[2.235872693698009,48.983205317916635],[2.235814617320463,48.98303676291283],[2.235766448349531,48.98289696216386],[2.235713589708502,48.98274355059076],[2.235619886739271,48.98247159657087],[2.235609,48.98244],[2.235502469820405,48.981905573599036],[2.235494280754081,48.98186449178297],[2.235489,48.981838],[2.235529511734967,48.98149564731013],[2.23556,48.981238],[2.235559587585611,48.98121524847287],[2.235555311633068,48.980979358424264],[2.235554,48.980907],[2.235543272487218,48.980863539820014],[2.235476,48.980591],[2.235270952625835,48.980380889727705],[2.235233,48.980342],[2.235169277322515,48.980310828300624],[2.235002,48.980229],[2.235129932079708,48.98017912527734],[2.235402464700214,48.980072877580156],[2.235635739145193,48.97998193480588],[2.235751,48.979937],[2.23592,48.979615],[2.235992243205494,48.97953691359406],[2.236192,48.979321],[2.236595503718539,48.979196579972935],[2.236865839251201,48.979113222242276],[2.237246,48.978996],[2.237062375865364,48.97868591773491],[2.237034,48.978638],[2.236951432432431,48.978464608108105],[2.236925520509198,48.978410193069315],[2.236914,48.978386],[2.236826334816753,48.97801585811518],[2.236806,48.97793],[2.236753,48.977394],[2.236631,48.97676],[2.236538093509283,48.97598476387254],[2.236509,48.975742],[2.236492,48.974696],[2.236477,48.974344],[2.236557,48.97381],[2.236104,48.973757],[2.235608,48.97375],[2.235154,48.973706],[2.233832,48.973523],[2.233702,48.973485],[2.233301,48.973444],[2.232885,48.973365],[2.232186,48.973297],[2.231757,48.973074],[2.230819,48.97276],[2.230062,48.972568],[2.230058338894176,48.97256627534684],[2.229941,48.972511],[2.2293,48.97229],[2.228925,48.972763],[2.228758,48.972877],[2.227423,48.9722],[2.227412,48.972088],[2.22716,48.971981],[2.226715,48.971952],[2.226235,48.971715],[2.226087,48.971557],[2.225919,48.971259],[2.225733,48.971025],[2.225431,48.971118],[2.22478,48.971473],[2.224576,48.971631],[2.224065,48.971937],[2.223515,48.972185],[2.223250251162966,48.97228017553129],[2.22312,48.972327],[2.222715,48.972421],[2.220649,48.970028],[2.220142,48.97015],[2.219513,48.969533],[2.218887571824199,48.969010449043715],[2.218747,48.968893],[2.218502,48.969009],[2.21778,48.968117],[2.217255,48.967642],[2.215053441198292,48.965367372220825],[2.214935,48.965245],[2.214542,48.964782],[2.213522,48.963727],[2.213149,48.963887],[2.212788,48.964066],[2.211486,48.964749],[2.211217,48.964478],[2.210937,48.964255],[2.210324,48.963688],[2.210271982733818,48.96364248489209],[2.209918626323768,48.9633332980333],[2.2099,48.963317],[2.209796689039619,48.96322280471259],[2.20972951053137,48.96316155371978],[2.209623919050949,48.96306527913469],[2.209467485657168,48.96292264868742],[2.20934723753665,48.96281301069518],[2.20922,48.962697],[2.209148068439709,48.96263470213082],[2.209029384875037,48.96253191368641],[2.208916320198008,48.96243399160006],[2.208772,48.962309],[2.208605155684278,48.962153889789995],[2.208525809404817,48.962080123908216],[2.208317,48.961886],[2.207765,48.96144],[2.207282687471163,48.96098171926577],[2.206908166998966,48.96062585972091],[2.206902,48.96062],[2.206782237259087,48.96051700992796],[2.206560795105376,48.96032658055745],[2.206520467034859,48.96029190039853],[2.206495,48.96027],[2.205984325202142,48.959643495454756],[2.205697,48.959291],[2.205383323620346,48.958931779606125],[2.205208,48.958731],[2.20516,48.958626],[2.204956,48.958384],[2.20481526869738,48.95827228266536],[2.204437,48.957972],[2.203937878416652,48.957405529293574],[2.203896,48.957358],[2.203319,48.956566],[2.204361416172877,48.95617979335234],[2.20439780189219,48.95616631274158],[2.204539,48.956114],[2.20485,48.956013],[2.205337,48.955952],[2.205503,48.95413],[2.205605,48.953157],[2.205625522593901,48.95293576643774],[2.205651716357536,48.952653397665756],[2.205687583770331,48.95226674695583],[2.205705,48.952079],[2.205817,48.95074],[2.205852,48.950408],[2.205867,48.949861],[2.205486,48.949905],[2.204773,48.949904],[2.204171301731202,48.9499753489204],[2.201431637500962,48.9503002162089],[2.201113,48.950338],[2.200585,48.950359],[2.200365,48.949694],[2.199037,48.949787],[2.197626,48.949952],[2.196255,48.95014],[2.194374,48.950386],[2.193987,48.95046],[2.193923883122026,48.950506952799465],[2.193823,48.950582],[2.193712002975212,48.95057750686706]],[[2.203896199021343,48.987469938552834],[2.203929,48.987295],[2.20389,48.987503],[2.203896199021343,48.987469938552834]],[[2.202917055761984,48.98521286934837],[2.203089,48.98481],[2.202917,48.985213],[2.202917055761984,48.98521286934837]],[[2.207700285310641,48.98324854604639],[2.208804,48.982887],[2.208270681480309,48.98306170022291],[2.207589,48.983285],[2.207700285310641,48.98324854604639]],[[2.208819847435702,48.98287931907016],[2.209222136628127,48.98268433767885],[2.208804,48.982887],[2.208819847435702,48.98287931907016]],[[2.223749438609969,48.974836671042524],[2.223565,48.974975],[2.223917,48.974711],[2.223749438609969,48.974836671042524]],[[2.2101488924477186,48.98313231185416],[2.210027773941496,48.98319017606198],[2.20998,48.983213],[2.2101488924477186,48.98313231185416]],[[2.2111835998078937,48.98227633809605],[2.211280320382411,48.98234269575603],[2.211307,48.982361],[2.2111835998078937,48.98227633809605]],[[2.210912,48.98209],[2.210960063841496,48.982122975445684],[2.2111835998078937,48.98227633809605],[2.210912,48.98209]],[[2.211333699603903,48.98199840375317],[2.211229531041289,48.98202102992897],[2.210952673191781,48.98208116548444],[2.210912,48.98209],[2.211333699603903,48.98199840375317]],[[2.211621,48.981936],[2.211441768302756,48.98197493043917],[2.211333699603903,48.98199840375317],[2.211621,48.981936]]]}},{"type":"Feature","properties":{"code_canton":"06","nom":"Deuil-la-Barre","method":"Union de contours BV reconstitués, non opposables"},"geometry":{"type":"Polygon","coordinates":[[[2.327158031937463,48.9591316797411],[2.32692925407434,48.95901613748392],[2.326717585369429,48.95890923605734],[2.326352804379441,48.95872500661143],[2.326229669633451,48.95866281848582],[2.325977103852407,48.958535262348924],[2.325737,48.958414],[2.325721077863262,48.958407921351736],[2.325331,48.958259],[2.324953023129364,48.95815273431837],[2.324443383954577,48.95800945265617],[2.323989421076348,48.95788182401421],[2.323717219853477,48.95780529645198],[2.323221788167097,48.9576660091306],[2.322987,48.9576],[2.322693,48.957525],[2.32267894806519,48.957529081559095],[2.322456343352215,48.95759373986446],[2.322324954889691,48.95763190327626],[2.322229856522418,48.957659525778894],[2.322091486422996,48.957699717093895],[2.321977614499288,48.957732792609306],[2.321886437913327,48.95775927598182],[2.321646316610316,48.957829022198446],[2.321439150175882,48.95788919626394],[2.321311653324608,48.957926229308896],[2.321187404110328,48.95796231903732],[2.321067780152394,48.95799706530256],[2.320951192080234,48.958030929757044],[2.320729944782319,48.95809519378433],[2.320617,48.958128],[2.320492525207175,48.958181701508494],[2.320290207620711,48.95826898632609],[2.319986632894449,48.958399955981626],[2.319866,48.958452],[2.31977,48.958474],[2.319297529714797,48.958800345454726],[2.319091,48.958943],[2.31884,48.959048],[2.318482621316034,48.95924191399444],[2.318409868793302,48.95928138957853],[2.318200152346639,48.95939518191057],[2.318010583957665,48.959498041888445],[2.317948,48.959532],[2.317845483284662,48.95959054583864],[2.317687743759767,48.959680628638694],[2.317452360083826,48.95981505290954],[2.31720598648198,48.95995575337082],[2.316965092056679,48.96009332475228],[2.316815662453704,48.960178661874075],[2.316640661715939,48.9602786023074],[2.316281,48.960484],[2.31612151497027,48.960577426141676],[2.315605,48.96088],[2.315338089875714,48.96103023538544],[2.314954938372024,48.96124589941838],[2.314529092740176,48.96148559464466],[2.314175342357209,48.96168470970361],[2.313885995977539,48.96184757375754],[2.313542002458749,48.96204119698191],[2.313402,48.96212],[2.313197387962175,48.96224205963063],[2.313055,48.962327],[2.313005,48.962411],[2.313097,48.9625],[2.313252956208497,48.96259135785122],[2.313382908089299,48.96266748258331],[2.313486239902957,48.96272801350125],[2.31359285992351,48.96279047062347],[2.313692667881315,48.96284893729592],[2.313778342621821,48.9628991248471],[2.313853013546727,48.962942866454526],[2.313937855757157,48.9629925663165],[2.314045797855425,48.96305579790086],[2.31417571340056,48.96313190134783],[2.314604494307019,48.963383077640415],[2.314611917187948,48.96338742590239],[2.314758,48.963473],[2.315203538622521,48.963728529504095],[2.315346840855097,48.96381071754925],[2.315807148579,48.96407471756737],[2.315914,48.964136],[2.315995,48.964252],[2.3160193568792,48.96430040281952],[2.316100062838079,48.96446078444844],[2.31616504695709,48.96458992310197],[2.316203672369397,48.96466668083621],[2.31623,48.964719],[2.316251550522322,48.9647451419004],[2.316304328579305,48.96480916441866],[2.316348482275952,48.96486272514089],[2.316405714507474,48.96493215080369],[2.316455196122733,48.96499217456731],[2.316507709763453,48.96505587633494],[2.316573571180355,48.9651357696468],[2.316635060879312,48.965210359838245],[2.316700883562317,48.965290206163886],[2.316751,48.965351],[2.316770981372093,48.965394573835525],[2.316811244943825,48.9654823775281],[2.316834520620983,48.9655331353301],[2.316889979672329,48.96565407615291],[2.317,48.965894],[2.316704356596027,48.96609093271372],[2.316395,48.966297],[2.316264028450615,48.96639955319433],[2.316151858595658,48.96648738430717],[2.316077,48.966546],[2.316028366357395,48.966578228282124],[2.315817990634858,48.96671763894057],[2.315777262390148,48.96674462851591],[2.315576,48.966878],[2.315553386706949,48.96689495996979],[2.315444107950402,48.9669769190372],[2.315242198988197,48.96712835075885],[2.315236,48.967133],[2.315096176873477,48.9672249742004],[2.315003457815635,48.96728596383365],[2.314911436296764,48.96734649463302],[2.314816383928656,48.96740901909353],[2.314716251431492,48.96747488521017],[2.314602979960393,48.967549394007406],[2.314463259393727,48.967641300745],[2.314341464860495,48.96772141592399],[2.314221429671419,48.96780037382466],[2.314134841821945,48.96785733041273],[2.313455585540912,48.96830413813953],[2.313298258043432,48.96840762653335],[2.312983,48.968615],[2.312584,48.968842],[2.312033562334128,48.96919209454484],[2.311768,48.969361],[2.311676,48.969394],[2.310901171880618,48.969918603078334],[2.310336918109455,48.970300635245096],[2.310072,48.97048],[2.309727,48.970719],[2.309788,48.971199],[2.309864,48.971242],[2.310033659144946,48.97138793562044],[2.310572,48.971851],[2.310673,48.971908],[2.310682230413878,48.97189680244874],[2.310734,48.971834],[2.311138665402361,48.971539589530536],[2.311264975543447,48.97144769378724],[2.311400738021198,48.9713489210862],[2.311413,48.97134],[2.31162944226028,48.97118445986874],[2.311708749448987,48.97112746799236],[2.311768736975422,48.971084359646866],[2.311869835345804,48.97101170815183],[2.312027750149602,48.97089822712793],[2.312158244774269,48.9708044508431],[2.312256130927085,48.970734107717696],[2.312348048012929,48.97066805409407],[2.312423109412516,48.9706141133344],[2.312517492705813,48.970546287440285],[2.312709352535106,48.97040841278035],[2.312935150491276,48.97024614944187],[2.313047756795802,48.97016522809424],[2.313166231909156,48.970080089292516],[2.313340246328281,48.96995503873374],[2.313489027147795,48.96984812159027],[2.313698663755011,48.969697472149804],[2.313851,48.969588],[2.313868166937278,48.969601835196165],[2.314140407989584,48.96982123999161],[2.314155,48.969833],[2.31468322574761,48.970236327122294],[2.315140335238759,48.97058535337948],[2.315423563851529,48.97080161277587],[2.315428,48.970805],[2.315442221792634,48.970810933393054],[2.315675356201496,48.97090819807116],[2.315847417347325,48.970979982721246],[2.316019867271908,48.9710519295715],[2.316358,48.971193],[2.316371599217861,48.97119654762205],[2.316540341407562,48.97124056732371],[2.316588,48.971253],[2.316607456969311,48.97156747892258],[2.316613724462158,48.97166877909766],[2.316618575268818,48.971747181670416],[2.316630062709591,48.97193285077129],[2.316631,48.971948],[2.316622156000704,48.97215653219394],[2.316616011772902,48.9723014066179],[2.316612,48.972396],[2.316611906389627,48.97240529417277],[2.316610710791367,48.972524],[2.316609360525063,48.972658062154494],[2.316608268345324,48.9727665],[2.316607365061349,48.9728561831946],[2.316606366593087,48.97295531682919],[2.316605610272483,48.973030408660605],[2.316605,48.973091],[2.316605577207084,48.9730952896981],[2.316619899899127,48.97320173334124],[2.316631688037076,48.97328934063918],[2.316640847633137,48.973357413091726],[2.316649,48.973418],[2.316649936272286,48.973421309238255],[2.316671654057242,48.97349807037474],[2.316691911025145,48.97356966827853],[2.316722855893821,48.97367904238333],[2.316762703809172,48.97381988415311],[2.316789188623345,48.97391349427217],[2.316819087384694,48.97401917092866],[2.316860768019703,48.97416649041447],[2.316926028484808,48.974397152403206],[2.316992911356795,48.97463354876109],[2.317040614538027,48.97480215483269],[2.317055,48.974853],[2.317067168833487,48.97490996049718],[2.317079578925143,48.974968050287906],[2.317091243170767,48.97502264888444],[2.317104233667282,48.975083455463874],[2.3171151818897,48.97513470246243],[2.317149,48.975293],[2.317148530880512,48.97532208540826],[2.317147,48.975417],[2.317100768774076,48.97567284270657],[2.317060997358225,48.975892936949634],[2.3170449743498,48.97598160796713],[2.317044,48.975987],[2.317018464865521,48.976114402276956],[2.316989670689367,48.9762580648689],[2.316988866694637,48.97626207623447],[2.316958440766928,48.97641388011362],[2.316929947506483,48.976556041348815],[2.316902991574772,48.97669053239996],[2.316879044978129,48.97681000899563],[2.31686437388749,48.97688320737077],[2.316847196286087,48.97696891146342],[2.316814933740847,48.97712987876622],[2.316780225372907,48.97730304899599],[2.316752016375138,48.977443791961306],[2.316722506080993,48.97759102747599],[2.31669501423011,48.97772819238511],[2.316667222777884,48.977866852093214],[2.316621193062471,48.978096507846764],[2.316577,48.978317],[2.316590989646558,48.97853359832084],[2.316606,48.978766],[2.316623553688354,48.97889885732754],[2.316645490859138,48.97906489160053],[2.316657,48.979152],[2.31666078213719,48.97920795338255],[2.316670860908416,48.9793570599098],[2.316691,48.979655],[2.316947,48.979729],[2.317256184428133,48.97987583217182],[2.317818982886846,48.980143106046164],[2.318586438733536,48.98050757203635],[2.318979,48.980694],[2.319078841444835,48.98072734327497],[2.319291161610086,48.980798250198085],[2.319509,48.980871],[2.319891039894779,48.98076313700132],[2.320387876948687,48.98062286281733],[2.320597947744123,48.98056355260852],[2.320777,48.980513],[2.320927101355981,48.98049967261503],[2.321316434804517,48.98046510399494],[2.321892,48.980414],[2.321932122336892,48.98041334105651],[2.32244,48.980405],[2.322536295131275,48.98041277768368],[2.3227,48.980426],[2.322542,48.980839],[2.32254922577849,48.981057744021555],[2.322553,48.981172],[2.322647,48.981494],[2.322815516005022,48.981974707010345],[2.322857147437208,48.98209346440255],[2.322898,48.98221],[2.322863,48.982306],[2.323354874980057,48.98246808719029],[2.323564,48.982537],[2.323697852202184,48.982583092543685],[2.324059133334608,48.98270750115337],[2.325125871063551,48.98307483657682],[2.32553,48.983214],[2.325925,48.983138],[2.326030114781297,48.98312455508611],[2.326212169766466,48.983101268983354],[2.326458887233198,48.98306971209808],[2.326699,48.983039],[2.327035034970754,48.983029591020816],[2.327164118864192,48.9830259766718],[2.327632695281133,48.98301285653213],[2.328080292258742,48.98300032381675],[2.328199,48.982997],[2.32854146453167,48.98287219514152],[2.328542,48.982872],[2.328874758459778,48.98280898593951],[2.329023910365415,48.982780741226485],[2.329182076599564,48.982750789481145],[2.329386441032465,48.9827120892397],[2.329577635462788,48.982675882985454],[2.329731620504564,48.98264672302737],[2.329746,48.982644],[2.329949727933088,48.98262269764958],[2.330272,48.982589],[2.330519083645201,48.98257633517099],[2.330848641169612,48.98255944295746],[2.331285399109676,48.98253705594506],[2.331306,48.982536],[2.331503330926595,48.982411631768954],[2.331544,48.982386],[2.33162557147415,48.98234338227946],[2.331760271656273,48.98227300700701],[2.331967,48.982165],[2.331987491460197,48.98215897975032],[2.332286721099256,48.98207106814601],[2.332499,48.98200870206897],[2.332692,48.981952],[2.332743782419521,48.98194009118493],[2.332888046734957,48.981906913572345],[2.333033742644624,48.98187340672464],[2.333234931262639,48.981827137777216],[2.333510271229467,48.98176381565406],[2.334053,48.981639],[2.334139223233211,48.98155361388556],[2.334156,48.981537],[2.334158884202042,48.98139971198281],[2.334171,48.980823],[2.334684,48.980881],[2.335054,48.980972],[2.335038775643638,48.98119642801189],[2.335015194403,48.98154404802474],[2.334996,48.981827],[2.335103,48.981872],[2.335040366777893,48.98242599526033],[2.335032,48.9825],[2.335018959447631,48.982698868423626],[2.335012,48.982805],[2.334954,48.98297],[2.334964066966709,48.98326426518074],[2.334967,48.98335],[2.33503431490781,48.98359861088652],[2.335082297457795,48.98377582251284],[2.33513,48.983952],[2.335132989562358,48.983955276560344],[2.335180840148215,48.984007720802445],[2.335187244700108,48.98401474019132],[2.335255,48.984089],[2.335245313949606,48.98430060294707],[2.335235999596576,48.98450408573633],[2.335229,48.984657],[2.334933,48.984669],[2.334805362216955,48.98503905062681],[2.334804,48.985043],[2.33481138657634,48.98551984453929],[2.334813,48.985624],[2.334791568663972,48.986147119429425],[2.334791,48.986161],[2.334809421301609,48.98632826541861],[2.334816,48.986388],[2.335053,48.986835],[2.334987,48.986849],[2.335181,48.987292],[2.33467769377854,48.98744054863236],[2.334666,48.987444],[2.334835,48.987905],[2.335006,48.988198],[2.335145537121093,48.988151024355645],[2.335174952688158,48.98814112150538],[2.335301265274901,48.9880985979453],[2.33549065022717,48.988034840859775],[2.335508,48.988029],[2.335654341345625,48.98828587576625],[2.33579,48.988524],[2.335825223802904,48.988591372511905],[2.335833444387614,48.98860709601123],[2.336042,48.989006],[2.336084814886277,48.989004450777145],[2.336346,48.988995],[2.336428,48.989673],[2.336659,48.990116],[2.336761386989079,48.99035477418585],[2.33684803144309,48.99055683559181],[2.337189,48.991352],[2.337161867419848,48.99145203985335],[2.337042,48.991894],[2.337130210775935,48.99221684429735],[2.337289,48.992798],[2.33695,48.992909],[2.336886672811652,48.992937068600945],[2.336527725801481,48.99309616520153],[2.336492,48.993112],[2.336093,48.993377],[2.336063420662139,48.99339899207276],[2.335824,48.993577],[2.335583686040848,48.99377342683541],[2.33526,48.994038],[2.335152929363507,48.99411292815914],[2.334868789147448,48.99431176982127],[2.334757,48.99439],[2.334477805313429,48.99454380415256],[2.334442420943069,48.99456329686986],[2.334127594717691,48.9947367299011],[2.333972872286,48.994821964161034],[2.333853,48.994888],[2.33381839092431,48.994905833984255],[2.33342174190585,48.99511022639312],[2.333254853166592,48.99519622381109],[2.333232,48.995208],[2.332697625951672,48.995442097318765],[2.332691,48.995445],[2.332417,48.995507],[2.332394269755262,48.995509531834195],[2.33203454612804,48.995549600059995],[2.33187531081312,48.99556733666685],[2.331609,48.995597],[2.331452,48.995643],[2.331544211611503,48.99622310373585],[2.331639312115692,48.996821381510884],[2.331641,48.996832],[2.331845,48.996832],[2.331916166528521,48.99707333203979],[2.331999576986413,48.99735618433512],[2.332047,48.997517],[2.332396,48.998331],[2.332486974648882,48.99831449863171],[2.332791908287808,48.99825918847286],[2.332815,48.998255],[2.332839400553482,48.998450822163385],[2.332894,48.998889],[2.332894,48.999109],[2.332958,48.999447],[2.332690694227131,48.999483140831536],[2.332566,48.9995],[2.332517177389661,48.99950750689339],[2.329932,48.999905],[2.330093,49.000225],[2.330221,49.000325],[2.330804,49.000525],[2.331056,49.000693],[2.331269704530988,49.00127538022849],[2.331358,49.001516],[2.331515,49.00166],[2.330816,49.001686],[2.330443,49.001734],[2.330390505323334,49.00174923331953],[2.329485,49.002012],[2.328925,49.002221],[2.328343,49.002475],[2.327857,49.002794],[2.32752,49.002965],[2.327183,49.003163],[2.326698,49.003286],[2.326128,49.003384],[2.324763,49.003915],[2.324039645009778,49.004145538080024],[2.323897,49.004191],[2.323215,49.004465],[2.32283,49.004664],[2.322269,49.004926],[2.321742,49.005207],[2.321262,49.005396],[2.32061,49.005612],[2.320593,49.005793],[2.320595,49.00642],[2.320676,49.006758],[2.320777056474603,49.006928334183606],[2.320778028507522,49.00692997257872],[2.320835,49.007026],[2.320959,49.007466],[2.321015,49.007885],[2.321131,49.008022],[2.321276,49.00839],[2.321378,49.008583],[2.321406,49.008993],[2.321647,49.00929],[2.322006,49.010173],[2.325545,49.00974],[2.325991,49.009713],[2.327154,49.009696],[2.327734,49.009497],[2.328176,49.009238],[2.328493,49.009143],[2.328658,49.009035],[2.328773,49.009017],[2.32909,49.00909],[2.329258,49.009084],[2.329666,49.008955],[2.330183,49.008857],[2.331017,49.008741],[2.331544,49.008541],[2.332417,49.008283],[2.333257,49.008334],[2.333865,49.008341],[2.334053,49.008278],[2.334576,49.008029],[2.335102,49.007868],[2.33594,49.007678],[2.336368,49.007565],[2.337403,49.007318],[2.337704,49.007275],[2.338046,49.007191],[2.338345,49.007079],[2.338498,49.006993],[2.338716,49.006952],[2.339139,49.006935],[2.339729,49.006798],[2.340252,49.006655],[2.340656934495437,49.00655180931136],[2.34139,49.006365],[2.342176,49.00613],[2.343448,49.005965],[2.343959,49.005909],[2.344566,49.0058],[2.344581857959403,49.00579783447496],[2.345269,49.005704],[2.345369,49.005916],[2.345426415303972,49.00605364629642],[2.345827,49.007014],[2.345881,49.00738],[2.346109,49.008157],[2.346223,49.008595],[2.346946,49.009802],[2.347077,49.010041],[2.34724,49.010498],[2.34729,49.010581],[2.347716597892418,49.010904467492836],[2.348775,49.011707],[2.348991,49.011862],[2.349424,49.012304],[2.349696,49.012725],[2.349732,49.01284],[2.3502293747271,49.01296235190655],[2.35148,49.01327],[2.351777,49.013362],[2.351684,49.013614],[2.352264,49.013777],[2.353487,49.014077],[2.353677,49.014227],[2.354082,49.014478],[2.354789,49.014885],[2.355514,49.015277],[2.356425,49.015704],[2.357098,49.015985],[2.357221,49.016092],[2.357918,49.016459],[2.358359,49.016726],[2.358641,49.016934],[2.359783,49.01787],[2.359934,49.018004],[2.360433,49.018274],[2.360679,49.018512],[2.361132,49.018818],[2.361735,49.019116],[2.362087,49.019305],[2.362140296330883,49.019327803072564],[2.362653847222566,49.01954752810903],[2.362884,49.019646],[2.363070094356106,49.019768029085974],[2.363433,49.020006],[2.363530686130213,49.02005392149784],[2.363539,49.020058],[2.363605,49.019997],[2.36352722611635,49.01993455101953],[2.363402,49.019834],[2.363265,49.019657],[2.363059479734628,49.01925852725527],[2.362987,49.019118],[2.362757,49.018401],[2.36254547228162,49.01792717791083],[2.362507,49.017841],[2.362498600140262,49.01781321881251],[2.362289,49.01712],[2.362074,49.016266],[2.362263243812742,49.01566597439578],[2.362367,49.015337],[2.362479434708219,49.01507518020997],[2.36258,49.014841],[2.362586,49.014402],[2.362501,49.014055],[2.362453493506418,49.01395484455735],[2.362307,49.013646],[2.362111,49.013348],[2.36197913094241,49.01307390567611],[2.36192,49.012951],[2.361705,49.012247],[2.361662,49.011844],[2.361699,49.011265],[2.361709989936439,49.011225985725645],[2.361739,49.011123],[2.361790965511575,49.01104467517096],[2.362084,49.010603],[2.362242,49.010429],[2.362369601276977,49.01033174889888],[2.362633,49.010131],[2.362866116396001,49.009977087006014],[2.363048,49.009857],[2.363230324742227,49.00969145360828],[2.363374,49.009561],[2.36356126211298,49.009501611158456],[2.363724,49.00945],[2.363966,49.009177],[2.364111916996222,49.00891335046404],[2.364375,49.008438],[2.364587,49.007981],[2.364677567822834,49.007741909256694],[2.365023,49.00683],[2.365105764838143,49.00670701610397],[2.365272,49.00646],[2.365404662476855,49.00636057603383],[2.365727,49.006119],[2.365884,49.005964],[2.366023,49.005763],[2.366041256159727,49.0057271128915],[2.36605487110187,49.00570034927235],[2.366152159419513,49.00550910442877],[2.366169,49.005476],[2.366228365777887,49.00539340413511],[2.36633,49.005252],[2.366346652437773,49.00521198251388],[2.36638927195906,49.00510956350924],[2.366459,49.004942],[2.3665,49.004774],[2.366704713120102,49.00429904928199],[2.366966947060107,49.003690645687584],[2.367003,49.003607],[2.36702337227084,49.00355253535755],[2.367061614620071,49.003450295607564],[2.367100094875019,49.00334741982393],[2.367101,49.003345],[2.367105059611319,49.0031591600152],[2.36711,49.002933],[2.367034,49.002559],[2.36702907210007,49.00252662484348],[2.366986140582628,49.00224457475797],[2.366961060776124,49.002079806261754],[2.366948,49.001994],[2.366961,49.00178],[2.367052015590974,49.001494211044346],[2.367061,49.001466],[2.367237,49.001164],[2.367649,49.000663],[2.367728304425363,49.00057603994942],[2.368053,49.00022],[2.368177,49.000046],[2.368473,48.99942],[2.36854,48.999214],[2.36854,48.999083],[2.368448,48.998879],[2.36841245737761,48.99874926942828],[2.368288,48.998295],[2.368274,48.9979],[2.368305,48.997744],[2.368316032154226,48.99771993428303],[2.368455901684644,48.99741482066137],[2.368494453714447,48.99733072264946],[2.368531,48.997251],[2.369019440116572,48.996763533841786],[2.369534,48.99625],[2.369635120476247,48.99604471325003],[2.369771135074449,48.995768587228376],[2.369856668639056,48.995594943786976],[2.369866,48.995576],[2.369923823331384,48.99533988806352],[2.369938,48.995282],[2.369921243179208,48.99511341622719],[2.369905,48.99495],[2.369722328756571,48.994872283009755],[2.369509486445553,48.994781729819785],[2.369218947950989,48.994658120997045],[2.368899,48.994522],[2.368852,48.994536],[2.368753062323775,48.99449499384212],[2.36816808237853,48.994252540401675],[2.368133,48.994238],[2.368088411944988,48.994221608438465],[2.36754,48.99402],[2.367338,48.99393],[2.367213566639633,48.99388294971277],[2.366469247027271,48.993601510302554],[2.366338004963998,48.99355188553348],[2.366118266444194,48.99346879880785],[2.366105707631076,48.99346405011535],[2.365894,48.993384],[2.365682073225752,48.993301994950784],[2.36544246661426,48.99320927919065],[2.365235,48.993129],[2.365644661439379,48.992793822458694],[2.366522,48.992076],[2.36636,48.991902],[2.365944581324375,48.99154467159747],[2.365789050381955,48.99141088940022],[2.365509,48.99117],[2.365213,48.990868],[2.366163131387376,48.99044691142465],[2.366213513597839,48.990424582540975],[2.36663,48.99024],[2.366593,48.990188],[2.366331210830123,48.98994376374381],[2.366071,48.989701],[2.366677,48.989472],[2.365996,48.988775],[2.366531,48.98852],[2.368118,48.987887],[2.368043,48.987669],[2.367896,48.987098],[2.367765,48.986817],[2.367538,48.986414],[2.36747,48.986172],[2.367517,48.985661],[2.367583,48.985132],[2.367619590609493,48.98496375864089],[2.367660200645403,48.98477703620774],[2.36768,48.984686],[2.367748,48.984547],[2.367887,48.984416],[2.367853965187644,48.984332293144966],[2.36770707208195,48.983960080953416],[2.367651,48.983818],[2.367423,48.983389],[2.367221,48.983145],[2.367137,48.982959],[2.367011,48.982809],[2.366663,48.982259],[2.366419,48.981918],[2.366195545690549,48.981560621087866],[2.366117,48.981435],[2.366069876847115,48.98134588890961],[2.365961,48.98114],[2.365828,48.980831],[2.365651,48.980612],[2.365386,48.980236],[2.364256761192687,48.97906167005976],[2.364234,48.979038],[2.364068,48.978962],[2.364097,48.978889],[2.364187192395747,48.978671064288875],[2.364298881851821,48.97840118431914],[2.364354,48.978268],[2.364360715205246,48.97825064463575],[2.36442068043055,48.97809566525844],[2.364487243060168,48.977923634971916],[2.364537389583618,48.97779403190716],[2.364578532648668,48.9776876981684],[2.36462513353605,48.977567258755855],[2.364714720183902,48.97733572318121],[2.364715,48.977335],[2.364805874393038,48.97710556325844],[2.364851111324843,48.976991350509564],[2.364895973938244,48.976878082827746],[2.364945655777976,48.97675264771845],[2.364971602945837,48.97668713714449],[2.365037140367159,48.976521670373316],[2.365072728481971,48.97643181864691],[2.365149553684553,48.97623785284906],[2.365210284436381,48.976084521802264],[2.365233571997945,48.97602572611664],[2.365265516298525,48.97594507417509],[2.36529562052152,48.97586906800217],[2.365344093762574,48.9757466843239],[2.365361,48.975704],[2.365394697118261,48.97562103223044],[2.365441831728723,48.97550497917604],[2.36547890410767,48.97541370096733],[2.365527398223183,48.975294300591024],[2.365592428706536,48.975134184995525],[2.365731,48.974793],[2.365791772990886,48.974600345484674],[2.365878,48.974327],[2.365824393716927,48.97420914501001],[2.365742,48.974028],[2.365626267067234,48.973811322231434],[2.365562,48.973691],[2.365523,48.973538],[2.365501247816187,48.97349543728535],[2.365394567802516,48.97328669544042],[2.365292,48.973086],[2.364767680131446,48.973199688766044],[2.364227005304178,48.97331692379303],[2.36378066839658,48.973413703440926],[2.362654,48.973658],[2.362672,48.973722],[2.362267,48.973797],[2.361889638035325,48.9739135382538],[2.361802076952487,48.973940579176436],[2.361723,48.973965],[2.361562,48.973886],[2.36129,48.973499],[2.361122,48.973348],[2.360807,48.972989],[2.360495,48.972691],[2.360092,48.972481],[2.36,48.972496],[2.359531,48.972693],[2.359291621575172,48.972770162276134],[2.358985,48.972869],[2.358203,48.971815],[2.357928,48.971398],[2.357506,48.970827],[2.357482447884645,48.970789320968876],[2.357413397546306,48.970678853191],[2.357298609051306,48.97049521281683],[2.35717510109059,48.97029762290925],[2.357107351419202,48.970189235958074],[2.35702394016447,48.97005579336848],[2.356950750560253,48.96993870353031],[2.356852067398913,48.96978082871305],[2.356832351794312,48.96974928738997],[2.356424,48.969096],[2.356559,48.968975],[2.356929,48.968782],[2.356761,48.968659],[2.356548,48.96845],[2.355766437299157,48.96777882751114],[2.355663,48.96769],[2.355357,48.967437],[2.354804,48.966903],[2.354500802294721,48.96650735976342],[2.353925,48.965756],[2.35365,48.965828],[2.353466,48.965624],[2.352842185321253,48.965694318395705],[2.35257,48.965725],[2.352317,48.96578],[2.352014,48.965907],[2.351774,48.966056],[2.351637,48.966189],[2.351596,48.966328],[2.351576,48.966621],[2.350516,48.967024],[2.350097585739289,48.96710899039671],[2.350004,48.967128],[2.34916,48.967352],[2.348501626758403,48.9675023999387],[2.348499,48.967503],[2.348319,48.967523],[2.347287,48.967704],[2.347078,48.967657],[2.346755085392646,48.96774207929775],[2.346407468617368,48.967833666951115],[2.34620084789959,48.96788810594262],[2.346030775699299,48.967932915384615],[2.345909,48.967965],[2.345861902281328,48.967976517844036],[2.345534582697832,48.96805656452184],[2.345496,48.968066],[2.345082,48.968191],[2.344659,48.968184],[2.344449,48.968233],[2.344395169088902,48.968250329128914],[2.343865,48.968421],[2.343483869585194,48.96786094631835],[2.342621905527293,48.966594329629366],[2.342426874855559,48.96630774099331],[2.34073006099242,48.96381435076728],[2.340187676000352,48.963017340872824],[2.34012887032789,48.96293092863154],[2.340040755166469,48.96280144743916],[2.339871,48.962552],[2.339393,48.962705],[2.339317161217081,48.96274061125459],[2.339003031199446,48.96288811578461],[2.338933,48.962921],[2.338908262314998,48.962886900798914],[2.338693573965679,48.96259096764289],[2.338423,48.962218],[2.338208918693789,48.96194078606912],[2.337972,48.961634],[2.337656795979375,48.961191982756375],[2.337559881370538,48.961056077357135],[2.337455,48.960909],[2.337637,48.960716],[2.337762079845007,48.96054167895164],[2.337841406278446,48.96043112343377],[2.337985,48.960231],[2.338078,48.960072],[2.337429368138979,48.959243820181115],[2.336987,48.958679],[2.3369,48.958584],[2.336879820502498,48.95855614295589],[2.336526464305819,48.95806834789775],[2.336511,48.958047],[2.336456811160896,48.95793573225038],[2.33638197836539,48.95778207557693],[2.336361,48.957739],[2.336285990985839,48.95769324982115],[2.33622,48.957653],[2.3362053028,48.9576370358],[2.33611018315277,48.957533716183185],[2.336050211442477,48.95746857449787],[2.336046,48.957464],[2.335960647650016,48.95739224545087],[2.335857690595351,48.957305690868154],[2.335714503623691,48.95718531554639],[2.335638,48.957121],[2.335515,48.957139],[2.335458181055395,48.95710158264623],[2.335351,48.957031],[2.335112,48.956788],[2.335064,48.956811],[2.335017573345983,48.95676520932755],[2.334723509959487,48.956475174206616],[2.334701539813486,48.95645350502152],[2.334627066634541,48.956380052023114],[2.334553,48.956307],[2.334513869516897,48.95627143931536],[2.334405907921861,48.956173326848294],[2.334268,48.956048],[2.334024,48.956174],[2.33397104662589,48.956101119435104],[2.333814411319979,48.955885539790394],[2.333747844493466,48.95579392281601],[2.333675128920234,48.95569384322443],[2.333644,48.955651],[2.333545921337735,48.9555347715497],[2.333423258347021,48.955389409357856],[2.333363,48.955318],[2.333157676816385,48.95548404543174],[2.332994233608285,48.95561622241038],[2.332890784514639,48.95569988198118],[2.332665898404788,48.95588174800598],[2.332145,48.956303],[2.331292933281849,48.95698046288246],[2.330803,48.95737],[2.33025,48.957792],[2.329934603047309,48.95799949799519],[2.329747388194741,48.95812266566135],[2.329224,48.958467],[2.329023227932098,48.95862838689596],[2.32850043676752,48.9590486228589],[2.327919,48.959516],[2.327856197835452,48.95948428231653],[2.327610670958093,48.959360281116325],[2.327377546107049,48.95924254345095],[2.327158031937463,48.9591316797411]]]}},{"type":"Feature","properties":{"code_canton":"08","nom":"Ermont","method":"Union de contours BV reconstitués, non opposables"},"geometry":{"type":"Polygon","coordinates":[[[2.246249900881983,48.98110563712726],[2.246273,48.981205],[2.245693126576958,48.981303343398096],[2.245521233509647,48.98133249553317],[2.24483481893255,48.98144890773509],[2.244723752563029,48.981467743991004],[2.244491392856012,48.98150715094131],[2.244253023261241,48.9815475771361],[2.244058499999952,48.98158056722974],[2.243946224266236,48.98159960858728],[2.243884500000092,48.98161007668917],[2.243775865884254,48.98162850044801],[2.243424468890986,48.981688095478624],[2.243313,48.981707],[2.242792375578874,48.98232499311057],[2.242789,48.982329],[2.24292,48.98296],[2.243085,48.983291],[2.243095628520247,48.9833256582182],[2.2432,48.983666],[2.243058656951044,48.983633194452835],[2.242795,48.983572],[2.243011060659551,48.98402910905922],[2.243144832620362,48.984312123909234],[2.243911084429862,48.985933245702036],[2.244092,48.986316],[2.243797,48.988325],[2.243733,48.988736],[2.243728734829672,48.988775898729706],[2.243623,48.989765],[2.243588,48.989999],[2.243564,48.990455],[2.243216,48.990547],[2.243502949053631,48.99115297398335],[2.243547,48.991246],[2.243506761146503,48.991258283439485],[2.24343306724747,48.99128077947182],[2.243365946303296,48.991301269023204],[2.243290838823835,48.991324196569565],[2.243262,48.991333],[2.243184640382323,48.99135092114695],[2.243095033630902,48.99137167946774],[2.242485,48.991513],[2.242763447253577,48.9918422794094],[2.242926311982163,48.992034876035696],[2.242978,48.992096],[2.242519408568451,48.99227308999477],[2.242348428071079,48.99233911594576],[2.242082,48.992442],[2.24218692535083,48.992557901352654],[2.242419022541122,48.992814277701086],[2.242453939215716,48.99285284692944],[2.24265003420406,48.993069454967625],[2.242782970054007,48.99321629693387],[2.242942834712105,48.99339288466953],[2.243179700728927,48.99365452870057],[2.243494629997896,48.99400240200266],[2.243629494496779,48.99415137436942],[2.243688,48.994216],[2.243985148115333,48.99452185484119],[2.244054563022531,48.994593303672],[2.244165296222222,48.99470728146105],[2.244319698025863,48.99486620738619],[2.244477229966375,48.995028355164216],[2.244621575501602,48.99517693016259],[2.244774429501264,48.99533426293161],[2.244954912462102,48.99552003421696],[2.245259743019397,48.99583379660306],[2.245460634077353,48.99604057396242],[2.24672284884719,48.9973397728402],[2.247641875569258,48.99828572793001],[2.247725985226818,48.99837230208151],[2.247987373337339,48.998641349115324],[2.248050183814552,48.998706],[2.24841533261908,48.99908184801604],[2.248466,48.999134],[2.248909618584268,48.999538692899115],[2.24896767696448,48.999591656898005],[2.249127,48.999737],[2.249400302126055,48.999959455218885],[2.249428,48.999982],[2.249679877831075,49.00017250929172],[2.249859605792329,49.000308447601405],[2.250314683042784,49.00065264797939],[2.250372,49.000696],[2.250507802010601,49.00075298358876],[2.250627,49.000803],[2.250811119721823,49.000873058133145],[2.250945,49.000924],[2.251082152748962,49.00100090067427],[2.251267348532214,49.0011047387724],[2.251291,49.001118],[2.251370501839094,49.001181792414556],[2.251578215276953,49.001348462039914],[2.251784727284761,49.0015141676357],[2.251880605716408,49.001591100656725],[2.251986649039731,49.00167619000459],[2.252102030118603,49.00176877198381],[2.252207,49.001853],[2.252225422111783,49.00185007068894],[2.252350907817831,49.00183011713144],[2.25249,49.001808],[2.25250139042009,49.00180530188512],[2.252768173699819,49.00174210738224],[2.253063130888578,49.00167223916212],[2.253271,49.001623],[2.253354429769198,49.00158468323802],[2.253632235420337,49.00145709553027],[2.253768976057864,49.001394294703765],[2.253911411531333,49.001328878411876],[2.254060186605193,49.00126055053385],[2.254202305973956,49.001195279419264],[2.254339402666983,49.00113231506727],[2.254517940478451,49.001050318066774],[2.254695,49.000969],[2.25486663257968,49.000884850045885],[2.25514164600767,49.00075001336517],[2.255222323162078,49.00071045806131],[2.25529632426834,49.00067417596552],[2.255370824561405,49.00063764912281],[2.255485371418656,49.00058148779959],[2.255519,49.000565],[2.255603046014525,49.000522012530276],[2.255785806080777,49.00042853525049],[2.255999747622334,49.00031910941284],[2.256129,49.000253],[2.256249287188827,49.000114498978164],[2.256354058851115,48.999993862837044],[2.256446,48.999888],[2.256628172855886,48.999876160673935],[2.256708026053253,48.99987097105314],[2.256873948173117,48.99986018785457],[2.256923,48.999857],[2.257197,48.999813],[2.257287850316831,48.999794847391065],[2.257407170959572,48.999771006186755],[2.257539858935104,48.999744494084055],[2.257694196208831,48.999713656281045],[2.258205115501155,48.999611570581905],[2.258238,48.999605],[2.258508,48.999495],[2.258696779359379,48.99947905863188],[2.258733,48.999476],[2.259487900317724,48.99926922295645],[2.25994546775673,48.999143889266634],[2.260123503271807,48.99909512301685],[2.260287771706823,48.99905012774987],[2.260469416573347,48.99900037285165],[2.260587878654319,48.99896792454251],[2.260739596782099,48.99892636696838],[2.260803,48.998909],[2.260940583832949,48.99887648018494],[2.26109120336393,48.998840879204884],[2.261317247952342,48.99878745048399],[2.261518,48.99874],[2.261566756519105,48.99872417769115],[2.261708341377379,48.998678231028094],[2.261901721193317,48.99861547603187],[2.262112568713385,48.99854705247246],[2.262440375914384,48.99844067353338],[2.262501,48.998421],[2.262777913335195,48.998326444227004],[2.262906433230771,48.99828255938461],[2.263009134872978,48.99824749053118],[2.263122525515281,48.99820877177527],[2.263329933401776,48.99813794957012],[2.263362,48.998127],[2.263429750050568,48.99830680722763],[2.263498498472502,48.99848926411214],[2.263543906808826,48.99860977689401],[2.263563910049725,48.998662865080064],[2.263614233727809,48.99879642307692],[2.263671608886454,48.998948695556784],[2.263746595647064,48.99914770886262],[2.26381191080575,48.999321053937756],[2.263851695205751,48.999426640909384],[2.263914720050263,48.99959390753825],[2.26394,48.999661],[2.263970961761767,48.99975214708113],[2.264017345222551,48.999888693479726],[2.264076238899025,49.00006206819749],[2.264192740361842,49.00040503215293],[2.264225,49.0005],[2.264229086364873,49.000632806858384],[2.264235,49.000825],[2.264568197784254,49.000871384842355],[2.265058838142569,49.00093968744444],[2.265097,49.000945],[2.265478791675844,49.00097397526111],[2.265769,49.000996],[2.265877600917595,49.000987154676395],[2.266211,49.00096],[2.266224979755191,49.00095671232751],[2.266508578328572,49.00089001736649],[2.26669924680254,49.00084517713233],[2.2667,49.000845],[2.266805611309284,49.00097586218079],[2.266925253732459,49.0011241102095],[2.267096687006624,49.001336531893024],[2.267273,49.001555],[2.267912012971224,49.00218187981355],[2.268164567140251,49.00242963865025],[2.268970258662373,49.00322003223208],[2.269294126727615,49.003537750903675],[2.269782329908265,49.00401668440368],[2.270066606549288,49.00429556338696],[2.27020878455645,49.00443504181171],[2.270331056417444,49.004554992055084],[2.270433,49.004655],[2.270452069445714,49.0046744864161],[2.270740977615284,49.0049697118197],[2.270842042487686,49.0050729865654],[2.271090327965094,49.00532670102555],[2.271119,49.005356],[2.271341909289966,49.00557766860746],[2.271876511410967,49.00610929520645],[2.272073064142222,49.00630475395219],[2.27218706604978,49.00641812134078],[2.272197,49.006428],[2.272290856914068,49.00651177831927],[2.272420761839905,49.00662773372287],[2.272495,49.006694],[2.272971,49.006505],[2.272984369208793,49.00650153390883],[2.273214,49.006442],[2.274419,49.006186],[2.274635907088614,49.006132533924045],[2.274918,49.006063],[2.275314651953925,49.00591869123744],[2.275421,49.00588],[2.27552484854923,49.005839953232545],[2.276562,49.00544],[2.27693,49.005286],[2.277948590554328,49.00483541311213],[2.278318,49.004672],[2.278536248793609,49.004581013445716],[2.278815830943013,49.00446445739978],[2.27934716230237,49.004242948685935],[2.279419,49.004213],[2.279672957751584,49.004109486069574],[2.280047546981771,49.003956802391805],[2.28018205876848,49.00390197498983],[2.280366,49.003827],[2.280426542790703,49.00380827355122],[2.280828238422694,49.00368402535274],[2.281032,49.003621],[2.281462,49.003539],[2.282988,49.003039],[2.282612,49.002789],[2.282096,49.002691],[2.282025432042388,49.002598147424195],[2.281906,49.002441],[2.281935,49.00228],[2.282044,49.002116],[2.282268,49.001927],[2.28253992760712,49.001839257362604],[2.283362,49.001574],[2.283863,49.001482],[2.28374,49.001263],[2.283613,49.000916],[2.283524,49.00041],[2.283213,48.999856],[2.283132,48.999771],[2.282814,48.999592],[2.282382811437607,48.99939294278015],[2.28211,48.999267],[2.281986,48.998991],[2.281856,48.998868],[2.281719,48.998822],[2.281624014893216,48.99867871738129],[2.281601,48.998644],[2.281503276172347,48.99858976864509],[2.281419,48.998543],[2.28125795845963,48.99836258001701],[2.281178,48.998273],[2.281147,48.998164],[2.281472407271091,48.99809948145923],[2.281661946810304,48.99806190143083],[2.281796968370353,48.99803513068905],[2.282029137468823,48.997989098492546],[2.282257560433944,48.997943809042376],[2.282432665417393,48.99790909095517],[2.28265,48.997866],[2.282679141818718,48.99786042303321],[2.2829308247471,48.997812257633925],[2.283185817420585,48.99776345883771],[2.283264850837045,48.99774833394988],[2.283561848930986,48.99769149643661],[2.283833379195886,48.99763953278651],[2.284204566184737,48.99756849749762],[2.284587871809236,48.997495143025105],[2.284667,48.99748],[2.284742384569528,48.997471568831045],[2.284819,48.997463],[2.285301189140692,48.99746385722514],[2.285891804948515,48.997464907208794],[2.285944,48.997465],[2.286185863898642,48.9974502114776],[2.286451,48.997434],[2.286455609588434,48.99743332916592],[2.286726609357442,48.9973938905301],[2.287031555772056,48.997349511634006],[2.287334649425794,48.997305402370465],[2.287481981469877,48.99728396111665],[2.288375,48.997154],[2.288762514883135,48.99708632498704],[2.289274,48.996997],[2.290078270278439,48.9968126108463],[2.290142,48.996798],[2.290551,48.996642],[2.29132,48.996385],[2.292009,48.996138],[2.292845,48.995883],[2.292147582284443,48.99478857580093],[2.291401,48.993617],[2.291360276115579,48.99356268911312],[2.290903556743176,48.99295359117162],[2.290304,48.992154],[2.290036756297311,48.99181716158307],[2.289824,48.991549],[2.289753,48.991573],[2.289403,48.991133],[2.289347826152373,48.991044289107734],[2.28925,48.990887],[2.289129,48.9908],[2.288997,48.990556],[2.288760395419537,48.99023588792055],[2.288660584000826,48.99010084894229],[2.288368,48.989705],[2.288361140500236,48.9896971821395],[2.288203329332906,48.98951732271339],[2.287992652688084,48.989277211819626],[2.287769701982061,48.989023112019744],[2.28773684732851,48.98898566714666],[2.287558055807076,48.98878189613993],[2.287323,48.988514],[2.287248729697775,48.98844316958546],[2.287159267199397,48.98835785061332],[2.286889505142096,48.98810058279867],[2.286848,48.988061],[2.286599,48.988202],[2.286049254305265,48.98777793629798],[2.285963581617005,48.987711849964434],[2.285617350064247,48.987444773322586],[2.285383,48.987264],[2.285837,48.987037],[2.285650399159824,48.98689423294665],[2.285187923784114,48.9865403961334],[2.285019727912047,48.98641171059791],[2.284960599282218,48.986366471679155],[2.28475222419858,48.98620704529793],[2.284015,48.985643],[2.28403241836736,48.985627847436525],[2.284110608466254,48.9855598284074],[2.284288397965431,48.98540516599755],[2.284384,48.985322],[2.284420368381522,48.98528093700713],[2.284539164631993,48.985146805946556],[2.28465851325678,48.985012051208436],[2.284779610897662,48.98487532168254],[2.284957820827573,48.98467410752965],[2.284996,48.984631],[2.28519923534023,48.984454834060266],[2.285326891807466,48.98434418046287],[2.285469,48.984221],[2.28548140668044,48.98420682093664],[2.285569313232253,48.98410635630599],[2.285602,48.984069],[2.28565126503165,48.983994443829104],[2.285732258053137,48.98387187150247],[2.285789,48.983786],[2.285796333197581,48.98377367938274],[2.285853886709379,48.98367698284851],[2.285928041140676,48.98355239485587],[2.285944078144741,48.983525450840396],[2.286136,48.983203],[2.286231318478356,48.983058924143315],[2.286320412110543,48.9829242572707],[2.286353,48.982875],[2.286623,48.982555],[2.286848,48.982353],[2.287154,48.982259],[2.287261420261439,48.98220849963805],[2.287391689906535,48.98214725733477],[2.287405,48.982141],[2.287504135983036,48.98200829416027],[2.287581153698279,48.981905196372146],[2.287594,48.981888],[2.287957368982625,48.981645938650296],[2.288088729670049,48.98155843160699],[2.28825,48.981451],[2.28875,48.981091],[2.288760071253424,48.9810724311265],[2.288775769038142,48.98104348833592],[2.288846,48.980914],[2.289285943552531,48.98049701646452],[2.28944,48.980351],[2.289584060523496,48.980261401381725],[2.290502742912836,48.97969002574933],[2.290588,48.979637],[2.290976,48.979416],[2.291005164342976,48.979397011704755],[2.291532,48.979054],[2.291749,48.978851],[2.291639,48.97861],[2.29159,48.978383],[2.29158593606445,48.978118031402175],[2.291585,48.978057],[2.291623514042902,48.97700400967809],[2.291632,48.976772],[2.291135,48.976966],[2.290005099071101,48.97730833753309],[2.289927,48.977332],[2.289872,48.977219],[2.289621,48.976984],[2.289527423305367,48.97699107665165],[2.288259,48.977087],[2.288013457180865,48.977107808713484],[2.28734810615208,48.977164194393886],[2.286860165610296,48.97720554528726],[2.286697072442901,48.977219366742126],[2.286666,48.977222],[2.286231277109808,48.977255559368004],[2.285419742584636,48.977318207520185],[2.28497466861075,48.977352565962356],[2.284355487790244,48.97740036495681],[2.283930686336732,48.97743315841819],[2.283512210503546,48.9774654635597],[2.283298,48.977482],[2.282892281591194,48.97749908288037],[2.282633,48.97751],[2.282605,48.977206],[2.282349,48.977066],[2.281698917088565,48.97687870477095],[2.281693,48.976877],[2.281043,48.976742],[2.280713654074928,48.976657283851644],[2.280697,48.976653],[2.280052689586887,48.97651259802938],[2.280027,48.976507],[2.279988586931693,48.97650075832223],[2.27895,48.976332],[2.278932831268735,48.97632944629855],[2.278218890177227,48.976223253687685],[2.278076,48.976202],[2.277866948665123,48.97614738048678],[2.27765666198567,48.97609243821111],[2.277322,48.976005],[2.277212149556479,48.975970616634854],[2.276843660144281,48.97585527885736],[2.276699,48.97581],[2.27660648559259,48.97580013179655],[2.276474,48.975786],[2.276109,48.975825],[2.275876305582849,48.9758882009528],[2.275785,48.975913],[2.275644583108349,48.97596943098199],[2.275356838041412,48.976085070464535],[2.275231347073988,48.976135502990424],[2.275041,48.976212],[2.274914286297806,48.97627521574452],[2.274698928399074,48.976382654874406],[2.274592,48.976436],[2.274473797797425,48.97649012998062],[2.274289956270266,48.976574319091185],[2.273857254704691,48.97677247214458],[2.273843,48.976779],[2.273661,48.976592],[2.273392,48.976675],[2.273111,48.976768],[2.272633315765918,48.97689162428418],[2.272628,48.976893],[2.272416761944001,48.976937471169684],[2.272176124379277,48.976988131709625],[2.272001,48.977025],[2.271759,48.97705],[2.27147227749361,48.97705],[2.271395631313124,48.97705],[2.271292,48.97705],[2.271174377416536,48.97702876035429],[2.270898557899715,48.97697895436766],[2.270691295120835,48.97694152798351],[2.270561,48.976918],[2.270367669367677,48.977126984934536],[2.270314,48.977185],[2.270068000454243,48.97714474719221],[2.269741422770529,48.977091309415776],[2.269579425503666,48.97706480186746],[2.269453724918225,48.977044233530684],[2.269337644168489,48.9770252392838],[2.269212389258664,48.97700474387275],[2.269053396769179,48.976978727994954],[2.268734353036443,48.976926522995925],[2.268500567743816,48.97688826880152],[2.268390129384398,48.97687019781671],[2.26826810914844,48.97685023169406],[2.268115806518354,48.9768253104753],[2.267888857586439,48.976788174911874],[2.267689845721815,48.97675561067966],[2.267625,48.976745],[2.267648,48.976669],[2.267505,48.976477],[2.26740691891892,48.97645247972973],[2.266934906054274,48.97633447651357],[2.266889,48.976323],[2.266887578947379,48.97632294736842],[2.266767596687551,48.97631850358102],[2.266511,48.976309],[2.266433110920153,48.97631845220254],[2.266191427135186,48.97634778165528],[2.265807633104875,48.97639435684805],[2.265644213665105,48.976414188558046],[2.2654766639257,48.976434521499144],[2.265448,48.976438],[2.265331002880868,48.97645109912113],[2.265094157564213,48.976477616573135],[2.264819467757751,48.976508371134216],[2.264521995161176,48.976541676480565],[2.264224195951698,48.97657501839484],[2.264035505393312,48.976596144389205],[2.26401,48.976599],[2.263909591671235,48.976608767906086],[2.263834029617731,48.97661611872102],[2.263731825613779,48.97662606131368],[2.263596508296556,48.976639225230095],[2.263311,48.976667],[2.263121,48.976742],[2.262866475648311,48.976821433230604],[2.262368,48.976977],[2.262063099351347,48.97705644957681],[2.261777,48.977131],[2.261686592709836,48.97716373885258],[2.261562118568359,48.97720881420614],[2.261510367793066,48.97722755452012],[2.261476,48.97724],[2.261411292026183,48.977269212288014],[2.261258297030197,48.977338281579215],[2.261092798088493,48.97741299575222],[2.260962954983613,48.97747161316754],[2.260889,48.977505],[2.260848310993977,48.9775217794616],[2.260719251948221,48.97757500124098],[2.260494738243084,48.97766758691611],[2.260128027643703,48.97781881219833],[2.260033,48.977858],[2.259864,48.977948],[2.259821699764944,48.977966464794264],[2.259690107523107,48.978023907115066],[2.259585447738875,48.97806959294591],[2.259457425454305,48.97812547691777],[2.259314299371179,48.97818795396252],[2.259137714846294,48.97826503620373],[2.258902765229387,48.978367595830946],[2.258754773589695,48.978432196776446],[2.258723434364675,48.978445876897645],[2.258671359025666,48.978468608696176],[2.258649911754962,48.978477970805876],[2.258537693033469,48.97852695624537],[2.258410725082463,48.97858237998214],[2.258285419733616,48.978637077963924],[2.25821,48.97867],[2.2581670290018,48.978680992580934],[2.2580203154267,48.97871852396061],[2.257847344357977,48.97876277237354],[2.257823,48.978769],[2.257652334098781,48.978782370139726],[2.257405262666762,48.9788017259662],[2.257175441129291,48.978819730418444],[2.256985002455818,48.978834649577195],[2.256744632257273,48.97885348042224],[2.256521,48.978871],[2.256490420243541,48.978872518862076],[2.256285488369136,48.97888269759756],[2.256221396289664,48.97888588097899],[2.256219,48.978886],[2.256215767117737,48.978817750263346],[2.256210517564967,48.978706926371515],[2.256205933601164,48.97861015380235],[2.256201841386555,48.97852376260506],[2.256197547695208,48.97843311800995],[2.256192,48.978316],[2.255631777770622,48.97836812172313],[2.255456793658836,48.978384401822254],[2.255225942818673,48.978405879626855],[2.255021289995708,48.97842492003121],[2.254891686306086,48.97843697804546],[2.254770768437423,48.97844822795191],[2.254569,48.978467],[2.254517525026829,48.97847734425299],[2.25422167667981,48.978536797030856],[2.25387979115762,48.97860550129847],[2.253596501870427,48.97866243024613],[2.253415281815587,48.97869884767342],[2.253274967065379,48.978727044895955],[2.253060835107956,48.9787700761984],[2.252688,48.978845],[2.252687357750545,48.97884512297675],[2.252394598425285,48.97890117999642],[2.25161332569091,48.97905077666939],[2.250876882684419,48.97919178942813],[2.250787,48.979209],[2.250542799825715,48.97922121000871],[2.250227,48.979237],[2.249255427888332,48.979358222028715],[2.249145,48.979372],[2.248255,48.979565],[2.247895,48.979631],[2.247878855357313,48.979634542092036],[2.247170265733181,48.979790004787354],[2.247077014075145,48.97981046395526],[2.246833,48.979864],[2.246776724659854,48.97974232358887],[2.246759,48.979704],[2.245945013994806,48.97991580876383],[2.245490515856764,48.980034074542566],[2.245437,48.980048],[2.245585718791775,48.98018472534083],[2.245685,48.980276],[2.246073430558046,48.980762832966086],[2.24621,48.980934],[2.246249900881983,48.98110563712726]]]}},{"type":"Feature","properties":{"code_canton":"13","nom":"Herblay-sur-Seine","method":"Union de contours BV reconstitués, non opposables"},"geometry":{"type":"Polygon","coordinates":[[[2.139223206715125,48.988287029536025],[2.138794725519018,48.98828889249774],[2.138530031871921,48.98829004333969],[2.138163471245519,48.988291637081545],[2.13808,48.988292],[2.137937065300139,48.98829041886394],[2.137628,48.988287],[2.136933,48.988304],[2.136164,48.988369],[2.135393,48.988485],[2.134811,48.988537],[2.134115,48.988615],[2.133390970735363,48.988682134168904],[2.133263,48.988694],[2.132137,48.988694],[2.130149,48.988776],[2.129606649280384,48.98881906305339],[2.129417903890017,48.98883404957877],[2.128814,48.988882],[2.128348146237755,48.988937306839354],[2.128157,48.98896],[2.12763,48.98906],[2.126997,48.989237],[2.126531,48.989407],[2.126463127586795,48.98944007237589],[2.126256,48.989541],[2.125898,48.989792],[2.125732429790424,48.989922687465125],[2.125561,48.990058],[2.125555511890036,48.99006350652644],[2.125264291342701,48.99035570432393],[2.125068838229395,48.990551813320174],[2.124965,48.990656],[2.12454,48.991024],[2.124466233363945,48.99107938504759],[2.123926,48.991485],[2.123636,48.991659],[2.123657872089608,48.99177185998237],[2.123842288501027,48.9927234486653],[2.12396300140451,48.993346327247274],[2.124011,48.993594],[2.123906757892438,48.993590049132955],[2.123325,48.993568],[2.123216923267297,48.9935572689769],[2.12263909240145,48.993499895699436],[2.122479,48.993484],[2.121561,48.993369],[2.120713,48.9933],[2.121053,48.995484],[2.121388743417215,48.99657187789722],[2.122023,48.998627],[2.122277697993518,48.99949678997786],[2.12237,48.999812],[2.12245801341624,49.00009505114663],[2.1225654085887,49.00044043402126],[2.12262,49.000616],[2.122635871115483,49.00067409612026],[2.122719124638363,49.00097884512685],[2.122782,49.001209],[2.122791488304181,49.001238776304184],[2.122808706574675,49.00129281087663],[2.122863817465305,49.00146576050088],[2.122904992222291,49.00159497559191],[2.122905,49.001595],[2.122955,49.00166],[2.123047794676282,49.002007440532125],[2.123112675446614,49.00225036620709],[2.123127,49.002304],[2.123482798131945,49.00343928231526],[2.12355268587785,49.00366228045622],[2.123562,49.003692],[2.124099399883711,49.004566607261154],[2.124282327235004,49.00486431776418],[2.124449565109536,49.00513649396637],[2.124557906672558,49.00531281763255],[2.12468263510595,49.00551581059333],[2.124712138298676,49.00556382643287],[2.124855008387751,49.00579634456526],[2.125308059176143,49.0065336754081],[2.125629,49.007056],[2.125778485988068,49.007318277226545],[2.126398604092455,49.00840629128495],[2.126451131525954,49.008498452093825],[2.126848701834859,49.009196],[2.127010750339974,49.00948031850394],[2.12712,49.009672],[2.127062816904995,49.009966680766965],[2.126978109874093,49.01040320021088],[2.12695188756916,49.010538331212935],[2.126910162771852,49.010753350971335],[2.126846,49.011084],[2.126730344983669,49.01198821194586],[2.126703,49.012202],[2.126279296614702,49.01267817333103],[2.126258790057483,49.01270121934859],[2.1261564589477,49.012816222785204],[2.126025530210112,49.01296336527985],[2.12589007026095,49.013115600115476],[2.125809804597947,49.01320580559753],[2.12567529835532,49.01335696862294],[2.125223164083953,49.013865093621554],[2.124924664203489,49.01420055868349],[2.124472800553375,49.01470837954807],[2.124232,49.014979],[2.124037544554925,49.01519706511219],[2.123901922709045,49.01534915338632],[2.123795404042018,49.0154686049402],[2.123744000070327,49.01552625008791],[2.123663536643842,49.01561648292308],[2.123587045694071,49.01570226096615],[2.123518358006861,49.01577928831919],[2.1234716362804,49.01583168273025],[2.123411244548338,49.01589940688075],[2.123378270149312,49.01593638484257],[2.123304363822501,49.01601926445255],[2.123136126389461,49.01620792831175],[2.122980236371421,49.0163827456035],[2.122883694188205,49.01649100938601],[2.122745020017192,49.016646520581126],[2.122733,49.01666],[2.122695268769976,49.01670265491319],[2.122634099475136,49.016771806408094],[2.122591798554918,49.0168196273267],[2.122518070735958,49.01690297615246],[2.122469221909472,49.01695819943703],[2.121718292074015,49.0178071207926],[2.121254,49.018332],[2.120986,49.018101],[2.120469,49.018669],[2.120588387644572,49.01896455247516],[2.120776,49.019429],[2.120685,49.019632],[2.120537,49.019829],[2.119229,49.021267],[2.119098,49.02148],[2.117272,49.021905],[2.117246,49.022084],[2.117023,49.021918],[2.11606,49.023163],[2.116116,49.023945],[2.116082,49.024614],[2.117296248750889,49.02553948471988],[2.119118,49.026928],[2.12239,49.029341],[2.122745142930275,49.02893999678401],[2.125627,49.025686],[2.125921128261987,49.02540676647538],[2.127345,49.024055],[2.127777,49.023685],[2.127928,49.023598],[2.128242,49.023292],[2.12864,49.022873],[2.129274,49.022237],[2.129571,49.021895],[2.129928872360288,49.021519532510496],[2.13071,49.0207],[2.131072,49.020377],[2.132043,49.019547],[2.132420749210659,49.01919686691962],[2.132426,49.019192],[2.133242607421878,49.01846871914062],[2.133248948717906,49.01846310256414],[2.133301,49.018417],[2.133306379147658,49.01841230732383],[2.134192681825736,49.017639112066284],[2.134304,49.017542],[2.134354607781294,49.017496607781275],[2.134415981695562,49.0174415589712],[2.134604210535571,49.0172727287151],[2.134827865347316,49.017072123435156],[2.135247302598629,49.016695912762266],[2.135721667388933,49.016270435300754],[2.135757387071864,49.01623839683514],[2.135808,49.016193],[2.13592813174151,49.01608907880674],[2.136093230059032,49.015946258816406],[2.136173270712439,49.01587701882948],[2.136517815229659,49.015578967066396],[2.136638,49.015475],[2.136749455520504,49.01537211798107],[2.136846,49.015283],[2.137083977707102,49.015095667434224],[2.137485325564966,49.01477973227838],[2.137519102242559,49.014753143772445],[2.13772,49.014595],[2.137928931419888,49.01443444042907],[2.138135826292044,49.014275445903884],[2.138175796947576,49.01424472926344],[2.138231984830445,49.01420155001175],[2.13836545564251,49.01409898039188],[2.138437,49.014044],[2.138521865882844,49.013975033042044],[2.138751809605452,49.01378816738392],[2.138832,49.013723],[2.13894900209686,49.013634906981544],[2.139095569260273,49.013524553883805],[2.139346,49.013336],[2.139511416983958,49.01323116214562],[2.139944,49.012957],[2.139999066581793,49.0129314745853],[2.140312099353574,49.012786372219175],[2.140604010753864,49.01265106039657],[2.140641417541846,49.01263372095504],[2.141033546265751,49.01245195466474],[2.141137,49.012404],[2.141673,49.012012],[2.142476,49.011464],[2.143371,49.010958],[2.143704392704878,49.010780344371796],[2.144527,49.010342],[2.145295,49.009886],[2.145544,49.009714],[2.14653,49.009154],[2.14684,49.008946],[2.146849474342268,49.00894182781258],[2.147167,49.008802],[2.147422,49.008647],[2.147662,49.00857],[2.148115,49.008318],[2.14863,49.00799],[2.148735286620469,49.007938301569695],[2.14941,49.007607],[2.15022549201218,49.00722568598793],[2.150351,49.007167],[2.150530045807069,49.00709884252315],[2.150858,49.006974],[2.150872472775546,49.00696698600712],[2.151281,49.006769],[2.151787,49.006591],[2.152658,49.006262],[2.153753,49.005803],[2.155157100967354,49.004971118262496],[2.155213,49.004938],[2.155514,49.004849],[2.155308,49.005105],[2.155299342392516,49.0051177515149],[2.15505,49.005485],[2.154852,49.005963],[2.154769,49.006358],[2.154682,49.007254],[2.154684,49.007551],[2.154599,49.008011],[2.154580899443439,49.00818066986352],[2.1545,49.008939],[2.154499,49.009355],[2.154552,49.009726],[2.154653,49.010121],[2.154799,49.010415],[2.155163,49.011393],[2.155262,49.011784],[2.1554,49.012112],[2.155759,49.012668],[2.156081,49.013194],[2.156244,49.013495],[2.156514,49.013406],[2.157703,49.013075],[2.158175,49.012889],[2.158268259437313,49.012866754629634],[2.158611,49.012785],[2.159221,49.0126],[2.160018060683826,49.01234108520762],[2.160908,49.012052],[2.161084,49.012234],[2.162691,49.011302],[2.164878,49.010048],[2.167713,49.008395],[2.168284231317876,49.00807373878489],[2.168346,49.008039],[2.169618069395418,49.007363455229715],[2.169988,49.007167],[2.17196,49.006126],[2.173366,49.005397],[2.174692,49.004679],[2.176866464021264,49.0035326406616],[2.178057,49.002905],[2.17919,49.002303],[2.179782207726667,49.001983914941306],[2.180344601653783,49.001680893735795],[2.180400475659351,49.00165078848802],[2.1812,49.00122],[2.182087,49.000768],[2.182087527098469,49.000768168498695],[2.182331,49.000846],[2.183229041115535,49.001263435461496],[2.183383,49.001335],[2.183568347261222,49.00142251339436],[2.183696688606052,49.00148311092706],[2.18388939711475,49.001574100001335],[2.184067382716653,49.001658137521325],[2.184181328243289,49.0017119379376],[2.185143,49.002166],[2.185390485969638,49.00226967655485],[2.185439,49.00229],[2.186489910084021,49.002779241248575],[2.186919,49.002979],[2.18763636643352,49.0033034625565],[2.18776571169344,49.00336196500622],[2.187768,49.003363],[2.187929781581186,49.00342584016047],[2.188377430385838,49.00359971856191],[2.188900996774066,49.00380308532104],[2.189064175476665,49.003866468159686],[2.189275489730243,49.00394854809429],[2.189379282908151,49.00398886405553],[2.189586664516843,49.0040694164489],[2.189758017161071,49.004135974258396],[2.189873161188859,49.004180699184005],[2.189928,49.004202],[2.190001587662882,49.004230090252186],[2.190065714117287,49.00425456892436],[2.190612990205836,49.00446347790095],[2.191099,49.004649],[2.191219487890115,49.00469678590647],[2.1921,49.005046],[2.192197005337264,49.00508872995838],[2.192216449383966,49.00509729488202],[2.192915,49.005405],[2.193131,49.005489],[2.193323,49.005603],[2.193856917092965,49.00589517521129],[2.193951179803318,49.005946758552],[2.194830249073057,49.006427811234175],[2.195355086341243,49.00671501769703],[2.195725155941627,49.006917530718454],[2.196217595497555,49.007187008195764],[2.196583964914656,49.00738749636755],[2.197113,49.007677],[2.197180929655679,49.0076538305549],[2.197843569171365,49.007427817487006],[2.198576,49.007178],[2.198648697758123,49.00715150372675],[2.199229,49.00694],[2.199370028297032,49.0068845833392],[2.200070115645524,49.00660948604357],[2.20042,49.006472],[2.201116208308734,49.00621249654114],[2.201545521695417,49.00605247502547],[2.201582433717217,49.006038716503475],[2.202701903470495,49.0056214473192],[2.202907,49.005545],[2.203438857378163,49.00535415705842],[2.203927,49.005179],[2.204895283743616,49.00481487892755],[2.207152283250657,49.003966138993164],[2.207252638002721,49.003928400798976],[2.208102,49.003609],[2.208428536344782,49.00348788713441],[2.20859,49.003428],[2.209384931925303,49.0031533249214],[2.209519,49.003107],[2.209582786416347,49.003082437306226],[2.209907709080495,49.002957317000735],[2.209979487602272,49.00292967672949],[2.210185414194832,49.0028503790965],[2.210457871796266,49.00274546188977],[2.210685,49.002658],[2.210743200332566,49.002637908150994],[2.210940048850841,49.0025699523416],[2.211014629498402,49.0025442056999],[2.21139508768442,49.00241286438123],[2.211919,49.002232],[2.212135484387018,49.002136885578246],[2.212356,49.00204],[2.212426880565012,49.002011871523244],[2.212684268395255,49.00190972888937],[2.212770695573512,49.001875430843434],[2.213243,49.001688],[2.213052638123828,49.0014884582364],[2.212999656849042,49.00143292202704],[2.212850808241897,49.00127689544138],[2.212849,49.001275],[2.212641416058905,49.00105206162714],[2.21234003882369,49.00072839231978],[2.212210431608725,49.00058919840399],[2.212069801001567,49.00043816572503],[2.211946471694202,49.000305714076966],[2.211907484294859,49.000263842883435],[2.211808240797567,49.00015725860872],[2.211808,49.000157],[2.211722745108649,49.000063257342916],[2.211625043033661,48.99995582829144],[2.211356,48.99966],[2.211141063706636,48.99943267754736],[2.210685140397088,48.99895048069116],[2.210471,48.998724],[2.210300456558266,48.998516911535035],[2.210275,48.998486],[2.209857,48.998062],[2.209580860169759,48.99773001660536],[2.209458259944146,48.99758262302202],[2.209330079553421,48.99742852080069],[2.209253538882142,48.99733650136309],[2.209229,48.997307],[2.208969,48.996926],[2.208710327518264,48.9963145923159],[2.208672,48.996224],[2.208634663280117,48.996149859941944],[2.208532,48.995946],[2.208511651470309,48.9958698886726],[2.208357179688092,48.995292104794885],[2.208349213338335,48.99526230758281],[2.208347075328778,48.99525431060476],[2.208324,48.995168],[2.208234180482919,48.994951118727045],[2.208209096516173,48.99489055012442],[2.208119,48.994673],[2.208138,48.994543],[2.20825,48.994457],[2.20805714527028,48.99394079217345],[2.20795,48.993654],[2.207433,48.992875],[2.207137659546172,48.9923014521021],[2.207071,48.992172],[2.206756,48.991757],[2.206329845727238,48.9913537972674],[2.206069,48.991107],[2.205054079958019,48.99028531516327],[2.204903,48.990163],[2.204637,48.989981],[2.204481,48.989788],[2.204444,48.989629],[2.203442,48.989924],[2.203291,48.989954],[2.203041314565668,48.990031342130955],[2.202431436934852,48.99022025677756],[2.202174,48.9903],[2.201571,48.990443],[2.200802,48.988859],[2.200714719944005,48.98868974194748],[2.200588,48.988444],[2.200256,48.987719],[2.199272622587243,48.987720771851194],[2.199146,48.987721],[2.198404,48.987705],[2.198696,48.986985],[2.198911,48.986602],[2.198927,48.986319],[2.198848,48.986134],[2.198526,48.985815],[2.198095,48.985513],[2.197814886904829,48.985370832047174],[2.197697,48.985311],[2.197282418323268,48.98531220430407],[2.19632,48.985315],[2.194949,48.985286],[2.194233,48.984654],[2.193691857147069,48.98470268235893],[2.193177,48.984749],[2.193108,48.984613],[2.19232,48.984646],[2.191873,48.984628],[2.191708030449262,48.98457960106204],[2.191314,48.984464],[2.191195920727472,48.98438854446487],[2.191109,48.984333],[2.191038,48.984186],[2.19106144055944,48.984020613830616],[2.191064847822192,48.98399657369898],[2.191128,48.983551],[2.190827,48.983502],[2.190737,48.983675],[2.190201,48.983602],[2.190040314993329,48.983565284339875],[2.189773635520147,48.983504349514014],[2.189085,48.983347],[2.189090566929145,48.98333689162866],[2.189123,48.983278],[2.188533,48.982525],[2.188327,48.982203],[2.188167644719579,48.98189968171056],[2.188163360015205,48.981891526165306],[2.188151,48.981868],[2.187568,48.981251],[2.187620881342043,48.981224656181254],[2.187841,48.981115],[2.188106090977074,48.98091780537563],[2.188180743078816,48.98086227352266],[2.18829,48.980781],[2.18836933065431,48.980733937467924],[2.188504939404061,48.98065348822431],[2.188971,48.980377],[2.188864,48.980321],[2.189245,48.979973],[2.1892625,48.9799603392283],[2.189556,48.979748],[2.1892625,48.97959842011019],[2.189193,48.979563],[2.189021,48.979532],[2.1887575227386,48.97951930757379],[2.188419,48.979503],[2.188331902086141,48.97948378996761],[2.188115261774184,48.97943600848553],[2.187952,48.9794],[2.187808559979666,48.979426201118265],[2.187629959751486,48.97945882468935],[2.187629,48.979459],[2.187379783647181,48.97942555254212],[2.187249,48.979408],[2.187201339570548,48.97939987028922],[2.187086470795061,48.97938027646824],[2.186540357723842,48.97928712285268],[2.186311,48.979248],[2.186295375515888,48.979248114166374],[2.186007307736339,48.97925021904577],[2.185747914276533,48.97925211440508],[2.185608313273701,48.97925313445416],[2.18539699247914,48.979254678551825],[2.185353,48.979255],[2.185118,48.979291],[2.185057703803825,48.97933598783549],[2.184826223850788,48.97950869826677],[2.184732,48.979579],[2.184549999723106,48.979590509898934],[2.184479,48.979595],[2.184435818029442,48.97957806924719],[2.184080840423021,48.97943888990844],[2.183567716107786,48.979237704533354],[2.183469,48.979199],[2.183598847366522,48.979006941990434],[2.183721136256454,48.978826063768395],[2.183815027910246,48.97868718806667],[2.183902421035697,48.978557924376744],[2.183961759790914,48.978470156072135],[2.184069300137381,48.97831109250817],[2.184230796457764,48.97807222234333],[2.184384413868493,48.97784500592046],[2.184446579300358,48.97775305666167],[2.184498,48.977677],[2.184498320604728,48.97767650647435],[2.184570638388344,48.97756518347217],[2.184663496360335,48.977422241754354],[2.184841,48.977149],[2.184747343606332,48.97711495696633],[2.18403109126238,48.97685460738735],[2.183430615222119,48.9766363411777],[2.182995,48.976478],[2.183049759623607,48.97640110350728],[2.183210029883683,48.97617604314206],[2.18358653747971,48.97564733034764],[2.183653,48.975554],[2.18326,48.975427],[2.183224,48.975383],[2.183246985074628,48.97527579104477],[2.183268125528619,48.97517718592723],[2.183321426278658,48.97492857600026],[2.183354030589985,48.97477650017671],[2.183364,48.97473],[2.183405913218974,48.97462663773965],[2.183476843380668,48.97445171674767],[2.183482,48.974439],[2.183605399712617,48.97424635065963],[2.183719,48.974069],[2.183804234893089,48.973861541486635],[2.183878,48.973682],[2.183865931818182,48.97361205940083],[2.183834,48.973427],[2.183849610844948,48.97325759342335],[2.183877319632493,48.97295690176591],[2.183888,48.972841],[2.183762368946878,48.97220713423198],[2.183748726383597,48.97213830129906],[2.183734,48.972064],[2.183642035275513,48.97178125738961],[2.18364,48.971775],[2.183538428736429,48.971539612627275],[2.183534994943265,48.97153165494788],[2.183514,48.971483],[2.183571,48.971425],[2.183621872538533,48.971282000078254],[2.183633008236619,48.971250698240354],[2.183663940530605,48.97116374925477],[2.183693964993914,48.97107935213154],[2.183772,48.97086],[2.183791983322302,48.97072803466404],[2.183825,48.97051],[2.183805,48.970141],[2.183810046703731,48.9701121363962],[2.183862,48.969815],[2.183962886900132,48.96944175070175],[2.184166425847845,48.96868872162363],[2.184175,48.968657],[2.18426,48.968567],[2.184593476782587,48.968407553375094],[2.184603,48.968403],[2.184761,48.968231],[2.184776648932446,48.96809239516976],[2.184782,48.968045],[2.184773482488329,48.96782792513113],[2.184765522771948,48.967625066073666],[2.184757488189778,48.96742029900806],[2.184751886457049,48.967277534848215],[2.184747,48.967153],[2.184748492002731,48.9671302130492],[2.184756299297695,48.96701097436247],[2.184758,48.966985],[2.184859862023405,48.96698072008305],[2.184896579419433,48.96697917733532],[2.185408924690559,48.96695765022309],[2.185829,48.96694],[2.185762851208256,48.96673771626392],[2.185717292732666,48.96659839794216],[2.185664358694783,48.96643652506941],[2.185582494333098,48.9661861829468],[2.185503079882857,48.96594333268045],[2.185467,48.965833],[2.185395600129694,48.965633371791185],[2.185369,48.965559],[2.185364314770125,48.96550718686962],[2.185352,48.965371],[2.185564134996619,48.965277265931725],[2.18561,48.965257],[2.185716,48.965169],[2.185733,48.965043],[2.185721956360303,48.96498928775238],[2.185701779588855,48.96489115527307],[2.185657252555199,48.964674591973015],[2.185623,48.964508],[2.185620767164995,48.96439440451911],[2.185617161775919,48.96421098034986],[2.185615,48.964101],[2.18557969164823,48.96394564325221],[2.185570076013513,48.96390333445946],[2.18556,48.963859],[2.185517484424356,48.96373554638749],[2.1854723642347,48.963604529687714],[2.185398109856542,48.96338891526667],[2.185285938791142,48.96306320114819],[2.185253941230484,48.96297028897672],[2.185238,48.962924],[2.184743529456809,48.96265495552802],[2.184375033972243,48.96245445486234],[2.184254306739851,48.96238876643066],[2.183957,48.962227],[2.183102,48.961863],[2.182931,48.961862],[2.182758,48.96166],[2.182713713538623,48.9616006586509],[2.182649340126847,48.961514401926344],[2.182405,48.961187],[2.182172,48.960713],[2.182073649893432,48.960638815919616],[2.181997,48.960581],[2.181754,48.960322],[2.181526,48.959933],[2.181312,48.959688],[2.181036,48.959496],[2.180831,48.95945],[2.180617,48.958989],[2.179784,48.959203],[2.178219,48.959635],[2.178264,48.959933],[2.178297,48.960675],[2.178255,48.961188],[2.178140538198662,48.96214531688391],[2.178112,48.962384],[2.178106231043695,48.9624718273865],[2.178054,48.963267],[2.178196,48.963878],[2.178539,48.964917],[2.178818,48.965734],[2.179054,48.966091],[2.178468,48.966282],[2.178005,48.96646],[2.177809,48.966604],[2.177548,48.966872],[2.177325,48.967195],[2.177198299010117,48.96744109230727],[2.177169,48.967498],[2.177148639815883,48.96761738471596],[2.177128681029648,48.967734415780704],[2.177125,48.967756],[2.177133755760364,48.967803161709234],[2.177148726918198,48.967883801809386],[2.177169,48.967993],[2.177168596232371,48.96799664886302],[2.177161393751695,48.96806173794764],[2.177146067101832,48.968200245450106],[2.17713803330069,48.968272847208574],[2.177115,48.968481],[2.177054068998566,48.96861935713585],[2.176934,48.968892],[2.176845,48.969039],[2.176838164082674,48.96904608005723],[2.176648353562085,48.96924266952499],[2.176609294388749,48.969283123668795],[2.176521163265337,48.969374402332335],[2.176397,48.969503],[2.176343878272548,48.96958792369807],[2.176098,48.969981],[2.176046061080359,48.97012372198893],[2.175626,48.971278],[2.175504,48.97174],[2.175493,48.971994],[2.17554,48.972255],[2.175555542258839,48.9725498588534],[2.175575,48.972919],[2.175426391033968,48.97324310442263],[2.175312328769857,48.97349186521574],[2.175271,48.973582],[2.175066850613762,48.97377401077408],[2.174875360509447,48.9739541149803],[2.17484000504401,48.973987368228876],[2.174761443727041,48.9740612583324],[2.174716,48.974104],[2.174526610436069,48.97429792041474],[2.174329048964845,48.974500208236954],[2.174298,48.974532],[2.174096277820153,48.974749336658206],[2.174045046378465,48.97480453371358],[2.174004641031901,48.97484806667065],[2.173860297220827,48.97500358353823],[2.17382,48.975047],[2.173777539589786,48.975084206111966],[2.173611979836719,48.975229278537725],[2.173537589831417,48.97529446309087],[2.17344057152433,48.975379475788046],[2.173289511795082,48.97551184250732],[2.173222,48.975571],[2.172991278026297,48.9757628362478],[2.172647815360726,48.97604841194726],[2.172599,48.976089],[2.172567062045334,48.976121299392425],[2.172443236833658,48.97624652591823],[2.172003203726781,48.97669153882364],[2.171678412020992,48.977020006155726],[2.171627,48.977072],[2.171385176795511,48.97735311032449],[2.171232565595469,48.977530515069645],[2.171080903053861,48.97770681703527],[2.170810462010198,48.97802119451488],[2.170636,48.978224],[2.170545,48.978391],[2.170442,48.978445],[2.17020622029725,48.97851621509389],[2.169952,48.978593],[2.16982392540716,48.978651264542236],[2.169475,48.97881],[2.169411754027659,48.978843864914296],[2.168939,48.979097],[2.168788832535295,48.97919076065409],[2.168727946497552,48.97922877631038],[2.168710168822993,48.97923987622738],[2.16834,48.979471],[2.16817877530439,48.97956814570554],[2.166692,48.980464],[2.166269,48.980808],[2.166017,48.981107],[2.165903,48.981299],[2.165622,48.981597],[2.165181963979761,48.981855679321804],[2.164683,48.982149],[2.164553068681804,48.98220252804306],[2.164281344591769,48.98231447071395],[2.164115,48.982383],[2.163974454761492,48.982408083686984],[2.163381,48.982514],[2.163070525724176,48.98258151437655],[2.162733198003334,48.98265486818566],[2.162705,48.982661],[2.162371,48.98277],[2.162362894881285,48.98277170511143],[2.162024,48.982843],[2.161915374724297,48.982872384220926],[2.161573,48.982965],[2.161493376556333,48.98300385762828],[2.161266173401093,48.98311473672801],[2.161114,48.983189],[2.161085027941701,48.983197546757204],[2.160914,48.983248],[2.160760797016836,48.98332587515059],[2.160493,48.983462],[2.159969905469137,48.98366886197188],[2.159216,48.983967],[2.15915557298262,48.983983197614066],[2.158794721134019,48.98407992486014],[2.158302,48.984212],[2.158007347840793,48.98431441599223],[2.157674339664718,48.98443016387226],[2.157286304931755,48.984565038031356],[2.157070633555985,48.98464000166985],[2.156700865993126,48.98476852647669],[2.156337,48.984895],[2.156286164765855,48.9849325649923],[2.156088,48.985079],[2.155892,48.985363],[2.155845102877604,48.98541937632798],[2.155704,48.985589],[2.155209878316349,48.985670740091315],[2.154708870028689,48.98575361939926],[2.154242016705504,48.9858308486214],[2.153594650124059,48.985937939253596],[2.152998326043778,48.98603658617881],[2.1527761181542,48.98607334492425],[2.152519017221026,48.98611587585226],[2.152363352111454,48.98614162675673],[2.152181717846054,48.98617167360942],[2.151602005006263,48.98626757261979],[2.150987597269294,48.986369211034344],[2.150469,48.986455],[2.150174890900428,48.98642558909004],[2.149799,48.986388],[2.149418957501054,48.986409553336166],[2.149215472081554,48.98642109359723],[2.148935,48.986437],[2.148768846667795,48.98645332101975],[2.148314,48.986498],[2.147910654331119,48.98656895304159],[2.147683,48.986609],[2.147568961649027,48.98663699743946],[2.147349,48.986691],[2.147299512710016,48.986705437494834],[2.146946234386204,48.98680850343311],[2.146235,48.987016],[2.144998658253498,48.98735495211927],[2.144455,48.987504],[2.143778458876992,48.98767653157153],[2.143459,48.987758],[2.142807919184893,48.98790732309693],[2.142648,48.987944],[2.142078051127755,48.988045237238346],[2.141629,48.988125],[2.14015,48.988283],[2.139686007889554,48.98828501735701],[2.139606178461829,48.988285364441474],[2.139223206715125,48.988287029536025]]]}},{"type":"Feature","properties":{"code_canton":"18","nom":"Sarcelles","method":"Union de contours BV reconstitués, non opposables"},"geometry":{"type":"Polygon","coordinates":[[[2.375093072032203,48.97213254931029],[2.374862962094384,48.97215383574229],[2.374725800648744,48.9721665239287],[2.374452745134252,48.972191783062215],[2.374162260867075,48.97221865445099],[2.373903429849636,48.97224259774047],[2.372928192484836,48.97233281254844],[2.372537,48.972369],[2.37227140121526,48.97241989318031],[2.371757808951183,48.97251830606923],[2.371702,48.972529],[2.370480184809634,48.97273836200538],[2.370301396338049,48.97276899799128],[2.370184114200018,48.97278909466696],[2.370049688612753,48.972812128928396],[2.369887346119499,48.97283994684244],[2.369426,48.972919],[2.368894263747685,48.97303140747981],[2.368882,48.973034],[2.368817873692934,48.973055397426876],[2.368796443520771,48.973062548166766],[2.368760323179521,48.97307460066746],[2.368745907835621,48.97307941072563],[2.368725468927425,48.973086230704254],[2.367681050855738,48.97343472822955],[2.365966,48.974007],[2.365742,48.974028],[2.365878,48.974327],[2.365731,48.974793],[2.365722744307642,48.974813326853344],[2.365361,48.975704],[2.364987632095098,48.97664666726454],[2.364715,48.977335],[2.364580174880007,48.977683453841976],[2.364409073470745,48.97812566330137],[2.364354,48.978268],[2.364182282497495,48.978682928284265],[2.364097,48.978889],[2.364068,48.978962],[2.364234,48.979038],[2.364491431596899,48.97930571098358],[2.364669924489932,48.979491331196996],[2.364867707911585,48.979697012220555],[2.365182659168989,48.98002453965664],[2.365386,48.980236],[2.365600461253948,48.980540292194284],[2.365651,48.980612],[2.365828,48.980831],[2.365961,48.98114],[2.366117,48.981435],[2.366419,48.981918],[2.366663,48.982259],[2.366918725599415,48.982663164022064],[2.367011,48.982809],[2.367137,48.982959],[2.367221,48.983145],[2.367423,48.983389],[2.367651,48.983818],[2.367696838688489,48.98393415057507],[2.367887,48.984416],[2.367748,48.984547],[2.367697635641136,48.984649950674736],[2.36768,48.984686],[2.367583,48.985132],[2.367520669377898,48.985631589380176],[2.367517,48.985661],[2.36747,48.986172],[2.367538,48.986414],[2.367765,48.986817],[2.367896,48.987098],[2.367976258707879,48.98740975321224],[2.368026878035552,48.987606376587074],[2.368043,48.987669],[2.368118,48.987887],[2.36804713659567,48.987915264987365],[2.3666055730039,48.9884902553803],[2.366531,48.98852],[2.365996,48.988775],[2.366454618275877,48.98924439344829],[2.366677,48.989472],[2.366254142949584,48.98963179251575],[2.366071,48.989701],[2.366502470063027,48.99010354007796],[2.366593,48.990188],[2.36663,48.99024],[2.366563485276602,48.990269478649466],[2.366097522186404,48.990475988755776],[2.365731335122697,48.9906382791411],[2.365550878710889,48.990718255588966],[2.365213,48.990868],[2.365376230691147,48.99103453942137],[2.365509,48.99117],[2.365688498563246,48.99132439829412],[2.36580346940683,48.991423292133724],[2.366072595248709,48.99165478463226],[2.366283790356596,48.99183644716925],[2.36636,48.991902],[2.366522,48.992076],[2.365235,48.993129],[2.365445184410127,48.993210330841556],[2.365894,48.993384],[2.366926373714792,48.99377435737415],[2.367169244602477,48.99386619082615],[2.367338,48.99393],[2.36754,48.99402],[2.367685979929099,48.994073665471404],[2.368133,48.994238],[2.368318233597851,48.99431477275683],[2.368852,48.994536],[2.368899,48.994522],[2.369208763560365,48.99465378807539],[2.369389491960009,48.99473067848796],[2.369476346290933,48.99476763042994],[2.369699742523164,48.994862673757375],[2.369905,48.99495],[2.369916748108177,48.99506819308833],[2.369938,48.995282],[2.369911757987126,48.995389154885906],[2.369866,48.995576],[2.369623845136613,48.996067603547964],[2.369534,48.99625],[2.368833475113668,48.99694912802714],[2.368652892462467,48.99712935059329],[2.368531,48.997251],[2.368305,48.997744],[2.368274,48.9979],[2.368288,48.998295],[2.368448,48.998879],[2.36854,48.999083],[2.36854,48.999214],[2.368473,48.99942],[2.368461018315686,48.999445339643174],[2.368177,49.000046],[2.368053,49.00022],[2.367649,49.000663],[2.367604472200447,49.000717146668876],[2.367386568705578,49.000982121549775],[2.367291194286938,49.00109809869477],[2.367237,49.001164],[2.367111966715284,49.00137854574991],[2.367061,49.001466],[2.367050878700462,49.00149778088055],[2.367004414147042,49.00164367957829],[2.366961,49.00178],[2.366957719326297,49.00183400493635],[2.366955577349557,49.001869265168814],[2.366951154545454,49.00194207132868],[2.366948,49.001994],[2.366991940417555,49.00228267832464],[2.367034,49.002559],[2.36711,49.002933],[2.367101,49.003345],[2.367003,49.003607],[2.3665,49.004774],[2.366459,49.004942],[2.366346214033172,49.00521303604432],[2.36633,49.005252],[2.366169,49.005476],[2.366023,49.005763],[2.365884,49.005964],[2.365727,49.006119],[2.365557904392208,49.006245728796166],[2.365272,49.00646],[2.365023,49.00683],[2.364587,49.007981],[2.36441872160082,49.008343751077476],[2.364375,49.008438],[2.363966,49.009177],[2.363724,49.00945],[2.363374,49.009561],[2.364092,49.01043],[2.364142315519957,49.010480456066105],[2.36416383897636,49.01050203964389],[2.36445,49.010789],[2.364961661947355,49.01124372395626],[2.365106,49.011372],[2.365241831550799,49.01141972459893],[2.365291,49.011437],[2.365370162465539,49.01145262017998],[2.365519055861763,49.01148199952828],[2.365813,49.01154],[2.365890845537448,49.01156782563891],[2.366048,49.011624],[2.366213407982018,49.01172591163575],[2.366390371361982,49.011834942816115],[2.36648918152559,49.01189582201481],[2.366569,49.011945],[2.366721484945092,49.01202466560397],[2.366814,49.012073],[2.367214662282719,49.01231748427087],[2.367363,49.012408],[2.367788,49.012587],[2.36788,49.012505],[2.367928438317447,49.01241738363168],[2.368016,49.012259],[2.368835876825299,49.01223854399139],[2.369018,49.012234],[2.369258,49.01219],[2.369436,49.012066],[2.369569760620655,49.012011192639676],[2.369747401498862,49.011938405689584],[2.369785,49.011923],[2.369809079919143,49.01192091257667],[2.370108,49.011895],[2.370451,49.011961],[2.371353,49.012246],[2.371442113937285,49.01222961381002],[2.37175,49.012173],[2.372524,49.012174],[2.372717,49.012232],[2.37328,49.012544],[2.37395,49.01263],[2.374284053282302,49.012611053694435],[2.374285,49.012611],[2.374408436783399,49.01265405934304],[2.374586,49.012716],[2.374601007959171,49.012715429449486],[2.375052039848367,49.01269828278262],[2.37574395391617,49.01267197861145],[2.376401,49.012647],[2.376516570076098,49.01264771931583],[2.376883,49.01265],[2.376884255149217,49.012650226082776],[2.377044,49.012679],[2.377507073543434,49.01289309633956],[2.377814,49.013035],[2.378119,49.013233],[2.378251658022585,49.01329564406622],[2.378551,49.013437],[2.378892238745705,49.01350600154756],[2.379728,49.013675],[2.379859,49.013729],[2.379845,49.013355],[2.379579,49.012974],[2.379367,49.011859],[2.379438,49.011742],[2.37941669220903,49.01138031390713],[2.379399,49.01108],[2.37946,49.010667],[2.379407,49.010092],[2.379839,49.009967],[2.379576,49.009603],[2.379341606241566,49.009253048479536],[2.37929,49.009176],[2.379084,49.008798],[2.379060762052076,49.008703886310904],[2.379024,49.008555],[2.379024651855213,49.00854272811708],[2.379040322722124,49.00824770701392],[2.379047,49.008122],[2.379037,49.007903],[2.378931542902214,49.00755649810727],[2.378918474273371,49.00751355832679],[2.378883,49.007397],[2.378903814159291,49.007327619469024],[2.37891,49.007307],[2.378871639725692,49.00701107788391],[2.378854,49.006875],[2.378999060859193,49.00679880071599],[2.379250171191127,49.006666894510495],[2.379384960707752,49.006596090678805],[2.379473018365472,49.006549834710746],[2.379793797588141,49.00638133200623],[2.380396,49.006065],[2.380779,49.00587],[2.380623,49.005763],[2.381126863089678,49.0055174410912],[2.381216,49.005474],[2.380918,49.005158],[2.380465,49.004715],[2.380858,49.004648],[2.380670094364345,49.00445752031454],[2.380566,49.004352],[2.381076663943354,49.004158809062396],[2.381396,49.004038],[2.381842771144291,49.00389714178623],[2.381913,49.003875],[2.382066,49.00387],[2.382592,49.003672],[2.382564524028581,49.00360959694627],[2.382539065399036,49.00355177565205],[2.382533,49.003538],[2.382386594525594,49.00333729845561],[2.382231,49.003124],[2.382212990963978,49.003101124886065],[2.382176505039367,49.00305478039091],[2.381835,49.002621],[2.38177456721733,49.00251384607442],[2.381716,49.00241],[2.382147738583071,49.00224256051474],[2.382778736035808,49.00199784324177],[2.382866,49.001964],[2.38304,49.001841],[2.383300991150617,49.00175007531773],[2.38391515738879,49.00153611070654],[2.384211758901172,49.00143278000659],[2.384369,49.001378],[2.384506143626614,49.00132098743522],[2.38631374970254,49.00056953976651],[2.386469,49.000505],[2.386332,49.000381],[2.387336638107755,48.999968988436265],[2.387665686317482,48.999834042661874],[2.388066910234462,48.99966949694918],[2.388251,48.999594],[2.388211,48.999486],[2.3886,48.999391],[2.38977,48.999129],[2.389865,48.999089],[2.391499908178901,48.99869260326835],[2.391655,48.998655],[2.391619,48.998544],[2.392188034461378,48.99840920852598],[2.393105,48.998192],[2.394202,48.997981],[2.393989,48.997757],[2.393636,48.997278],[2.39397,48.997132],[2.396434,48.996229],[2.397058,48.995995],[2.396786,48.995684],[2.397885,48.995295],[2.398872,48.994996],[2.399979,48.994579],[2.400211047231712,48.994496865296405],[2.400674,48.994333],[2.402349,48.993719],[2.402686,48.994305],[2.403654,48.993885],[2.404638,48.99345],[2.405537856509562,48.99302861316694],[2.405675875065526,48.99296398152669],[2.405869722220124,48.992873206344534],[2.406041,48.992793],[2.406149,48.992897],[2.408183,48.99189],[2.407683,48.991269],[2.407127,48.99054],[2.406294,48.989528],[2.405722,48.989814],[2.404809,48.988914],[2.404596,48.989015],[2.404047493438536,48.98847367687339],[2.403692498030568,48.98812333061015],[2.403559434059319,48.98799200929147],[2.403527,48.98796],[2.403336,48.988033],[2.403311275947284,48.98799972405272],[2.403213673345338,48.98786836132373],[2.403096872083435,48.98771115923886],[2.403000708202158,48.987581732874986],[2.402894514109761,48.98743880691295],[2.402816525693165,48.98733384279283],[2.402721026992201,48.98720531169096],[2.402651762887557,48.9871120895675],[2.402598120055896,48.98703989201726],[2.402526929655684,48.986944077304706],[2.402447913240253,48.986837729607416],[2.402374839136607,48.98673937963024],[2.402301,48.98664],[2.402300259971339,48.986638852448706],[2.402222163261501,48.98651774905756],[2.402156072237949,48.98641526270323],[2.402087174150899,48.98630842347784],[2.402021332960468,48.986206324535964],[2.401936,48.986074],[2.401935801816396,48.98607362444207],[2.401882427872733,48.98597248081883],[2.401814963081629,48.98584463503969],[2.401759373789079,48.985739293330305],[2.401736,48.985695],[2.401684752367178,48.98561490378476],[2.401612626502016,48.98550217645468],[2.401403059459886,48.98517463884972],[2.401384104467605,48.98514501361518],[2.401284496175579,48.98498933330843],[2.401240146086173,48.984920017437396],[2.401148,48.984776],[2.401626539986562,48.984757325268816],[2.401763,48.984752],[2.401753782289593,48.98470374956228],[2.401454890376839,48.9831391890602],[2.401375,48.982721],[2.400615119593432,48.982656155591094],[2.399372485722769,48.98255011540618],[2.398211,48.982451],[2.397869,48.982186],[2.397154081937888,48.98158040887933],[2.39662,48.981128],[2.393881113726374,48.97924690451338],[2.393847730363923,48.97922397647396],[2.392777331660735,48.97848881554785],[2.392557052023266,48.978337525209206],[2.39174161028025,48.97777747136646],[2.3915059905245,48.97761564527555],[2.390614906032046,48.977003639208306],[2.390601039075889,48.97699411523906],[2.390490070314431,48.97691790074328],[2.389403018833995,48.97617130251711],[2.388826,48.975775],[2.388743,48.975827],[2.388689763711506,48.9757897679402],[2.388479949251283,48.97564302922585],[2.388264,48.975492],[2.38836,48.975427],[2.387801499999893,48.97504377023654],[2.387788000000333,48.975034506849546],[2.387774499999708,48.97502524346182],[2.38776100000015,48.97501598007482],[2.387747000000202,48.97500637359914],[2.387600069479011,48.97490555327887],[2.387557,48.974876],[2.38681415305742,48.9743177571684],[2.386160895849822,48.973826840221136],[2.385545,48.973364],[2.384922392934186,48.972944881188376],[2.38442348324729,48.97260903142605],[2.384058,48.972363],[2.383623011607413,48.97205410746441],[2.38303,48.971633],[2.382983950037579,48.97160125758108],[2.382902784510494,48.971545309866315],[2.382853197212233,48.97151112914799],[2.382615695252684,48.97134741811985],[2.382441,48.971227],[2.382278,48.971236],[2.381813469422016,48.97129501287837],[2.381226282942228,48.97136960767569],[2.381063372027927,48.971390303497294],[2.380595532577129,48.97144973672713],[2.380026599425519,48.97152201266432],[2.379542541051691,48.971583506308214],[2.379231874065126,48.97162297271573],[2.378874187960203,48.97166841232209],[2.37872,48.971688],[2.378426052638769,48.97172589702119],[2.378142992374841,48.97176239042863],[2.377288388481503,48.97187256982169],[2.376305911718719,48.971999235162514],[2.375726,48.972074],[2.375615534074297,48.972084218704325],[2.375259768605517,48.97211712896249],[2.375093072032203,48.97213254931029]]]}}]}
